dt_sin_pri,notified,probable,lab_confirmed,acum_notified,acum_probable,acum_lab_confirmed
2010-01-07,1.5714285714285714,0.8571428571428571,0.2857142857142857,4.714285714285714,2.7142857142857144,1.1428571428571428
2010-01-08,1.8571428571428572,1.0,0.14285714285714285,6.571428571428571,3.7142857142857144,1.2857142857142858
2010-01-09,1.8571428571428572,1.0,0.14285714285714285,8.428571428571429,4.714285714285714,1.4285714285714286
2010-01-10,2.0,1.1428571428571428,0.14285714285714285,10.428571428571429,5.857142857142857,1.5714285714285714
2010-01-11,1.7142857142857142,0.8571428571428571,0.14285714285714285,12.142857142857142,6.714285714285714,1.7142857142857142
2010-01-12,2.4285714285714284,1.2857142857142858,0.5714285714285714,14.571428571428571,8.0,2.2857142857142856
2010-01-13,2.4285714285714284,1.4285714285714286,0.8571428571428571,17.0,9.428571428571429,3.142857142857143
2010-01-14,3.0,1.5714285714285714,1.0,20.0,11.0,4.142857142857143
2010-01-15,2.7142857142857144,1.2857142857142858,1.0,22.714285714285715,12.285714285714286,5.142857142857143
2010-01-16,3.2857142857142856,1.8571428571428572,1.4285714285714286,26.0,14.142857142857142,6.571428571428571
2010-01-17,3.857142857142857,2.0,1.7142857142857142,29.857142857142858,16.142857142857142,8.285714285714286
2010-01-18,4.857142857142857,2.142857142857143,1.7142857142857142,34.714285714285715,18.285714285714285,10.0
2010-01-19,4.428571428571429,2.0,1.5714285714285714,39.142857142857146,20.285714285714285,11.571428571428571
2010-01-20,4.571428571428571,2.0,1.4285714285714286,43.714285714285715,22.285714285714285,13.0
2010-01-21,4.714285714285714,2.4285714285714284,2.0,48.42857142857143,24.714285714285715,15.0
2010-01-22,4.857142857142857,2.7142857142857144,2.2857142857142856,53.285714285714285,27.428571428571427,17.285714285714285
2010-01-23,4.571428571428571,2.4285714285714284,2.0,57.857142857142854,29.857142857142858,19.285714285714285
2010-01-24,4.0,2.2857142857142856,1.7142857142857142,61.857142857142854,32.142857142857146,21.0
2010-01-25,3.2857142857142856,2.142857142857143,1.7142857142857142,65.14285714285714,34.285714285714285,22.714285714285715
2010-01-26,3.5714285714285716,2.4285714285714284,1.8571428571428572,68.71428571428571,36.714285714285715,24.571428571428573
2010-01-27,3.4285714285714284,2.7142857142857144,2.142857142857143,72.14285714285714,39.42857142857143,26.714285714285715
2010-01-28,3.2857142857142856,2.7142857142857144,1.5714285714285714,75.42857142857143,42.142857142857146,28.285714285714285
2010-01-29,3.142857142857143,2.4285714285714284,1.2857142857142858,78.57142857142857,44.57142857142857,29.571428571428573
2010-01-30,3.7142857142857144,2.7142857142857144,1.7142857142857142,82.28571428571429,47.285714285714285,31.285714285714285
2010-01-31,4.285714285714286,3.4285714285714284,2.142857142857143,86.57142857142857,50.714285714285715,33.42857142857143
2010-02-01,5.285714285714286,4.714285714285714,2.857142857142857,91.85714285714286,55.42857142857143,36.285714285714285
2010-02-02,5.285714285714286,4.857142857142857,2.857142857142857,97.14285714285714,60.285714285714285,39.142857142857146
2010-02-03,6.285714285714286,5.428571428571429,2.857142857142857,103.42857142857143,65.71428571428571,42.0
2010-02-04,6.0,4.714285714285714,2.7142857142857144,109.42857142857143,70.42857142857143,44.714285714285715
2010-02-05,6.857142857142857,5.714285714285714,3.4285714285714284,116.28571428571429,76.14285714285714,48.142857142857146
2010-02-06,6.857142857142857,5.857142857142857,3.142857142857143,123.14285714285714,82.0,51.285714285714285
2010-02-07,6.857142857142857,5.714285714285714,3.142857142857143,130.0,87.71428571428571,54.42857142857143
2010-02-08,7.142857142857143,5.428571428571429,3.0,137.14285714285714,93.14285714285714,57.42857142857143
2010-02-09,7.857142857142857,6.142857142857143,3.5714285714285716,145.0,99.28571428571429,61.0
2010-02-10,8.428571428571429,7.142857142857143,5.0,153.42857142857142,106.42857142857143,66.0
2010-02-11,10.285714285714286,9.285714285714286,6.428571428571429,163.71428571428572,115.71428571428571,72.42857142857143
2010-02-12,11.428571428571429,10.0,7.0,175.14285714285714,125.71428571428571,79.42857142857143
2010-02-13,12.285714285714286,10.857142857142858,7.714285714285714,187.42857142857142,136.57142857142858,87.14285714285714
2010-02-14,13.285714285714286,12.0,8.714285714285714,200.71428571428572,148.57142857142858,95.85714285714286
2010-02-15,14.142857142857142,12.714285714285714,9.571428571428571,214.85714285714286,161.28571428571428,105.42857142857143
2010-02-16,14.142857142857142,12.571428571428571,9.428571428571429,229.0,173.85714285714286,114.85714285714286
2010-02-17,13.857142857142858,11.857142857142858,8.571428571428571,242.85714285714286,185.71428571428572,123.42857142857143
2010-02-18,13.428571428571429,11.142857142857142,7.714285714285714,256.2857142857143,196.85714285714286,131.14285714285714
2010-02-19,14.0,11.142857142857142,7.714285714285714,270.2857142857143,208.0,138.85714285714286
2010-02-20,14.0,10.714285714285714,7.571428571428571,284.2857142857143,218.71428571428572,146.42857142857142
2010-02-21,15.428571428571429,11.714285714285714,8.142857142857142,299.7142857142857,230.42857142857142,154.57142857142858
2010-02-22,15.142857142857142,11.571428571428571,7.857142857142857,314.85714285714283,242.0,162.42857142857142
2010-02-23,17.428571428571427,13.142857142857142,9.285714285714286,332.2857142857143,255.14285714285714,171.71428571428572
2010-02-24,19.0,14.428571428571429,10.571428571428571,351.2857142857143,269.57142857142856,182.28571428571428
2010-02-25,20.0,15.0,11.285714285714286,371.2857142857143,284.57142857142856,193.57142857142858
2010-02-26,21.0,16.142857142857142,12.0,392.2857142857143,300.7142857142857,205.57142857142858
2010-02-27,23.714285714285715,18.142857142857142,12.857142857142858,416.0,318.85714285714283,218.42857142857142
2010-02-28,26.142857142857142,20.285714285714285,13.571428571428571,442.14285714285717,339.14285714285717,232.0
2010-03-01,29.857142857142858,23.0,14.857142857142858,472.0,362.14285714285717,246.85714285714286
2010-03-02,32.0,25.571428571428573,15.571428571428571,504.0,387.7142857142857,262.42857142857144
2010-03-03,35.857142857142854,28.857142857142858,16.428571428571427,539.8571428571429,416.57142857142856,278.85714285714283
2010-03-04,40.0,31.857142857142858,18.571428571428573,579.8571428571429,448.42857142857144,297.42857142857144
2010-03-05,44.0,35.142857142857146,21.142857142857142,623.8571428571429,483.57142857142856,318.57142857142856
2010-03-06,47.285714285714285,38.714285714285715,23.0,671.1428571428571,522.2857142857143,341.57142857142856
2010-03-07,51.57142857142857,41.285714285714285,24.0,722.7142857142857,563.5714285714286,365.57142857142856
2010-03-08,58.57142857142857,47.285714285714285,27.857142857142858,781.2857142857143,610.8571428571429,393.42857142857144
2010-03-09,61.142857142857146,47.857142857142854,27.285714285714285,842.4285714285714,658.7142857142857,420.7142857142857
2010-03-10,65.85714285714286,51.714285714285715,29.714285714285715,908.2857142857143,710.4285714285714,450.42857142857144
2010-03-11,67.14285714285714,53.285714285714285,29.714285714285715,975.4285714285714,763.7142857142857,480.14285714285717
2010-03-12,70.85714285714286,56.857142857142854,29.285714285714285,1046.2857142857142,820.5714285714286,509.42857142857144
2010-03-13,71.57142857142857,58.0,30.285714285714285,1117.857142857143,878.5714285714286,539.7142857142857
2010-03-14,72.57142857142857,58.857142857142854,31.571428571428573,1190.4285714285713,937.4285714285714,571.2857142857143
2010-03-15,75.0,60.857142857142854,31.714285714285715,1265.4285714285713,998.2857142857143,603.0
2010-03-16,80.0,66.57142857142857,35.857142857142854,1345.4285714285713,1064.857142857143,638.8571428571429
2010-03-17,81.57142857142857,68.71428571428571,37.285714285714285,1427.0,1133.5714285714287,676.1428571428571
2010-03-18,83.71428571428571,71.0,39.285714285714285,1510.7142857142858,1204.5714285714287,715.4285714285714
2010-03-19,81.71428571428571,69.71428571428571,40.285714285714285,1592.4285714285713,1274.2857142857142,755.7142857142857
2010-03-20,84.85714285714286,71.85714285714286,42.57142857142857,1677.2857142857142,1346.142857142857,798.2857142857143
2010-03-21,88.71428571428571,76.42857142857143,45.0,1766.0,1422.5714285714287,843.2857142857143
2010-03-22,90.28571428571429,78.0,46.142857142857146,1856.2857142857142,1500.5714285714287,889.4285714285714
2010-03-23,93.85714285714286,81.0,49.0,1950.142857142857,1581.5714285714287,938.4285714285714
2010-03-24,101.57142857142857,87.42857142857143,51.857142857142854,2051.714285714286,1669.0,990.2857142857143
2010-03-25,108.42857142857143,94.28571428571429,54.57142857142857,2160.1428571428573,1763.2857142857142,1044.857142857143
2010-03-26,116.42857142857143,100.85714285714286,58.0,2276.5714285714284,1864.142857142857,1102.857142857143
2010-03-27,120.28571428571429,104.28571428571429,59.57142857142857,2396.8571428571427,1968.4285714285713,1162.4285714285713
2010-03-28,123.0,106.71428571428571,60.142857142857146,2519.8571428571427,2075.1428571428573,1222.5714285714287
2010-03-29,124.57142857142857,108.42857142857143,59.42857142857143,2644.4285714285716,2183.5714285714284,1282.0
2010-03-30,123.85714285714286,107.14285714285714,57.57142857142857,2768.285714285714,2290.714285714286,1339.5714285714287
2010-03-31,117.28571428571429,101.71428571428571,55.285714285714285,2885.5714285714284,2392.4285714285716,1394.857142857143
2010-04-01,116.0,100.14285714285714,57.285714285714285,3001.5714285714284,2492.5714285714284,1452.142857142857
2010-04-02,113.42857142857143,98.0,57.0,3115.0,2590.5714285714284,1509.142857142857
2010-04-03,115.28571428571429,100.42857142857143,58.42857142857143,3230.285714285714,2691.0,1567.5714285714287
2010-04-04,112.57142857142857,97.85714285714286,57.857142857142854,3342.8571428571427,2788.8571428571427,1625.4285714285713
2010-04-05,114.85714285714286,101.0,62.285714285714285,3457.714285714286,2889.8571428571427,1687.7142857142858
2010-04-06,117.71428571428571,104.0,66.14285714285714,3575.4285714285716,2993.8571428571427,1753.857142857143
2010-04-07,123.57142857142857,109.71428571428571,70.42857142857143,3699.0,3103.5714285714284,1824.2857142857142
2010-04-08,124.71428571428571,111.0,69.71428571428571,3823.714285714286,3214.5714285714284,1894.0
2010-04-09,125.28571428571429,112.14285714285714,70.0,3949.0,3326.714285714286,1964.0
2010-04-10,127.14285714285714,112.85714285714286,68.14285714285714,4076.1428571428573,3439.5714285714284,2032.142857142857
2010-04-11,128.71428571428572,114.14285714285714,67.14285714285714,4204.857142857143,3553.714285714286,2099.285714285714
2010-04-12,125.57142857142857,111.14285714285714,63.285714285714285,4330.428571428572,3664.8571428571427,2162.5714285714284
2010-04-13,125.42857142857143,110.71428571428571,58.42857142857143,4455.857142857143,3775.5714285714284,2221.0
2010-04-14,123.0,107.42857142857143,51.57142857142857,4578.857142857143,3883.0,2272.5714285714284
2010-04-15,121.71428571428571,106.71428571428571,47.285714285714285,4700.571428571428,3989.714285714286,2319.8571428571427
2010-04-16,122.28571428571429,107.85714285714286,41.285714285714285,4822.857142857143,4097.571428571428,2361.1428571428573
2010-04-17,116.0,103.14285714285714,36.142857142857146,4938.857142857143,4200.714285714285,2397.285714285714
2010-04-18,114.85714285714286,102.85714285714286,33.142857142857146,5053.714285714285,4303.571428571428,2430.4285714285716
2010-04-19,115.14285714285714,103.42857142857143,28.857142857142858,5168.857142857143,4407.0,2459.285714285714
2010-04-20,110.85714285714286,101.28571428571429,26.571428571428573,5279.714285714285,4508.285714285715,2485.8571428571427
2010-04-21,105.42857142857143,98.14285714285714,24.142857142857142,5385.142857142857,4606.428571428572,2510.0
2010-04-22,104.14285714285714,97.57142857142857,22.142857142857142,5489.285714285715,4704.0,2532.1428571428573
2010-04-23,108.28571428571429,102.0,23.428571428571427,5597.571428571428,4806.0,2555.5714285714284
2010-04-24,112.42857142857143,106.71428571428571,23.714285714285715,5710.0,4912.714285714285,2579.285714285714
2010-04-25,115.57142857142857,110.42857142857143,24.142857142857142,5825.571428571428,5023.142857142857,2603.4285714285716
2010-04-26,118.42857142857143,113.71428571428571,25.428571428571427,5944.0,5136.857142857143,2628.8571428571427
2010-04-27,118.0,113.85714285714286,23.142857142857142,6062.0,5250.714285714285,2652.0
2010-04-28,120.28571428571429,115.85714285714286,22.571428571428573,6182.285714285715,5366.571428571428,2674.5714285714284
2010-04-29,118.0,113.28571428571429,21.428571428571427,6300.285714285715,5479.857142857143,2696.0
2010-04-30,107.85714285714286,103.42857142857143,19.142857142857142,6408.142857142857,5583.285714285715,2715.1428571428573
2010-05-01,103.57142857142857,98.57142857142857,17.714285714285715,6511.714285714285,5681.857142857143,2732.8571428571427
2010-05-02,100.42857142857143,96.14285714285714,16.0,6612.142857142857,5778.0,2748.8571428571427
2010-05-03,96.42857142857143,92.85714285714286,13.571428571428571,6708.571428571428,5870.857142857143,2762.4285714285716
2010-05-04,96.42857142857143,92.57142857142857,13.571428571428571,6805.0,5963.428571428572,2776.0
2010-05-05,96.28571428571429,92.85714285714286,13.714285714285714,6901.285714285715,6056.285714285715,2789.714285714286
2010-05-06,95.57142857142857,91.71428571428571,12.714285714285714,6996.857142857143,6148.0,2802.4285714285716
2010-05-07,98.14285714285714,94.28571428571429,12.142857142857142,7095.0,6242.285714285715,2814.5714285714284
2010-05-08,96.57142857142857,93.14285714285714,11.428571428571429,7191.571428571428,6335.428571428572,2826.0
2010-05-09,93.42857142857143,90.0,9.857142857142858,7285.0,6425.428571428572,2835.8571428571427
2010-05-10,89.42857142857143,86.14285714285714,9.857142857142858,7374.428571428572,6511.571428571428,2845.714285714286
2010-05-11,86.14285714285714,82.71428571428571,9.428571428571429,7460.571428571428,6594.285714285715,2855.1428571428573
2010-05-12,82.42857142857143,79.0,8.428571428571429,7543.0,6673.285714285715,2863.5714285714284
2010-05-13,78.57142857142857,75.85714285714286,8.428571428571429,7621.571428571428,6749.142857142857,2872.0
2010-05-14,71.28571428571429,68.57142857142857,8.0,7692.857142857143,6817.714285714285,2880.0
2010-05-15,65.57142857142857,63.42857142857143,7.142857142857143,7758.428571428572,6881.142857142857,2887.1428571428573
2010-05-16,59.57142857142857,57.42857142857143,7.285714285714286,7818.0,6938.571428571428,2894.4285714285716
2010-05-17,52.57142857142857,50.57142857142857,5.428571428571429,7870.571428571428,6989.142857142857,2899.8571428571427
2010-05-18,45.857142857142854,44.42857142857143,4.142857142857143,7916.428571428572,7033.571428571428,2904.0
2010-05-19,38.714285714285715,37.285714285714285,3.0,7955.142857142857,7070.857142857143,2907.0
2010-05-20,35.42857142857143,34.0,2.4285714285714284,7990.571428571428,7104.857142857143,2909.4285714285716
2010-05-21,33.285714285714285,32.142857142857146,1.8571428571428572,8023.857142857143,7137.0,2911.285714285714
2010-05-22,31.571428571428573,30.285714285714285,2.142857142857143,8055.428571428572,7167.285714285715,2913.4285714285716
2010-05-23,29.285714285714285,27.714285714285715,1.5714285714285714,8084.714285714285,7195.0,2915.0
2010-05-24,25.142857142857142,23.714285714285715,1.4285714285714286,8109.857142857143,7218.714285714285,2916.4285714285716
2010-05-25,22.714285714285715,21.285714285714285,1.1428571428571428,8132.571428571428,7240.0,2917.5714285714284
2010-05-26,20.571428571428573,19.142857142857142,1.2857142857142858,8153.142857142857,7259.142857142857,2918.8571428571427
2010-05-27,17.571428571428573,16.571428571428573,0.7142857142857143,8170.714285714285,7275.714285714285,2919.5714285714284
2010-05-28,18.285714285714285,17.0,1.2857142857142858,8189.0,7292.714285714285,2920.8571428571427
2010-05-29,15.714285714285714,14.571428571428571,0.8571428571428571,8204.714285714286,7307.285714285715,2921.714285714286
2010-05-30,14.571428571428571,13.571428571428571,0.7142857142857143,8219.285714285714,7320.857142857143,2922.4285714285716
2010-05-31,13.857142857142858,12.857142857142858,0.7142857142857143,8233.142857142857,7333.714285714285,2923.1428571428573
2010-06-01,13.428571428571429,12.571428571428571,0.8571428571428571,8246.57142857143,7346.285714285715,2924.0
2010-06-02,12.428571428571429,11.714285714285714,0.7142857142857143,8259.0,7358.0,2924.714285714286
2010-06-03,11.428571428571429,10.714285714285714,0.7142857142857143,8270.42857142857,7368.714285714285,2925.4285714285716
2010-06-04,8.428571428571429,7.857142857142857,0.14285714285714285,8278.857142857143,7376.571428571428,2925.5714285714284
2010-06-05,8.571428571428571,7.857142857142857,0.2857142857142857,8287.42857142857,7384.428571428572,2925.8571428571427
2010-06-06,7.0,6.571428571428571,0.5714285714285714,8294.42857142857,7391.0,2926.4285714285716
2010-06-07,6.857142857142857,6.285714285714286,0.5714285714285714,8301.285714285714,7397.285714285715,2927.0
2010-06-08,6.714285714285714,6.142857142857143,0.5714285714285714,8308.0,7403.428571428572,2927.5714285714284
2010-06-09,7.571428571428571,7.0,0.8571428571428571,8315.57142857143,7410.428571428572,2928.4285714285716
2010-06-10,7.714285714285714,7.142857142857143,0.8571428571428571,8323.285714285714,7417.571428571428,2929.285714285714
2010-06-11,7.714285714285714,7.285714285714286,0.8571428571428571,8331.0,7424.857142857143,2930.1428571428573
2010-06-12,7.0,6.571428571428571,0.7142857142857143,8338.0,7431.428571428572,2930.8571428571427
2010-06-13,7.0,6.571428571428571,0.42857142857142855,8345.0,7438.0,2931.285714285714
2010-06-14,8.142857142857142,7.571428571428571,0.5714285714285714,8353.142857142857,7445.571428571428,2931.8571428571427
2010-06-15,8.571428571428571,8.0,0.7142857142857143,8361.714285714286,7453.571428571428,2932.5714285714284
2010-06-16,8.285714285714286,7.714285714285714,0.42857142857142855,8370.0,7461.285714285715,2933.0
2010-06-17,8.571428571428571,8.0,0.42857142857142855,8378.57142857143,7469.285714285715,2933.4285714285716
2010-06-18,8.285714285714286,7.714285714285714,0.5714285714285714,8386.857142857143,7477.0,2934.0
2010-06-19,9.142857142857142,8.571428571428571,0.7142857142857143,8396.0,7485.571428571428,2934.714285714286
2010-06-20,9.285714285714286,8.571428571428571,1.1428571428571428,8405.285714285714,7494.142857142857,2935.8571428571427
2010-06-21,8.428571428571429,8.0,1.4285714285714286,8413.714285714286,7502.142857142857,2937.285714285714
2010-06-22,7.857142857142857,7.285714285714286,1.1428571428571428,8421.57142857143,7509.428571428572,2938.4285714285716
2010-06-23,7.428571428571429,6.857142857142857,1.2857142857142858,8429.0,7516.285714285715,2939.714285714286
2010-06-24,7.857142857142857,7.285714285714286,1.2857142857142858,8436.857142857143,7523.571428571428,2941.0
2010-06-25,8.571428571428571,7.857142857142857,1.2857142857142858,8445.42857142857,7531.428571428572,2942.285714285714
2010-06-26,8.428571428571429,7.714285714285714,1.1428571428571428,8453.857142857143,7539.142857142857,2943.4285714285716
2010-06-27,8.0,7.142857142857143,0.8571428571428571,8461.857142857143,7546.285714285715,2944.285714285714
2010-06-28,9.0,7.714285714285714,0.7142857142857143,8470.857142857143,7554.0,2945.0
2010-06-29,8.428571428571429,7.142857142857143,0.8571428571428571,8479.285714285714,7561.142857142857,2945.8571428571427
2010-06-30,8.142857142857142,6.857142857142857,0.7142857142857143,8487.42857142857,7568.0,2946.5714285714284
2010-07-01,7.142857142857143,5.857142857142857,0.7142857142857143,8494.57142857143,7573.857142857143,2947.285714285714
2010-07-02,7.142857142857143,6.0,0.8571428571428571,8501.714285714286,7579.857142857143,2948.1428571428573
2010-07-03,6.285714285714286,5.285714285714286,1.0,8508.0,7585.142857142857,2949.1428571428573
2010-07-04,6.714285714285714,5.714285714285714,1.0,8514.714285714286,7590.857142857143,2950.1428571428573
2010-07-05,5.714285714285714,4.714285714285714,0.7142857142857143,8520.42857142857,7595.571428571428,2950.8571428571427
2010-07-06,6.428571428571429,5.142857142857143,1.0,8526.857142857143,7600.714285714285,2951.8571428571427
2010-07-07,7.0,5.571428571428571,1.1428571428571428,8533.857142857143,7606.285714285715,2953.0
2010-07-08,7.428571428571429,5.857142857142857,1.1428571428571428,8541.285714285714,7612.142857142857,2954.1428571428573
2010-07-09,6.285714285714286,4.714285714285714,1.0,8547.57142857143,7616.857142857143,2955.1428571428573
2010-07-10,6.428571428571429,4.714285714285714,1.0,8554.0,7621.571428571428,2956.1428571428573
2010-07-11,6.0,4.285714285714286,0.8571428571428571,8560.0,7625.857142857143,2957.0
2010-07-12,5.714285714285714,4.142857142857143,0.8571428571428571,8565.714285714286,7630.0,2957.8571428571427
2010-07-13,4.857142857142857,3.5714285714285716,0.42857142857142855,8570.57142857143,7633.571428571428,2958.285714285714
2010-07-14,3.7142857142857144,2.5714285714285716,0.2857142857142857,8574.285714285714,7636.142857142857,2958.5714285714284
2010-07-15,3.2857142857142856,2.2857142857142856,0.2857142857142857,8577.57142857143,7638.428571428572,2958.8571428571427
2010-07-16,3.5714285714285716,2.4285714285714284,0.14285714285714285,8581.142857142857,7640.857142857143,2959.0
2010-07-17,3.2857142857142856,2.2857142857142856,0.0,8584.42857142857,7643.142857142857,2959.0
2010-07-18,2.4285714285714284,1.7142857142857142,0.0,8586.857142857143,7644.857142857143,2959.0
2010-07-19,1.7142857142857142,1.2857142857142858,0.0,8588.57142857143,7646.142857142857,2959.0
2010-07-20,1.5714285714285714,1.0,0.0,8590.142857142857,7647.142857142857,2959.0
2010-07-21,1.5714285714285714,1.1428571428571428,0.0,8591.714285714286,7648.285714285715,2959.0
2010-07-22,1.7142857142857142,1.0,0.0,8593.42857142857,7649.285714285715,2959.0
2010-07-23,1.4285714285714286,0.8571428571428571,0.0,8594.857142857143,7650.142857142857,2959.0
2010-07-24,2.0,1.0,0.0,8596.857142857143,7651.142857142857,2959.0
2010-07-25,2.4285714285714284,1.4285714285714286,0.0,8599.285714285714,7652.571428571428,2959.0
2010-07-26,2.7142857142857144,1.7142857142857142,0.0,8602.0,7654.285714285715,2959.0
2010-07-27,2.4285714285714284,1.7142857142857142,0.0,8604.42857142857,7656.0,2959.0
2010-07-28,2.4285714285714284,1.5714285714285714,0.0,8606.857142857143,7657.571428571428,2959.0
2010-07-29,2.142857142857143,1.4285714285714286,0.0,8609.0,7659.0,2959.0
2010-07-30,2.142857142857143,1.2857142857142858,0.0,8611.142857142857,7660.285714285715,2959.0
2010-07-31,1.2857142857142858,0.8571428571428571,0.0,8612.42857142857,7661.142857142857,2959.0
2010-08-01,0.8571428571428571,0.42857142857142855,0.0,8613.285714285714,7661.571428571428,2959.0
2010-08-02,0.8571428571428571,0.2857142857142857,0.0,8614.142857142857,7661.857142857143,2959.0
2010-08-03,0.8571428571428571,0.2857142857142857,0.0,8615.0,7662.142857142857,2959.0
2010-08-04,0.7142857142857143,0.2857142857142857,0.0,8615.714285714286,7662.428571428572,2959.0
2010-08-05,0.5714285714285714,0.2857142857142857,0.0,8616.285714285714,7662.714285714285,2959.0
2010-08-06,0.7142857142857143,0.2857142857142857,0.0,8617.0,7663.0,2959.0
2010-08-07,0.7142857142857143,0.2857142857142857,0.0,8617.714285714286,7663.285714285715,2959.0
2010-08-08,0.7142857142857143,0.2857142857142857,0.0,8618.42857142857,7663.571428571428,2959.0
2010-08-09,0.7142857142857143,0.2857142857142857,0.0,8619.142857142857,7663.857142857143,2959.0
2010-08-10,0.7142857142857143,0.2857142857142857,0.0,8619.857142857143,7664.142857142857,2959.0
2010-08-11,0.8571428571428571,0.2857142857142857,0.0,8620.714285714286,7664.428571428572,2959.0
2010-08-12,0.8571428571428571,0.2857142857142857,0.0,8621.57142857143,7664.714285714285,2959.0
2010-08-13,0.5714285714285714,0.2857142857142857,0.0,8622.142857142857,7665.0,2959.0
2010-08-14,0.5714285714285714,0.2857142857142857,0.0,8622.714285714286,7665.285714285715,2959.0
2010-08-15,0.7142857142857143,0.42857142857142855,0.0,8623.42857142857,7665.714285714285,2959.0
2010-08-16,0.5714285714285714,0.42857142857142855,0.0,8624.0,7666.142857142857,2959.0
2010-08-17,0.7142857142857143,0.42857142857142855,0.0,8624.714285714286,7666.571428571428,2959.0
2010-08-18,0.5714285714285714,0.42857142857142855,0.0,8625.285714285714,7667.0,2959.0
2010-08-19,0.7142857142857143,0.5714285714285714,0.0,8626.0,7667.571428571428,2959.0
2010-08-20,0.8571428571428571,0.5714285714285714,0.0,8626.857142857143,7668.142857142857,2959.0
2010-08-21,1.1428571428571428,0.8571428571428571,0.0,8628.0,7669.0,2959.0
2010-08-22,1.0,0.7142857142857143,0.0,8629.0,7669.714285714285,2959.0
2010-08-23,1.1428571428571428,0.5714285714285714,0.0,8630.142857142857,7670.285714285715,2959.0
2010-08-24,1.0,0.5714285714285714,0.0,8631.142857142857,7670.857142857143,2959.0
2010-08-25,1.4285714285714286,0.8571428571428571,0.0,8632.57142857143,7671.714285714285,2959.0
2010-08-26,1.1428571428571428,0.5714285714285714,0.0,8633.714285714286,7672.285714285715,2959.0
2010-08-27,1.1428571428571428,0.5714285714285714,0.0,8634.857142857143,7672.857142857143,2959.0
2010-08-28,0.8571428571428571,0.2857142857142857,0.0,8635.714285714286,7673.142857142857,2959.0
2010-08-29,1.1428571428571428,0.5714285714285714,0.0,8636.857142857143,7673.714285714285,2959.0
2010-08-30,1.1428571428571428,0.7142857142857143,0.0,8638.0,7674.428571428572,2959.0
2010-08-31,1.2857142857142858,0.8571428571428571,0.14285714285714285,8639.285714285714,7675.285714285715,2959.1428571428573
2010-09-01,1.2857142857142858,0.8571428571428571,0.14285714285714285,8640.57142857143,7676.142857142857,2959.285714285714
2010-09-02,1.2857142857142858,0.8571428571428571,0.14285714285714285,8641.857142857143,7677.0,2959.4285714285716
2010-09-03,1.1428571428571428,0.8571428571428571,0.14285714285714285,8643.0,7677.857142857143,2959.5714285714284
2010-09-04,1.2857142857142858,1.0,0.14285714285714285,8644.285714285714,7678.857142857143,2959.714285714286
2010-09-05,1.0,0.7142857142857143,0.14285714285714285,8645.285714285714,7679.571428571428,2959.8571428571427
2010-09-06,1.1428571428571428,0.8571428571428571,0.14285714285714285,8646.42857142857,7680.428571428572,2960.0
2010-09-07,1.0,0.7142857142857143,0.0,8647.42857142857,7681.142857142857,2960.0
2010-09-08,1.0,0.7142857142857143,0.0,8648.42857142857,7681.857142857143,2960.0
2010-09-09,1.0,0.7142857142857143,0.0,8649.42857142857,7682.571428571428,2960.0
2010-09-10,1.0,0.7142857142857143,0.0,8650.42857142857,7683.285714285715,2960.0
2010-09-11,0.8571428571428571,0.5714285714285714,0.0,8651.285714285714,7683.857142857143,2960.0
2010-09-12,1.0,0.5714285714285714,0.0,8652.285714285714,7684.428571428572,2960.0
2010-09-13,0.8571428571428571,0.42857142857142855,0.0,8653.142857142857,7684.857142857143,2960.0
2010-09-14,0.8571428571428571,0.42857142857142855,0.0,8654.0,7685.285714285715,2960.0
2010-09-15,0.42857142857142855,0.14285714285714285,0.0,8654.42857142857,7685.428571428572,2960.0
2010-09-16,0.7142857142857143,0.42857142857142855,0.0,8655.142857142857,7685.857142857143,2960.0
2010-09-17,0.8571428571428571,0.42857142857142855,0.0,8656.0,7686.285714285715,2960.0
2010-09-18,1.1428571428571428,0.42857142857142855,0.0,8657.142857142857,7686.714285714285,2960.0
2010-09-19,1.1428571428571428,0.5714285714285714,0.0,8658.285714285714,7687.285714285715,2960.0
2010-09-20,1.1428571428571428,0.7142857142857143,0.0,8659.42857142857,7688.0,2960.0
2010-09-21,1.1428571428571428,0.7142857142857143,0.0,8660.57142857143,7688.714285714285,2960.0
2010-09-22,1.5714285714285714,1.0,0.0,8662.142857142857,7689.714285714285,2960.0
2010-09-23,1.2857142857142858,0.7142857142857143,0.0,8663.42857142857,7690.428571428572,2960.0
2010-09-24,1.4285714285714286,0.7142857142857143,0.0,8664.857142857143,7691.142857142857,2960.0
2010-09-25,1.1428571428571428,0.7142857142857143,0.0,8666.0,7691.857142857143,2960.0
2010-09-26,1.0,0.5714285714285714,0.0,8667.0,7692.428571428572,2960.0
2010-09-27,0.8571428571428571,0.42857142857142855,0.0,8667.857142857143,7692.857142857143,2960.0
2010-09-28,1.0,0.5714285714285714,0.0,8668.857142857143,7693.428571428572,2960.0
2010-09-29,0.7142857142857143,0.2857142857142857,0.0,8669.57142857143,7693.714285714285,2960.0
2010-09-30,1.0,0.5714285714285714,0.0,8670.57142857143,7694.285714285715,2960.0
2010-10-01,0.7142857142857143,0.5714285714285714,0.0,8671.285714285714,7694.857142857143,2960.0
2010-10-02,0.7142857142857143,0.5714285714285714,0.0,8672.0,7695.428571428572,2960.0
2010-10-03,0.8571428571428571,0.5714285714285714,0.0,8672.857142857143,7696.0,2960.0
2010-10-04,0.7142857142857143,0.42857142857142855,0.0,8673.57142857143,7696.428571428572,2960.0
2010-10-05,1.0,0.5714285714285714,0.0,8674.57142857143,7697.0,2960.0
2010-10-06,0.8571428571428571,0.5714285714285714,0.0,8675.42857142857,7697.571428571428,2960.0
2010-10-07,0.7142857142857143,0.42857142857142855,0.0,8676.142857142857,7698.0,2960.0
2010-10-08,0.7142857142857143,0.42857142857142855,0.0,8676.857142857143,7698.428571428572,2960.0
2010-10-09,0.8571428571428571,0.5714285714285714,0.0,8677.714285714286,7699.0,2960.0
2010-10-10,0.7142857142857143,0.5714285714285714,0.0,8678.42857142857,7699.571428571428,2960.0
2010-10-11,1.0,0.8571428571428571,0.14285714285714285,8679.42857142857,7700.428571428572,2960.1428571428573
2010-10-12,1.1428571428571428,0.8571428571428571,0.14285714285714285,8680.57142857143,7701.285714285715,2960.285714285714
2010-10-13,1.1428571428571428,0.8571428571428571,0.14285714285714285,8681.714285714286,7702.142857142857,2960.4285714285716
2010-10-14,1.4285714285714286,1.1428571428571428,0.14285714285714285,8683.142857142857,7703.285714285715,2960.5714285714284
2010-10-15,1.7142857142857142,1.2857142857142858,0.14285714285714285,8684.857142857143,7704.571428571428,2960.714285714286
2010-10-16,1.5714285714285714,1.1428571428571428,0.14285714285714285,8686.42857142857,7705.714285714285,2960.8571428571427
2010-10-17,1.7142857142857142,1.1428571428571428,0.14285714285714285,8688.142857142857,7706.857142857143,2961.0
2010-10-18,1.7142857142857142,1.0,0.0,8689.857142857143,7707.857142857143,2961.0
2010-10-19,1.2857142857142858,0.7142857142857143,0.0,8691.142857142857,7708.571428571428,2961.0
2010-10-20,1.5714285714285714,0.7142857142857143,0.0,8692.714285714286,7709.285714285715,2961.0
2010-10-21,1.5714285714285714,0.42857142857142855,0.0,8694.285714285714,7709.714285714285,2961.0
2010-10-22,2.0,0.7142857142857143,0.0,8696.285714285714,7710.428571428572,2961.0
2010-10-23,2.7142857142857144,1.4285714285714286,0.0,8699.0,7711.857142857143,2961.0
2010-10-24,3.4285714285714284,2.142857142857143,0.0,8702.42857142857,7714.0,2961.0
2010-10-25,4.142857142857143,3.0,0.0,8706.57142857143,7717.0,2961.0
2010-10-26,4.428571428571429,3.142857142857143,0.0,8711.0,7720.142857142857,2961.0
2010-10-27,4.571428571428571,3.5714285714285716,0.0,8715.57142857143,7723.714285714285,2961.0
2010-10-28,4.714285714285714,3.5714285714285716,0.14285714285714285,8720.285714285714,7727.285714285715,2961.1428571428573
2010-10-29,5.142857142857143,4.142857142857143,0.2857142857142857,8725.42857142857,7731.428571428572,2961.4285714285716
2010-10-30,5.142857142857143,3.5714285714285716,0.2857142857142857,8730.57142857143,7735.0,2961.714285714286
2010-10-31,4.857142857142857,3.0,0.2857142857142857,8735.42857142857,7738.0,2962.0
2010-11-01,4.142857142857143,2.142857142857143,0.2857142857142857,8739.57142857143,7740.142857142857,2962.285714285714
2010-11-02,4.571428571428571,2.5714285714285716,0.2857142857142857,8744.142857142857,7742.714285714285,2962.5714285714284
2010-11-03,4.714285714285714,2.5714285714285716,0.2857142857142857,8748.857142857143,7745.285714285715,2962.8571428571427
2010-11-04,4.428571428571429,2.7142857142857144,0.14285714285714285,8753.285714285714,7748.0,2963.0
2010-11-05,3.857142857142857,2.142857142857143,0.0,8757.142857142857,7750.142857142857,2963.0
2010-11-06,3.4285714285714284,2.142857142857143,0.0,8760.57142857143,7752.285714285715,2963.0
2010-11-07,3.4285714285714284,2.4285714285714284,0.0,8764.0,7754.714285714285,2963.0
2010-11-08,3.7142857142857144,2.7142857142857144,0.14285714285714285,8767.714285714286,7757.428571428572,2963.1428571428573
2010-11-09,3.4285714285714284,2.4285714285714284,0.14285714285714285,8771.142857142857,7759.857142857143,2963.285714285714
2010-11-10,3.5714285714285716,2.5714285714285716,0.14285714285714285,8774.714285714286,7762.428571428572,2963.4285714285716
2010-11-11,4.0,2.7142857142857144,0.14285714285714285,8778.714285714286,7765.142857142857,2963.5714285714284
2010-11-12,3.857142857142857,2.4285714285714284,0.14285714285714285,8782.57142857143,7767.571428571428,2963.714285714286
2010-11-13,4.428571428571429,2.857142857142857,0.14285714285714285,8787.0,7770.428571428572,2963.8571428571427
2010-11-14,4.571428571428571,2.857142857142857,0.14285714285714285,8791.57142857143,7773.285714285715,2964.0
2010-11-15,5.142857142857143,3.4285714285714284,0.0,8796.714285714286,7776.714285714285,2964.0
2010-11-16,5.571428571428571,4.0,0.0,8802.285714285714,7780.714285714285,2964.0
2010-11-17,5.857142857142857,4.142857142857143,0.0,8808.142857142857,7784.857142857143,2964.0
2010-11-18,5.571428571428571,3.857142857142857,0.0,8813.714285714286,7788.714285714285,2964.0
2010-11-19,5.285714285714286,3.7142857142857144,0.0,8819.0,7792.428571428572,2964.0
2010-11-20,5.0,3.4285714285714284,0.0,8824.0,7795.857142857143,2964.0
2010-11-21,4.857142857142857,3.4285714285714284,0.14285714285714285,8828.857142857143,7799.285714285715,2964.1428571428573
2010-11-22,5.142857142857143,3.5714285714285716,0.2857142857142857,8834.0,7802.857142857143,2964.4285714285716
2010-11-23,5.0,3.4285714285714284,0.2857142857142857,8839.0,7806.285714285715,2964.714285714286
2010-11-24,4.571428571428571,3.0,0.2857142857142857,8843.57142857143,7809.285714285715,2965.0
2010-11-25,4.571428571428571,3.0,0.2857142857142857,8848.142857142857,7812.285714285715,2965.285714285714
2010-11-26,5.142857142857143,3.5714285714285716,0.2857142857142857,8853.285714285714,7815.857142857143,2965.5714285714284
2010-11-27,5.0,3.7142857142857144,0.2857142857142857,8858.285714285714,7819.571428571428,2965.8571428571427
2010-11-28,4.714285714285714,3.4285714285714284,0.14285714285714285,8863.0,7823.0,2966.0
2010-11-29,3.5714285714285716,2.4285714285714284,0.0,8866.57142857143,7825.428571428572,2966.0
2010-11-30,3.4285714285714284,2.0,0.0,8870.0,7827.428571428572,2966.0
2010-12-01,3.857142857142857,2.2857142857142856,0.0,8873.857142857143,7829.714285714285,2966.0
2010-12-02,4.142857142857143,2.5714285714285716,0.0,8878.0,7832.285714285715,2966.0
2010-12-03,4.0,2.2857142857142856,0.0,8882.0,7834.571428571428,2966.0
2010-12-04,3.857142857142857,2.0,0.0,8885.857142857143,7836.571428571428,2966.0
2010-12-05,4.571428571428571,2.7142857142857144,0.0,8890.42857142857,7839.285714285715,2966.0
2010-12-06,6.857142857142857,4.285714285714286,0.14285714285714285,8897.285714285714,7843.571428571428,2966.1428571428573
2010-12-07,7.285714285714286,5.0,0.2857142857142857,8904.57142857143,7848.571428571428,2966.4285714285716
2010-12-08,7.857142857142857,5.142857142857143,0.2857142857142857,8912.42857142857,7853.714285714285,2966.714285714286
2010-12-09,9.142857142857142,6.0,0.42857142857142855,8921.57142857143,7859.714285714285,2967.1428571428573
2010-12-10,10.714285714285714,7.0,0.42857142857142855,8932.285714285714,7866.714285714285,2967.5714285714284
2010-12-11,12.428571428571429,8.285714285714286,0.5714285714285714,8944.714285714286,7875.0,2968.1428571428573
2010-12-12,14.142857142857142,9.428571428571429,0.5714285714285714,8958.857142857143,7884.428571428572,2968.714285714286
2010-12-13,14.0,9.428571428571429,0.5714285714285714,8972.857142857143,7893.857142857143,2969.285714285714
2010-12-14,15.857142857142858,10.714285714285714,0.5714285714285714,8988.714285714286,7904.571428571428,2969.8571428571427
2010-12-15,17.142857142857142,12.285714285714286,0.7142857142857143,9005.857142857143,7916.857142857143,2970.5714285714284
2010-12-16,17.571428571428573,13.142857142857142,0.5714285714285714,9023.42857142857,7930.0,2971.1428571428573
2010-12-17,18.0,13.714285714285714,0.5714285714285714,9041.42857142857,7943.714285714285,2971.714285714286
2010-12-18,17.857142857142858,13.857142857142858,0.42857142857142855,9059.285714285714,7957.571428571428,2972.1428571428573
2010-12-19,16.428571428571427,12.571428571428571,0.42857142857142855,9075.714285714286,7970.142857142857,2972.5714285714284
2010-12-20,17.285714285714285,13.285714285714286,0.7142857142857143,9093.0,7983.428571428572,2973.285714285714
2010-12-21,16.142857142857142,12.285714285714286,0.8571428571428571,9109.142857142857,7995.714285714285,2974.1428571428573
2010-12-22,15.142857142857142,11.285714285714286,0.7142857142857143,9124.285714285714,8007.0,2974.8571428571427
2010-12-23,13.714285714285714,9.857142857142858,0.8571428571428571,9138.0,8016.857142857143,2975.714285714286
2010-12-24,11.857142857142858,8.285714285714286,0.8571428571428571,9149.857142857143,8025.142857142857,2976.5714285714284
2010-12-25,11.571428571428571,7.428571428571429,1.0,9161.42857142857,8032.571428571428,2977.5714285714284
2010-12-26,11.142857142857142,7.428571428571429,1.0,9172.57142857143,8040.0,2978.5714285714284
2010-12-27,9.0,5.857142857142857,0.7142857142857143,9181.57142857143,8045.857142857143,2979.285714285714
2010-12-28,9.0,5.857142857142857,0.7142857142857143,9190.57142857143,8051.714285714285,2980.0
2010-12-29,9.857142857142858,6.142857142857143,1.0,9200.42857142857,8057.857142857143,2981.0
2010-12-30,9.714285714285714,6.0,0.8571428571428571,9210.142857142857,8063.857142857143,2981.8571428571427
2010-12-31,11.142857142857142,5.714285714285714,0.8571428571428571,9221.285714285714,8069.571428571428,2982.714285714286
2011-01-01,10.285714285714286,5.142857142857143,0.8571428571428571,9231.57142857143,8074.714285714285,2983.5714285714284
2011-01-02,10.428571428571429,4.428571428571429,0.8571428571428571,9242.0,8079.142857142857,2984.4285714285716
2011-01-03,10.857142857142858,3.5714285714285716,0.7142857142857143,9252.857142857143,8082.714285714285,2985.1428571428573
2011-01-04,10.714285714285714,2.5714285714285716,0.7142857142857143,9263.57142857143,8085.285714285715,2985.8571428571427
2011-01-05,11.0,1.1428571428571428,0.5714285714285714,9274.57142857143,8086.428571428572,2986.4285714285716
2011-01-06,11.857142857142858,0.8571428571428571,0.8571428571428571,9286.42857142857,8087.285714285715,2987.285714285714
2011-01-07,10.285714285714286,1.0,1.0,9296.714285714286,8088.285714285715,2988.285714285714
2011-01-08,10.714285714285714,1.0,1.0,9307.42857142857,8089.285714285715,2989.285714285714
2011-01-09,10.571428571428571,1.2857142857142858,1.2857142857142858,9318.0,8090.571428571428,2990.5714285714284
2011-01-10,10.428571428571429,1.5714285714285714,1.5714285714285714,9328.42857142857,8092.142857142857,2992.1428571428573
2011-01-11,10.142857142857142,1.2857142857142858,1.2857142857142858,9338.57142857143,8093.428571428572,2993.4285714285716
2011-01-12,9.428571428571429,1.4285714285714286,1.4285714285714286,9348.0,8094.857142857143,2994.8571428571427
2011-01-13,8.857142857142858,1.1428571428571428,1.1428571428571428,9356.857142857143,8096.0,2996.0
2011-01-14,9.857142857142858,1.2857142857142858,1.2857142857142858,9366.714285714286,8097.285714285715,2997.285714285714
2011-01-15,10.428571428571429,1.2857142857142858,1.2857142857142858,9377.142857142857,8098.571428571428,2998.5714285714284
2011-01-16,11.142857142857142,1.2857142857142858,1.2857142857142858,9388.285714285714,8099.857142857143,2999.8571428571427
2011-01-17,11.285714285714286,1.7142857142857142,1.7142857142857142,9399.57142857143,8101.571428571428,3001.5714285714284
2011-01-18,11.714285714285714,2.2857142857142856,2.2857142857142856,9411.285714285714,8103.857142857143,3003.8571428571427
2011-01-19,11.428571428571429,2.4285714285714284,2.4285714285714284,9422.714285714286,8106.285714285715,3006.285714285714
2011-01-20,13.142857142857142,3.142857142857143,3.142857142857143,9435.857142857143,8109.428571428572,3009.4285714285716
2011-01-21,13.428571428571429,3.0,3.0,9449.285714285714,8112.428571428572,3012.4285714285716
2011-01-22,15.142857142857142,3.2857142857142856,3.2857142857142856,9464.42857142857,8115.714285714285,3015.714285714286
2011-01-23,16.714285714285715,3.2857142857142856,3.2857142857142856,9481.142857142857,8119.0,3019.0
2011-01-24,18.285714285714285,3.142857142857143,3.142857142857143,9499.42857142857,8122.142857142857,3022.1428571428573
2011-01-25,19.142857142857142,3.2857142857142856,3.2857142857142856,9518.57142857143,8125.428571428572,3025.4285714285716
2011-01-26,20.571428571428573,3.857142857142857,3.857142857142857,9539.142857142857,8129.285714285715,3029.285714285714
2011-01-27,20.0,3.4285714285714284,3.4285714285714284,9559.142857142857,8132.714285714285,3032.714285714286
2011-01-28,19.428571428571427,3.7142857142857144,3.7142857142857144,9578.57142857143,8136.428571428572,3036.4285714285716
2011-01-29,18.285714285714285,3.5714285714285716,3.5714285714285716,9596.857142857143,8140.0,3040.0
2011-01-30,17.142857142857142,3.857142857142857,3.857142857142857,9614.0,8143.857142857143,3043.8571428571427
2011-01-31,16.285714285714285,4.0,4.0,9630.285714285714,8147.857142857143,3047.8571428571427
2011-02-01,17.571428571428573,4.714285714285714,4.714285714285714,9647.857142857143,8152.571428571428,3052.5714285714284
2011-02-02,16.285714285714285,4.142857142857143,4.0,9664.142857142857,8156.714285714285,3056.5714285714284
2011-02-03,16.714285714285715,5.142857142857143,5.0,9680.857142857143,8161.857142857143,3061.5714285714284
2011-02-04,17.142857142857142,5.142857142857143,5.0,9698.0,8167.0,3066.5714285714284
2011-02-05,17.428571428571427,5.0,4.857142857142857,9715.42857142857,8172.0,3071.4285714285716
2011-02-06,17.0,4.857142857142857,4.714285714285714,9732.42857142857,8176.857142857143,3076.1428571428573
2011-02-07,17.428571428571427,4.857142857142857,4.714285714285714,9749.857142857143,8181.714285714285,3080.8571428571427
2011-02-08,16.428571428571427,4.571428571428571,4.285714285714286,9766.285714285714,8186.285714285715,3085.1428571428573
2011-02-09,18.0,5.0,4.857142857142857,9784.285714285714,8191.285714285715,3090.0
2011-02-10,17.0,4.0,3.857142857142857,9801.285714285714,8195.285714285714,3093.8571428571427
2011-02-11,19.428571428571427,5.142857142857143,5.0,9820.714285714286,8200.42857142857,3098.8571428571427
2011-02-12,20.428571428571427,6.142857142857143,6.0,9841.142857142857,8206.57142857143,3104.8571428571427
2011-02-13,21.428571428571427,6.428571428571429,6.142857142857143,9862.57142857143,8213.0,3111.0
2011-02-14,23.428571428571427,6.428571428571429,6.142857142857143,9886.0,8219.42857142857,3117.1428571428573
2011-02-15,24.142857142857142,6.571428571428571,6.428571428571429,9910.142857142857,8226.0,3123.5714285714284
2011-02-16,23.714285714285715,6.285714285714286,6.142857142857143,9933.857142857143,8232.285714285714,3129.714285714286
2011-02-17,26.714285714285715,7.714285714285714,7.571428571428571,9960.57142857143,8240.0,3137.285714285714
2011-02-18,27.285714285714285,6.714285714285714,6.571428571428571,9987.857142857143,8246.714285714286,3143.8571428571427
2011-02-19,28.714285714285715,6.857142857142857,6.428571428571429,10016.57142857143,8253.57142857143,3150.285714285714
2011-02-20,30.571428571428573,8.142857142857142,7.857142857142857,10047.142857142857,8261.714285714286,3158.1428571428573
2011-02-21,32.57142857142857,9.142857142857142,8.571428571428571,10079.714285714286,8270.857142857143,3166.714285714286
2011-02-22,34.57142857142857,9.714285714285714,9.0,10114.285714285714,8280.57142857143,3175.714285714286
2011-02-23,35.857142857142854,10.428571428571429,9.714285714285714,10150.142857142857,8291.0,3185.4285714285716
2011-02-24,37.285714285714285,10.857142857142858,10.142857142857142,10187.42857142857,8301.857142857143,3195.5714285714284
2011-02-25,39.42857142857143,12.571428571428571,11.714285714285714,10226.857142857143,8314.42857142857,3207.285714285714
2011-02-26,41.285714285714285,14.428571428571429,13.571428571428571,10268.142857142857,8328.857142857143,3220.8571428571427
2011-02-27,42.42857142857143,14.714285714285714,13.571428571428571,10310.57142857143,8343.57142857143,3234.4285714285716
2011-02-28,46.0,16.857142857142858,15.0,10356.57142857143,8360.42857142857,3249.4285714285716
2011-03-01,49.285714285714285,18.857142857142858,16.428571428571427,10405.857142857143,8379.285714285714,3265.8571428571427
2011-03-02,52.0,19.571428571428573,16.714285714285715,10457.857142857143,8398.857142857143,3282.5714285714284
2011-03-03,53.57142857142857,19.571428571428573,16.285714285714285,10511.42857142857,8418.42857142857,3298.8571428571427
2011-03-04,55.42857142857143,21.571428571428573,18.0,10566.857142857143,8440.0,3316.8571428571427
2011-03-05,55.857142857142854,21.0,17.285714285714285,10622.714285714286,8461.0,3334.1428571428573
2011-03-06,57.142857142857146,20.428571428571427,16.285714285714285,10679.857142857143,8481.42857142857,3350.4285714285716
2011-03-07,54.714285714285715,20.714285714285715,16.714285714285715,10734.57142857143,8502.142857142857,3367.1428571428573
2011-03-08,54.142857142857146,20.571428571428573,16.428571428571427,10788.714285714286,8522.714285714286,3383.5714285714284
2011-03-09,53.285714285714285,20.571428571428573,16.428571428571427,10842.0,8543.285714285714,3400.0
2011-03-10,56.142857142857146,24.714285714285715,18.714285714285715,10898.142857142857,8568.0,3418.714285714286
2011-03-11,57.857142857142854,27.571428571428573,17.857142857142858,10956.0,8595.57142857143,3436.5714285714284
2011-03-12,60.0,33.0,18.285714285714285,11016.0,8628.57142857143,3454.8571428571427
2011-03-13,61.857142857142854,39.0,21.0,11077.857142857143,8667.57142857143,3475.8571428571427
2011-03-14,65.85714285714286,45.0,22.285714285714285,11143.714285714286,8712.57142857143,3498.1428571428573
2011-03-15,67.85714285714286,50.0,23.428571428571427,11211.57142857143,8762.57142857143,3521.5714285714284
2011-03-16,71.71428571428571,56.42857142857143,26.0,11283.285714285714,8819.0,3547.5714285714284
2011-03-17,74.28571428571429,61.42857142857143,27.285714285714285,11357.57142857143,8880.42857142857,3574.8571428571427
2011-03-18,76.14285714285714,64.28571428571429,29.714285714285715,11433.714285714286,8944.714285714286,3604.5714285714284
2011-03-19,80.0,68.14285714285714,32.285714285714285,11513.714285714286,9012.857142857143,3636.8571428571427
2011-03-20,86.71428571428571,72.28571428571429,34.42857142857143,11600.42857142857,9085.142857142857,3671.285714285714
2011-03-21,97.14285714285714,79.71428571428571,38.285714285714285,11697.57142857143,9164.857142857143,3709.5714285714284
2011-03-22,103.57142857142857,83.0,40.57142857142857,11801.142857142857,9247.857142857143,3750.1428571428573
2011-03-23,107.14285714285714,82.0,40.857142857142854,11908.285714285714,9329.857142857143,3791.0
2011-03-24,109.14285714285714,78.14285714285714,41.857142857142854,12017.42857142857,9408.0,3832.8571428571427
2011-03-25,111.85714285714286,73.85714285714286,41.57142857142857,12129.285714285714,9481.857142857143,3874.4285714285716
2011-03-26,110.28571428571429,66.28571428571429,40.42857142857143,12239.57142857143,9548.142857142857,3914.8571428571427
2011-03-27,107.71428571428571,58.857142857142854,38.857142857142854,12347.285714285714,9607.0,3953.714285714286
2011-03-28,102.0,47.57142857142857,36.57142857142857,12449.285714285714,9654.57142857143,3990.285714285714
2011-03-29,102.71428571428571,41.42857142857143,35.857142857142854,12552.0,9696.0,4026.1428571428573
2011-03-30,105.0,39.285714285714285,36.57142857142857,12657.0,9735.285714285714,4062.714285714286
2011-03-31,99.57142857142857,33.857142857142854,32.142857142857146,12756.57142857143,9769.142857142857,4094.8571428571427
2011-04-01,95.85714285714286,32.142857142857146,30.714285714285715,12852.42857142857,9801.285714285714,4125.571428571428
2011-04-02,93.42857142857143,32.714285714285715,31.571428571428573,12945.857142857143,9834.0,4157.142857142857
2011-04-03,91.71428571428571,32.714285714285715,31.285714285714285,13037.57142857143,9866.714285714286,4188.428571428572
2011-04-04,87.57142857142857,30.428571428571427,28.857142857142858,13125.142857142857,9897.142857142857,4217.285714285715
2011-04-05,80.14285714285714,27.285714285714285,26.0,13205.285714285714,9924.42857142857,4243.285714285715
2011-04-06,74.57142857142857,25.142857142857142,23.571428571428573,13279.857142857143,9949.57142857143,4266.857142857143
2011-04-07,75.57142857142857,26.714285714285715,25.0,13355.42857142857,9976.285714285714,4291.857142857143
2011-04-08,72.71428571428571,25.285714285714285,23.571428571428573,13428.142857142857,10001.57142857143,4315.428571428572
2011-04-09,71.42857142857143,23.0,21.0,13499.57142857143,10024.57142857143,4336.428571428572
2011-04-10,71.0,21.714285714285715,19.428571428571427,13570.57142857143,10046.285714285714,4355.857142857143
2011-04-11,66.42857142857143,19.285714285714285,16.714285714285715,13637.0,10065.57142857143,4372.571428571428
2011-04-12,63.857142857142854,19.0,15.857142857142858,13700.857142857143,10084.57142857143,4388.428571428572
2011-04-13,59.142857142857146,18.857142857142858,14.714285714285714,13760.0,10103.42857142857,4403.142857142857
2011-04-14,55.0,18.571428571428573,12.714285714285714,13815.0,10122.0,4415.857142857143
2011-04-15,50.142857142857146,18.0,11.285714285714286,13865.142857142857,10140.0,4427.142857142857
2011-04-16,46.57142857142857,18.0,10.142857142857142,13911.714285714286,10158.0,4437.285714285715
2011-04-17,41.714285714285715,18.571428571428573,8.428571428571429,13953.42857142857,10176.57142857143,4445.714285714285
2011-04-18,39.857142857142854,20.714285714285715,9.0,13993.285714285714,10197.285714285714,4454.714285714285
2011-04-19,36.857142857142854,21.285714285714285,7.857142857142857,14030.142857142857,10218.57142857143,4462.571428571428
2011-04-20,34.285714285714285,20.857142857142858,7.142857142857143,14064.42857142857,10239.42857142857,4469.714285714285
2011-04-21,29.428571428571427,18.857142857142858,6.428571428571429,14093.857142857143,10258.285714285714,4476.142857142857
2011-04-22,27.571428571428573,17.285714285714285,5.571428571428571,14121.42857142857,10275.57142857143,4481.714285714285
2011-04-23,25.285714285714285,16.285714285714285,4.714285714285714,14146.714285714286,10291.857142857143,4486.428571428572
2011-04-24,23.571428571428573,15.0,4.428571428571429,14170.285714285714,10306.857142857143,4490.857142857143
2011-04-25,21.285714285714285,14.142857142857142,3.2857142857142856,14191.57142857143,10321.0,4494.142857142857
2011-04-26,20.285714285714285,13.428571428571429,3.2857142857142856,14211.857142857143,10334.42857142857,4497.428571428572
2011-04-27,19.571428571428573,12.142857142857142,2.4285714285714284,14231.42857142857,10346.57142857143,4499.857142857143
2011-04-28,20.142857142857142,11.857142857142858,2.142857142857143,14251.57142857143,10358.42857142857,4502.0
2011-04-29,20.714285714285715,13.0,3.142857142857143,14272.285714285714,10371.42857142857,4505.142857142857
2011-04-30,19.857142857142858,11.857142857142858,3.142857142857143,14292.142857142857,10383.285714285714,4508.285714285715
2011-05-01,17.285714285714285,10.142857142857142,3.0,14309.42857142857,10393.42857142857,4511.285714285715
2011-05-02,15.571428571428571,8.714285714285714,3.142857142857143,14325.0,10402.142857142857,4514.428571428572
2011-05-03,13.857142857142858,6.857142857142857,2.5714285714285716,14338.857142857143,10409.0,4517.0
2011-05-04,12.428571428571429,6.142857142857143,2.857142857142857,14351.285714285714,10415.142857142857,4519.857142857143
2011-05-05,12.142857142857142,5.428571428571429,2.7142857142857144,14363.42857142857,10420.57142857143,4522.571428571428
2011-05-06,10.857142857142858,4.0,1.7142857142857142,14374.285714285714,10424.57142857143,4524.285714285715
2011-05-07,10.428571428571429,3.857142857142857,1.5714285714285714,14384.714285714286,10428.42857142857,4525.857142857143
2011-05-08,10.714285714285714,3.142857142857143,1.2857142857142858,14395.42857142857,10431.57142857143,4527.142857142857
2011-05-09,10.857142857142858,2.142857142857143,1.0,14406.285714285714,10433.714285714286,4528.142857142857
2011-05-10,10.714285714285714,1.8571428571428572,1.0,14417.0,10435.57142857143,4529.142857142857
2011-05-11,11.571428571428571,1.4285714285714286,0.8571428571428571,14428.57142857143,10437.0,4530.0
2011-05-12,10.571428571428571,1.1428571428571428,0.7142857142857143,14439.142857142857,10438.142857142857,4530.714285714285
2011-05-13,11.0,1.0,0.7142857142857143,14450.142857142857,10439.142857142857,4531.428571428572
2011-05-14,10.857142857142858,1.0,0.8571428571428571,14461.0,10440.142857142857,4532.285714285715
2011-05-15,9.571428571428571,1.1428571428571428,0.8571428571428571,14470.57142857143,10441.285714285714,4533.142857142857
2011-05-16,9.285714285714286,0.7142857142857143,0.5714285714285714,14479.857142857143,10442.0,4533.714285714285
2011-05-17,9.285714285714286,0.7142857142857143,0.5714285714285714,14489.142857142857,10442.714285714286,4534.285714285715
2011-05-18,8.0,0.5714285714285714,0.42857142857142855,14497.142857142857,10443.285714285714,4534.714285714285
2011-05-19,7.571428571428571,0.5714285714285714,0.42857142857142855,14504.714285714286,10443.857142857143,4535.142857142857
2011-05-20,7.285714285714286,1.0,0.42857142857142855,14512.0,10444.857142857143,4535.571428571428
2011-05-21,7.428571428571429,1.0,0.14285714285714285,14519.42857142857,10445.857142857143,4535.714285714285
2011-05-22,7.285714285714286,1.0,0.14285714285714285,14526.714285714286,10446.857142857143,4535.857142857143
2011-05-23,7.857142857142857,1.5714285714285714,0.2857142857142857,14534.57142857143,10448.42857142857,4536.142857142857
2011-05-24,7.571428571428571,1.5714285714285714,0.2857142857142857,14542.142857142857,10450.0,4536.428571428572
2011-05-25,7.571428571428571,1.5714285714285714,0.2857142857142857,14549.714285714286,10451.57142857143,4536.714285714285
2011-05-26,8.0,1.7142857142857142,0.42857142857142855,14557.714285714286,10453.285714285714,4537.142857142857
2011-05-27,7.714285714285714,1.4285714285714286,0.5714285714285714,14565.42857142857,10454.714285714286,4537.714285714285
2011-05-28,7.571428571428571,1.1428571428571428,0.5714285714285714,14573.0,10455.857142857143,4538.285714285715
2011-05-29,7.428571428571429,1.0,0.5714285714285714,14580.42857142857,10456.857142857143,4538.857142857143
2011-05-30,5.714285714285714,0.42857142857142855,0.42857142857142855,14586.142857142857,10457.285714285714,4539.285714285715
2011-05-31,5.714285714285714,0.2857142857142857,0.2857142857142857,14591.857142857143,10457.57142857143,4539.571428571428
2011-06-01,5.285714285714286,0.2857142857142857,0.2857142857142857,14597.142857142857,10457.857142857143,4539.857142857143
2011-06-02,5.142857142857143,0.14285714285714285,0.14285714285714285,14602.285714285714,10458.0,4540.0
2011-06-03,4.714285714285714,0.14285714285714285,0.14285714285714285,14607.0,10458.142857142857,4540.142857142857
2011-06-04,4.142857142857143,0.14285714285714285,0.14285714285714285,14611.142857142857,10458.285714285714,4540.285714285715
2011-06-05,4.0,0.14285714285714285,0.14285714285714285,14615.142857142857,10458.42857142857,4540.428571428572
2011-06-06,4.0,0.2857142857142857,0.2857142857142857,14619.142857142857,10458.714285714286,4540.714285714285
2011-06-07,2.857142857142857,0.2857142857142857,0.2857142857142857,14622.0,10459.0,4541.0
2011-06-08,2.7142857142857144,0.2857142857142857,0.2857142857142857,14624.714285714286,10459.285714285714,4541.285714285715
2011-06-09,2.142857142857143,0.2857142857142857,0.2857142857142857,14626.857142857143,10459.57142857143,4541.571428571428
2011-06-10,2.142857142857143,0.14285714285714285,0.14285714285714285,14629.0,10459.714285714286,4541.714285714285
2011-06-11,2.142857142857143,0.14285714285714285,0.14285714285714285,14631.142857142857,10459.857142857143,4541.857142857143
2011-06-12,2.142857142857143,0.14285714285714285,0.14285714285714285,14633.285714285714,10460.0,4542.0
2011-06-13,2.2857142857142856,0.0,0.0,14635.57142857143,10460.0,4542.0
2011-06-14,2.142857142857143,0.0,0.0,14637.714285714286,10460.0,4542.0
2011-06-15,2.5714285714285716,0.0,0.0,14640.285714285714,10460.0,4542.0
2011-06-16,3.0,0.2857142857142857,0.2857142857142857,14643.285714285714,10460.285714285714,4542.285714285715
2011-06-17,2.5714285714285716,0.2857142857142857,0.2857142857142857,14645.857142857143,10460.57142857143,4542.571428571428
2011-06-18,2.857142857142857,0.2857142857142857,0.2857142857142857,14648.714285714286,10460.857142857143,4542.857142857143
2011-06-19,2.857142857142857,0.2857142857142857,0.2857142857142857,14651.57142857143,10461.142857142857,4543.142857142857
2011-06-20,2.5714285714285716,0.2857142857142857,0.2857142857142857,14654.142857142857,10461.42857142857,4543.428571428572
2011-06-21,2.7142857142857144,0.2857142857142857,0.2857142857142857,14656.857142857143,10461.714285714286,4543.714285714285
2011-06-22,2.142857142857143,0.2857142857142857,0.2857142857142857,14659.0,10462.0,4544.0
2011-06-23,1.8571428571428572,0.0,0.0,14660.857142857143,10462.0,4544.0
2011-06-24,2.0,0.0,0.0,14662.857142857143,10462.0,4544.0
2011-06-25,1.8571428571428572,0.0,0.0,14664.714285714286,10462.0,4544.0
2011-06-26,1.7142857142857142,0.0,0.0,14666.42857142857,10462.0,4544.0
2011-06-27,1.1428571428571428,0.0,0.0,14667.57142857143,10462.0,4544.0
2011-06-28,0.8571428571428571,0.0,0.0,14668.42857142857,10462.0,4544.0
2011-06-29,1.0,0.0,0.0,14669.42857142857,10462.0,4544.0
2011-06-30,1.0,0.0,0.0,14670.42857142857,10462.0,4544.0
2011-07-01,0.8571428571428571,0.0,0.0,14671.285714285714,10462.0,4544.0
2011-07-02,0.5714285714285714,0.0,0.0,14671.857142857143,10462.0,4544.0
2011-07-03,0.5714285714285714,0.0,0.0,14672.42857142857,10462.0,4544.0
2011-07-04,1.0,0.0,0.0,14673.42857142857,10462.0,4544.0
2011-07-05,1.4285714285714286,0.14285714285714285,0.14285714285714285,14674.857142857143,10462.142857142857,4544.142857142857
2011-07-06,1.2857142857142858,0.14285714285714285,0.14285714285714285,14676.142857142857,10462.285714285714,4544.285714285715
2011-07-07,0.8571428571428571,0.14285714285714285,0.14285714285714285,14677.0,10462.42857142857,4544.428571428572
2011-07-08,0.8571428571428571,0.14285714285714285,0.14285714285714285,14677.857142857143,10462.57142857143,4544.571428571428
2011-07-09,1.1428571428571428,0.14285714285714285,0.14285714285714285,14679.0,10462.714285714286,4544.714285714285
2011-07-10,1.7142857142857142,0.2857142857142857,0.14285714285714285,14680.714285714286,10463.0,4544.857142857143
2011-07-11,1.4285714285714286,0.2857142857142857,0.14285714285714285,14682.142857142857,10463.285714285714,4545.0
2011-07-12,1.2857142857142858,0.14285714285714285,0.0,14683.42857142857,10463.42857142857,4545.0
2011-07-13,2.0,0.14285714285714285,0.0,14685.42857142857,10463.57142857143,4545.0
2011-07-14,2.0,0.14285714285714285,0.0,14687.42857142857,10463.714285714286,4545.0
2011-07-15,2.142857142857143,0.14285714285714285,0.0,14689.57142857143,10463.857142857143,4545.0
2011-07-16,1.8571428571428572,0.14285714285714285,0.0,14691.42857142857,10464.0,4545.0
2011-07-17,1.5714285714285714,0.0,0.0,14693.0,10464.0,4545.0
2011-07-18,1.4285714285714286,0.0,0.0,14694.42857142857,10464.0,4545.0
2011-07-19,1.2857142857142858,0.0,0.0,14695.714285714286,10464.0,4545.0
2011-07-20,1.5714285714285714,0.0,0.0,14697.285714285714,10464.0,4545.0
2011-07-21,1.5714285714285714,0.0,0.0,14698.857142857143,10464.0,4545.0
2011-07-22,1.5714285714285714,0.0,0.0,14700.42857142857,10464.0,4545.0
2011-07-23,1.5714285714285714,0.0,0.0,14702.0,10464.0,4545.0
2011-07-24,1.4285714285714286,0.0,0.0,14703.42857142857,10464.0,4545.0
2011-07-25,1.8571428571428572,0.0,0.0,14705.285714285714,10464.0,4545.0
2011-07-26,2.0,0.0,0.0,14707.285714285714,10464.0,4545.0
2011-07-27,1.2857142857142858,0.14285714285714285,0.0,14708.57142857143,10464.142857142857,4545.0
2011-07-28,1.4285714285714286,0.14285714285714285,0.0,14710.0,10464.285714285714,4545.0
2011-07-29,1.2857142857142858,0.14285714285714285,0.0,14711.285714285714,10464.42857142857,4545.0
2011-07-30,1.4285714285714286,0.14285714285714285,0.0,14712.714285714286,10464.57142857143,4545.0
2011-07-31,1.2857142857142858,0.14285714285714285,0.0,14714.0,10464.714285714286,4545.0
2011-08-01,1.0,0.14285714285714285,0.0,14715.0,10464.857142857143,4545.0
2011-08-02,0.8571428571428571,0.14285714285714285,0.0,14715.857142857143,10465.0,4545.0
2011-08-03,0.8571428571428571,0.0,0.0,14716.714285714286,10465.0,4545.0
2011-08-04,1.0,0.0,0.0,14717.714285714286,10465.0,4545.0
2011-08-05,1.0,0.0,0.0,14718.714285714286,10465.0,4545.0
2011-08-06,1.0,0.0,0.0,14719.714285714286,10465.0,4545.0
2011-08-07,1.8571428571428572,0.14285714285714285,0.0,14721.57142857143,10465.142857142857,4545.0
2011-08-08,1.7142857142857142,0.14285714285714285,0.0,14723.285714285714,10465.285714285714,4545.0
2011-08-09,1.8571428571428572,0.14285714285714285,0.0,14725.142857142857,10465.42857142857,4545.0
2011-08-10,1.8571428571428572,0.2857142857142857,0.14285714285714285,14727.0,10465.714285714286,4545.142857142857
2011-08-11,1.8571428571428572,0.42857142857142855,0.2857142857142857,14728.857142857143,10466.142857142857,4545.428571428572
2011-08-12,2.142857142857143,0.42857142857142855,0.2857142857142857,14731.0,10466.57142857143,4545.714285714285
2011-08-13,2.4285714285714284,0.42857142857142855,0.2857142857142857,14733.42857142857,10467.0,4546.0
2011-08-14,2.0,0.2857142857142857,0.2857142857142857,14735.42857142857,10467.285714285714,4546.285714285715
2011-08-15,2.2857142857142856,0.2857142857142857,0.2857142857142857,14737.714285714286,10467.57142857143,4546.571428571428
2011-08-16,2.142857142857143,0.2857142857142857,0.2857142857142857,14739.857142857143,10467.857142857143,4546.857142857143
2011-08-17,2.0,0.14285714285714285,0.14285714285714285,14741.857142857143,10468.0,4547.0
2011-08-18,2.142857142857143,0.0,0.0,14744.0,10468.0,4547.0
2011-08-19,2.2857142857142856,0.0,0.0,14746.285714285714,10468.0,4547.0
2011-08-20,2.0,0.0,0.0,14748.285714285714,10468.0,4547.0
2011-08-21,1.5714285714285714,0.0,0.0,14749.857142857143,10468.0,4547.0
2011-08-22,1.7142857142857142,0.14285714285714285,0.14285714285714285,14751.57142857143,10468.142857142857,4547.142857142857
2011-08-23,1.5714285714285714,0.14285714285714285,0.14285714285714285,14753.142857142857,10468.285714285714,4547.285714285715
2011-08-24,1.5714285714285714,0.14285714285714285,0.14285714285714285,14754.714285714286,10468.42857142857,4547.428571428572
2011-08-25,1.5714285714285714,0.14285714285714285,0.14285714285714285,14756.285714285714,10468.57142857143,4547.571428571428
2011-08-26,1.5714285714285714,0.2857142857142857,0.2857142857142857,14757.857142857143,10468.857142857143,4547.857142857143
2011-08-27,1.8571428571428572,0.2857142857142857,0.2857142857142857,14759.714285714286,10469.142857142857,4548.142857142857
2011-08-28,2.2857142857142856,0.2857142857142857,0.2857142857142857,14762.0,10469.42857142857,4548.428571428572
2011-08-29,2.2857142857142856,0.14285714285714285,0.14285714285714285,14764.285714285714,10469.57142857143,4548.571428571428
2011-08-30,2.7142857142857144,0.14285714285714285,0.14285714285714285,14767.0,10469.714285714286,4548.714285714285
2011-08-31,3.2857142857142856,0.14285714285714285,0.14285714285714285,14770.285714285714,10469.857142857143,4548.857142857143
2011-09-01,3.4285714285714284,0.14285714285714285,0.14285714285714285,14773.714285714286,10470.0,4549.0
2011-09-02,3.2857142857142856,0.0,0.0,14777.0,10470.0,4549.0
2011-09-03,4.0,0.0,0.0,14781.0,10470.0,4549.0
2011-09-04,4.428571428571429,0.0,0.0,14785.42857142857,10470.0,4549.0
2011-09-05,4.285714285714286,0.0,0.0,14789.714285714286,10470.0,4549.0
2011-09-06,4.428571428571429,0.0,0.0,14794.142857142857,10470.0,4549.0
2011-09-07,3.7142857142857144,0.0,0.0,14797.857142857143,10470.0,4549.0
2011-09-08,3.2857142857142856,0.0,0.0,14801.142857142857,10470.0,4549.0
2011-09-09,3.4285714285714284,0.0,0.0,14804.57142857143,10470.0,4549.0
2011-09-10,2.7142857142857144,0.0,0.0,14807.285714285714,10470.0,4549.0
2011-09-11,2.2857142857142856,0.0,0.0,14809.57142857143,10470.0,4549.0
2011-09-12,2.5714285714285716,0.0,0.0,14812.142857142857,10470.0,4549.0
2011-09-13,3.0,0.0,0.0,14815.142857142857,10470.0,4549.0
2011-09-14,3.4285714285714284,0.0,0.0,14818.57142857143,10470.0,4549.0
2011-09-15,3.5714285714285716,0.0,0.0,14822.142857142857,10470.0,4549.0
2011-09-16,3.5714285714285716,0.0,0.0,14825.714285714286,10470.0,4549.0
2011-09-17,3.5714285714285716,0.0,0.0,14829.285714285714,10470.0,4549.0
2011-09-18,3.857142857142857,0.0,0.0,14833.142857142857,10470.0,4549.0
2011-09-19,3.7142857142857144,0.0,0.0,14836.857142857143,10470.0,4549.0
2011-09-20,3.0,0.0,0.0,14839.857142857143,10470.0,4549.0
2011-09-21,3.142857142857143,0.14285714285714285,0.14285714285714285,14843.0,10470.142857142857,4549.142857142857
2011-09-22,3.4285714285714284,0.14285714285714285,0.14285714285714285,14846.42857142857,10470.285714285714,4549.285714285715
2011-09-23,3.4285714285714284,0.14285714285714285,0.14285714285714285,14849.857142857143,10470.42857142857,4549.428571428572
2011-09-24,3.0,0.14285714285714285,0.14285714285714285,14852.857142857143,10470.57142857143,4549.571428571428
2011-09-25,3.2857142857142856,0.14285714285714285,0.14285714285714285,14856.142857142857,10470.714285714286,4549.714285714285
2011-09-26,3.5714285714285716,0.14285714285714285,0.14285714285714285,14859.714285714286,10470.857142857143,4549.857142857143
2011-09-27,3.857142857142857,0.14285714285714285,0.14285714285714285,14863.57142857143,10471.0,4550.0
2011-09-28,4.142857142857143,0.0,0.0,14867.714285714286,10471.0,4550.0
2011-09-29,4.428571428571429,0.0,0.0,14872.142857142857,10471.0,4550.0
2011-09-30,4.714285714285714,0.14285714285714285,0.14285714285714285,14876.857142857143,10471.142857142857,4550.142857142857
2011-10-01,5.142857142857143,0.14285714285714285,0.14285714285714285,14882.0,10471.285714285714,4550.285714285715
2011-10-02,4.857142857142857,0.14285714285714285,0.14285714285714285,14886.857142857143,10471.42857142857,4550.428571428572
2011-10-03,5.0,0.14285714285714285,0.14285714285714285,14891.857142857143,10471.57142857143,4550.571428571428
2011-10-04,4.857142857142857,0.14285714285714285,0.14285714285714285,14896.714285714286,10471.714285714286,4550.714285714285
2011-10-05,4.857142857142857,0.2857142857142857,0.2857142857142857,14901.57142857143,10472.0,4551.0
2011-10-06,5.142857142857143,0.2857142857142857,0.2857142857142857,14906.714285714286,10472.285714285714,4551.285714285715
2011-10-07,5.0,0.14285714285714285,0.14285714285714285,14911.714285714286,10472.42857142857,4551.428571428572
2011-10-08,5.285714285714286,0.14285714285714285,0.14285714285714285,14917.0,10472.57142857143,4551.571428571428
2011-10-09,5.142857142857143,0.2857142857142857,0.2857142857142857,14922.142857142857,10472.857142857143,4551.857142857143
2011-10-10,5.285714285714286,0.2857142857142857,0.2857142857142857,14927.42857142857,10473.142857142857,4552.142857142857
2011-10-11,5.857142857142857,0.2857142857142857,0.2857142857142857,14933.285714285714,10473.42857142857,4552.428571428572
2011-10-12,5.571428571428571,0.14285714285714285,0.14285714285714285,14938.857142857143,10473.57142857143,4552.571428571428
2011-10-13,5.285714285714286,0.14285714285714285,0.14285714285714285,14944.142857142857,10473.714285714286,4552.714285714285
2011-10-14,6.0,0.14285714285714285,0.14285714285714285,14950.142857142857,10473.857142857143,4552.857142857143
2011-10-15,5.714285714285714,0.14285714285714285,0.14285714285714285,14955.857142857143,10474.0,4553.0
2011-10-16,5.714285714285714,0.0,0.0,14961.57142857143,10474.0,4553.0
2011-10-17,5.714285714285714,0.2857142857142857,0.2857142857142857,14967.285714285714,10474.285714285714,4553.285714285715
2011-10-18,6.571428571428571,0.2857142857142857,0.2857142857142857,14973.857142857143,10474.57142857143,4553.571428571428
2011-10-19,7.714285714285714,0.2857142857142857,0.2857142857142857,14981.57142857143,10474.857142857143,4553.857142857143
2011-10-20,7.285714285714286,0.2857142857142857,0.2857142857142857,14988.857142857143,10475.142857142857,4554.142857142857
2011-10-21,7.571428571428571,0.42857142857142855,0.42857142857142855,14996.42857142857,10475.57142857143,4554.571428571428
2011-10-22,7.428571428571429,0.42857142857142855,0.42857142857142855,15003.857142857143,10476.0,4555.0
2011-10-23,7.142857142857143,0.42857142857142855,0.42857142857142855,15011.0,10476.42857142857,4555.428571428572
2011-10-24,6.857142857142857,0.14285714285714285,0.14285714285714285,15017.857142857143,10476.57142857143,4555.571428571428
2011-10-25,6.142857142857143,0.14285714285714285,0.14285714285714285,15024.0,10476.714285714286,4555.714285714285
2011-10-26,5.285714285714286,0.14285714285714285,0.14285714285714285,15029.285714285714,10476.857142857143,4555.857142857143
2011-10-27,5.428571428571429,0.14285714285714285,0.14285714285714285,15034.714285714286,10477.0,4556.0
2011-10-28,4.0,0.0,0.0,15038.714285714286,10477.0,4556.0
2011-10-29,4.285714285714286,0.0,0.0,15043.0,10477.0,4556.0
2011-10-30,5.285714285714286,0.0,0.0,15048.285714285714,10477.0,4556.0
2011-10-31,5.0,0.14285714285714285,0.14285714285714285,15053.285714285714,10477.142857142857,4556.142857142857
2011-11-01,3.857142857142857,0.14285714285714285,0.14285714285714285,15057.142857142857,10477.285714285714,4556.285714285715
2011-11-02,3.7142857142857144,0.14285714285714285,0.14285714285714285,15060.857142857143,10477.42857142857,4556.428571428572
2011-11-03,3.7142857142857144,0.14285714285714285,0.14285714285714285,15064.57142857143,10477.57142857143,4556.571428571428
2011-11-04,4.142857142857143,0.14285714285714285,0.14285714285714285,15068.714285714286,10477.714285714286,4556.714285714285
2011-11-05,4.285714285714286,0.14285714285714285,0.14285714285714285,15073.0,10477.857142857143,4556.857142857143
2011-11-06,3.4285714285714284,0.14285714285714285,0.14285714285714285,15076.42857142857,10478.0,4557.0
2011-11-07,3.5714285714285716,0.0,0.0,15080.0,10478.0,4557.0
2011-11-08,4.142857142857143,0.0,0.0,15084.142857142857,10478.0,4557.0
2011-11-09,3.857142857142857,0.0,0.0,15088.0,10478.0,4557.0
2011-11-10,4.0,0.0,0.0,15092.0,10478.0,4557.0
2011-11-11,3.857142857142857,0.0,0.0,15095.857142857143,10478.0,4557.0
2011-11-12,3.7142857142857144,0.0,0.0,15099.57142857143,10478.0,4557.0
2011-11-13,3.7142857142857144,0.0,0.0,15103.285714285714,10478.0,4557.0
2011-11-14,4.0,0.14285714285714285,0.0,15107.285714285714,10478.142857142857,4557.0
2011-11-15,5.0,0.14285714285714285,0.0,15112.285714285714,10478.285714285714,4557.0
2011-11-16,6.285714285714286,0.14285714285714285,0.0,15118.57142857143,10478.42857142857,4557.0
2011-11-17,7.571428571428571,0.14285714285714285,0.0,15126.142857142857,10478.57142857143,4557.0
2011-11-18,8.285714285714286,0.14285714285714285,0.0,15134.42857142857,10478.714285714286,4557.0
2011-11-19,8.571428571428571,0.2857142857142857,0.14285714285714285,15143.0,10479.0,4557.142857142857
2011-11-20,10.142857142857142,0.2857142857142857,0.14285714285714285,15153.142857142857,10479.285714285714,4557.285714285715
2011-11-21,10.571428571428571,0.42857142857142855,0.2857142857142857,15163.714285714286,10479.714285714286,4557.571428571428
2011-11-22,11.142857142857142,0.42857142857142855,0.2857142857142857,15174.857142857143,10480.142857142857,4557.857142857143
2011-11-23,12.428571428571429,0.42857142857142855,0.2857142857142857,15187.285714285714,10480.57142857143,4558.142857142857
2011-11-24,12.285714285714286,0.42857142857142855,0.2857142857142857,15199.57142857143,10481.0,4558.428571428572
2011-11-25,12.571428571428571,0.42857142857142855,0.2857142857142857,15212.142857142857,10481.42857142857,4558.714285714285
2011-11-26,13.285714285714286,0.2857142857142857,0.14285714285714285,15225.42857142857,10481.714285714286,4558.857142857143
2011-11-27,13.285714285714286,0.2857142857142857,0.14285714285714285,15238.714285714286,10482.0,4559.0
2011-11-28,13.428571428571429,0.14285714285714285,0.0,15252.142857142857,10482.142857142857,4559.0
2011-11-29,13.285714285714286,0.2857142857142857,0.14285714285714285,15265.42857142857,10482.42857142857,4559.142857142857
2011-11-30,12.0,0.2857142857142857,0.14285714285714285,15277.42857142857,10482.714285714286,4559.285714285715
2011-12-01,11.714285714285714,0.2857142857142857,0.14285714285714285,15289.142857142857,10483.0,4559.428571428572
2011-12-02,12.0,0.2857142857142857,0.14285714285714285,15301.142857142857,10483.285714285714,4559.571428571428
2011-12-03,12.0,0.42857142857142855,0.14285714285714285,15313.142857142857,10483.714285714286,4559.714285714285
2011-12-04,11.571428571428571,0.42857142857142855,0.14285714285714285,15324.714285714286,10484.142857142857,4559.857142857143
2011-12-05,12.428571428571429,0.2857142857142857,0.14285714285714285,15337.142857142857,10484.42857142857,4560.0
2011-12-06,12.571428571428571,0.2857142857142857,0.14285714285714285,15349.714285714286,10484.714285714286,4560.142857142857
2011-12-07,12.142857142857142,0.42857142857142855,0.2857142857142857,15361.857142857143,10485.142857142857,4560.428571428572
2011-12-08,12.714285714285714,0.42857142857142855,0.2857142857142857,15374.57142857143,10485.57142857143,4560.714285714285
2011-12-09,13.0,0.42857142857142855,0.2857142857142857,15387.57142857143,10486.0,4561.0
2011-12-10,13.0,0.42857142857142855,0.2857142857142857,15400.57142857143,10486.42857142857,4561.285714285715
2011-12-11,14.0,0.42857142857142855,0.2857142857142857,15414.57142857143,10486.857142857143,4561.571428571428
2011-12-12,16.428571428571427,0.5714285714285714,0.2857142857142857,15431.0,10487.42857142857,4561.857142857143
2011-12-13,16.714285714285715,0.5714285714285714,0.2857142857142857,15447.714285714286,10488.0,4562.142857142857
2011-12-14,17.571428571428573,0.42857142857142855,0.14285714285714285,15465.285714285714,10488.42857142857,4562.285714285715
2011-12-15,16.571428571428573,0.5714285714285714,0.2857142857142857,15481.857142857143,10489.0,4562.571428571428
2011-12-16,16.285714285714285,0.7142857142857143,0.2857142857142857,15498.142857142857,10489.714285714286,4562.857142857143
2011-12-17,16.0,0.5714285714285714,0.2857142857142857,15514.142857142857,10490.285714285714,4563.142857142857
2011-12-18,15.571428571428571,0.5714285714285714,0.2857142857142857,15529.714285714286,10490.857142857143,4563.428571428572
2011-12-19,12.0,0.42857142857142855,0.2857142857142857,15541.714285714286,10491.285714285714,4563.714285714285
2011-12-20,10.714285714285714,0.2857142857142857,0.14285714285714285,15552.42857142857,10491.57142857143,4563.857142857143
2011-12-21,10.0,0.2857142857142857,0.14285714285714285,15562.42857142857,10491.857142857143,4564.0
2011-12-22,9.428571428571429,0.14285714285714285,0.0,15571.857142857143,10492.0,4564.0
2011-12-23,8.428571428571429,0.0,0.0,15580.285714285714,10492.0,4564.0
2011-12-24,8.571428571428571,0.0,0.0,15588.857142857143,10492.0,4564.0
2011-12-25,7.0,0.0,0.0,15595.857142857143,10492.0,4564.0
2011-12-26,6.857142857142857,0.14285714285714285,0.14285714285714285,15602.714285714286,10492.142857142857,4564.142857142857
2011-12-27,7.571428571428571,0.14285714285714285,0.14285714285714285,15610.285714285714,10492.285714285714,4564.285714285715
2011-12-28,7.142857142857143,0.2857142857142857,0.2857142857142857,15617.42857142857,10492.57142857143,4564.571428571428
2011-12-29,7.285714285714286,0.2857142857142857,0.2857142857142857,15624.714285714286,10492.857142857143,4564.857142857143
2011-12-30,7.571428571428571,0.2857142857142857,0.2857142857142857,15632.285714285714,10493.142857142857,4565.142857142857
2011-12-31,6.857142857142857,0.2857142857142857,0.2857142857142857,15639.142857142857,10493.42857142857,4565.428571428572
2012-01-01,7.285714285714286,0.2857142857142857,0.2857142857142857,15646.42857142857,10493.714285714286,4565.714285714285
2012-01-02,7.428571428571429,0.14285714285714285,0.14285714285714285,15653.857142857143,10493.857142857143,4565.857142857143
2012-01-03,7.0,0.2857142857142857,0.2857142857142857,15660.857142857143,10494.142857142857,4566.142857142857
2012-01-04,6.714285714285714,0.14285714285714285,0.14285714285714285,15667.57142857143,10494.285714285714,4566.285714285715
2012-01-05,6.714285714285714,0.14285714285714285,0.14285714285714285,15674.285714285714,10494.42857142857,4566.428571428572
2012-01-06,6.714285714285714,0.14285714285714285,0.14285714285714285,15681.0,10494.57142857143,4566.571428571428
2012-01-07,6.857142857142857,0.14285714285714285,0.14285714285714285,15687.857142857143,10494.714285714286,4566.714285714285
2012-01-08,6.857142857142857,0.14285714285714285,0.14285714285714285,15694.714285714286,10494.857142857143,4566.857142857143
2012-01-09,7.428571428571429,0.14285714285714285,0.14285714285714285,15702.142857142857,10495.0,4567.0
2012-01-10,7.571428571428571,0.14285714285714285,0.14285714285714285,15709.714285714286,10495.142857142857,4567.142857142857
2012-01-11,7.571428571428571,0.14285714285714285,0.14285714285714285,15717.285714285714,10495.285714285714,4567.285714285715
2012-01-12,8.428571428571429,0.14285714285714285,0.14285714285714285,15725.714285714286,10495.42857142857,4567.428571428572
2012-01-13,7.857142857142857,0.14285714285714285,0.14285714285714285,15733.57142857143,10495.57142857143,4567.571428571428
2012-01-14,8.0,0.2857142857142857,0.2857142857142857,15741.57142857143,10495.857142857143,4567.857142857143
2012-01-15,7.571428571428571,0.42857142857142855,0.42857142857142855,15749.142857142857,10496.285714285714,4568.285714285715
2012-01-16,6.714285714285714,0.5714285714285714,0.5714285714285714,15755.857142857143,10496.857142857143,4568.857142857143
2012-01-17,6.0,0.42857142857142855,0.42857142857142855,15761.857142857143,10497.285714285714,4569.285714285715
2012-01-18,6.0,0.42857142857142855,0.42857142857142855,15767.857142857143,10497.714285714286,4569.714285714285
2012-01-19,6.0,0.42857142857142855,0.42857142857142855,15773.857142857143,10498.142857142857,4570.142857142857
2012-01-20,6.857142857142857,0.42857142857142855,0.42857142857142855,15780.714285714286,10498.57142857143,4570.571428571428
2012-01-21,6.857142857142857,0.42857142857142855,0.42857142857142855,15787.57142857143,10499.0,4571.0
2012-01-22,7.0,0.2857142857142857,0.2857142857142857,15794.57142857143,10499.285714285714,4571.285714285715
2012-01-23,7.285714285714286,0.14285714285714285,0.14285714285714285,15801.857142857143,10499.42857142857,4571.428571428572
2012-01-24,6.714285714285714,0.14285714285714285,0.14285714285714285,15808.57142857143,10499.57142857143,4571.571428571428
2012-01-25,6.857142857142857,0.14285714285714285,0.14285714285714285,15815.42857142857,10499.714285714286,4571.714285714285
2012-01-26,6.571428571428571,0.2857142857142857,0.2857142857142857,15822.0,10500.0,4572.0
2012-01-27,5.857142857142857,0.42857142857142855,0.42857142857142855,15827.857142857143,10500.42857142857,4572.428571428572
2012-01-28,5.285714285714286,0.42857142857142855,0.42857142857142855,15833.142857142857,10500.857142857143,4572.857142857143
2012-01-29,5.714285714285714,0.5714285714285714,0.5714285714285714,15838.857142857143,10501.42857142857,4573.428571428572
2012-01-30,5.428571428571429,0.8571428571428571,0.7142857142857143,15844.285714285714,10502.285714285714,4574.142857142857
2012-01-31,5.714285714285714,0.8571428571428571,0.7142857142857143,15850.0,10503.142857142857,4574.857142857143
2012-02-01,6.0,0.8571428571428571,0.7142857142857143,15856.0,10504.0,4575.571428571428
2012-02-02,5.714285714285714,0.7142857142857143,0.5714285714285714,15861.714285714286,10504.714285714286,4576.142857142857
2012-02-03,5.714285714285714,0.5714285714285714,0.42857142857142855,15867.42857142857,10505.285714285714,4576.571428571428
2012-02-04,5.571428571428571,0.42857142857142855,0.2857142857142857,15873.0,10505.714285714286,4576.857142857143
2012-02-05,5.0,0.2857142857142857,0.14285714285714285,15878.0,10506.0,4577.0
2012-02-06,5.142857142857143,0.42857142857142855,0.42857142857142855,15883.142857142857,10506.42857142857,4577.428571428572
2012-02-07,5.428571428571429,0.5714285714285714,0.5714285714285714,15888.57142857143,10507.0,4578.0
2012-02-08,5.142857142857143,0.7142857142857143,0.7142857142857143,15893.714285714286,10507.714285714286,4578.714285714285
2012-02-09,4.428571428571429,0.8571428571428571,0.8571428571428571,15898.142857142857,10508.57142857143,4579.571428571428
2012-02-10,4.857142857142857,1.1428571428571428,1.1428571428571428,15903.0,10509.714285714286,4580.714285714285
2012-02-11,4.714285714285714,1.1428571428571428,1.1428571428571428,15907.714285714286,10510.857142857143,4581.857142857143
2012-02-12,4.571428571428571,1.1428571428571428,1.1428571428571428,15912.285714285714,10512.0,4583.0
2012-02-13,4.285714285714286,0.7142857142857143,0.7142857142857143,15916.57142857143,10512.714285714286,4583.714285714285
2012-02-14,3.5714285714285716,0.5714285714285714,0.5714285714285714,15920.142857142857,10513.285714285714,4584.285714285715
2012-02-15,2.857142857142857,0.42857142857142855,0.42857142857142855,15923.0,10513.714285714286,4584.714285714285
2012-02-16,3.4285714285714284,0.5714285714285714,0.42857142857142855,15926.42857142857,10514.285714285714,4585.142857142857
2012-02-17,3.142857142857143,0.2857142857142857,0.14285714285714285,15929.57142857143,10514.57142857143,4585.285714285715
2012-02-18,3.2857142857142856,0.42857142857142855,0.2857142857142857,15932.857142857143,10515.0,4585.571428571428
2012-02-19,3.142857142857143,0.42857142857142855,0.2857142857142857,15936.0,10515.42857142857,4585.857142857143
2012-02-20,3.4285714285714284,0.7142857142857143,0.5714285714285714,15939.42857142857,10516.142857142857,4586.428571428572
2012-02-21,4.714285714285714,1.0,0.8571428571428571,15944.142857142857,10517.142857142857,4587.285714285715
2012-02-22,5.285714285714286,1.1428571428571428,1.0,15949.42857142857,10518.285714285714,4588.285714285715
2012-02-23,5.0,0.8571428571428571,0.8571428571428571,15954.42857142857,10519.142857142857,4589.142857142857
2012-02-24,5.571428571428571,1.1428571428571428,1.1428571428571428,15960.0,10520.285714285714,4590.285714285715
2012-02-25,6.0,1.1428571428571428,1.1428571428571428,15966.0,10521.42857142857,4591.428571428572
2012-02-26,6.0,1.2857142857142858,1.2857142857142858,15972.0,10522.714285714286,4592.714285714285
2012-02-27,5.285714285714286,1.0,1.0,15977.285714285714,10523.714285714286,4593.714285714285
2012-02-28,4.285714285714286,0.7142857142857143,0.7142857142857143,15981.57142857143,10524.42857142857,4594.428571428572
2012-02-29,4.285714285714286,0.5714285714285714,0.5714285714285714,15985.857142857143,10525.0,4595.0
2012-03-01,4.285714285714286,0.7142857142857143,0.7142857142857143,15990.142857142857,10525.714285714286,4595.714285714285
2012-03-02,3.5714285714285716,0.42857142857142855,0.42857142857142855,15993.714285714286,10526.142857142857,4596.142857142857
2012-03-03,4.0,0.2857142857142857,0.2857142857142857,15997.714285714286,10526.42857142857,4596.428571428572
2012-03-04,4.142857142857143,0.14285714285714285,0.14285714285714285,16001.857142857143,10526.57142857143,4596.571428571428
2012-03-05,5.714285714285714,0.2857142857142857,0.2857142857142857,16007.57142857143,10526.857142857143,4596.857142857143
2012-03-06,6.0,0.42857142857142855,0.42857142857142855,16013.57142857143,10527.285714285714,4597.285714285715
2012-03-07,5.428571428571429,0.42857142857142855,0.42857142857142855,16019.0,10527.714285714286,4597.714285714285
2012-03-08,5.142857142857143,0.2857142857142857,0.2857142857142857,16024.142857142857,10528.0,4598.0
2012-03-09,5.285714285714286,0.7142857142857143,0.7142857142857143,16029.42857142857,10528.714285714286,4598.714285714285
2012-03-10,4.857142857142857,0.7142857142857143,0.7142857142857143,16034.285714285714,10529.42857142857,4599.428571428572
2012-03-11,5.428571428571429,0.8571428571428571,0.8571428571428571,16039.714285714286,10530.285714285714,4600.285714285715
2012-03-12,4.285714285714286,0.8571428571428571,0.8571428571428571,16044.0,10531.142857142857,4601.142857142857
2012-03-13,4.714285714285714,0.8571428571428571,0.8571428571428571,16048.714285714286,10532.0,4602.0
2012-03-14,5.428571428571429,1.0,1.0,16054.142857142857,10533.0,4603.0
2012-03-15,5.571428571428571,1.0,1.0,16059.714285714286,10534.0,4604.0
2012-03-16,5.142857142857143,0.5714285714285714,0.5714285714285714,16064.857142857143,10534.57142857143,4604.571428571428
2012-03-17,5.571428571428571,0.7142857142857143,0.7142857142857143,16070.42857142857,10535.285714285714,4605.285714285715
2012-03-18,5.428571428571429,0.7142857142857143,0.7142857142857143,16075.857142857143,10536.0,4606.0
2012-03-19,5.571428571428571,0.5714285714285714,0.5714285714285714,16081.42857142857,10536.57142857143,4606.571428571428
2012-03-20,5.142857142857143,0.42857142857142855,0.42857142857142855,16086.57142857143,10537.0,4607.0
2012-03-21,5.142857142857143,0.2857142857142857,0.2857142857142857,16091.714285714286,10537.285714285714,4607.285714285715
2012-03-22,4.857142857142857,0.2857142857142857,0.2857142857142857,16096.57142857143,10537.57142857143,4607.571428571428
2012-03-23,5.428571428571429,0.5714285714285714,0.5714285714285714,16102.0,10538.142857142857,4608.142857142857
2012-03-24,4.714285714285714,0.42857142857142855,0.42857142857142855,16106.714285714286,10538.57142857143,4608.571428571428
2012-03-25,4.714285714285714,0.42857142857142855,0.42857142857142855,16111.42857142857,10539.0,4609.0
2012-03-26,5.0,0.5714285714285714,0.5714285714285714,16116.42857142857,10539.57142857143,4609.571428571428
2012-03-27,4.714285714285714,0.7142857142857143,0.7142857142857143,16121.142857142857,10540.285714285714,4610.285714285715
2012-03-28,4.571428571428571,0.7142857142857143,0.7142857142857143,16125.714285714286,10541.0,4611.0
2012-03-29,4.857142857142857,0.7142857142857143,0.7142857142857143,16130.57142857143,10541.714285714286,4611.714285714285
2012-03-30,4.285714285714286,0.42857142857142855,0.42857142857142855,16134.857142857143,10542.142857142857,4612.142857142857
2012-03-31,3.857142857142857,0.42857142857142855,0.42857142857142855,16138.714285714286,10542.57142857143,4612.571428571428
2012-04-01,3.7142857142857144,0.42857142857142855,0.42857142857142855,16142.42857142857,10543.0,4613.0
2012-04-02,2.857142857142857,0.2857142857142857,0.2857142857142857,16145.285714285714,10543.285714285714,4613.285714285715
2012-04-03,2.857142857142857,0.14285714285714285,0.14285714285714285,16148.142857142857,10543.42857142857,4613.428571428572
2012-04-04,2.4285714285714284,0.2857142857142857,0.2857142857142857,16150.57142857143,10543.714285714286,4613.714285714285
2012-04-05,2.142857142857143,0.2857142857142857,0.2857142857142857,16152.714285714286,10544.0,4614.0
2012-04-06,3.142857142857143,0.7142857142857143,0.7142857142857143,16155.857142857143,10544.714285714286,4614.714285714285
2012-04-07,3.5714285714285716,1.0,1.0,16159.42857142857,10545.714285714286,4615.714285714285
2012-04-08,4.0,1.2857142857142858,1.2857142857142858,16163.42857142857,10547.0,4617.0
2012-04-09,4.428571428571429,1.4285714285714286,1.4285714285714286,16167.857142857143,10548.42857142857,4618.428571428572
2012-04-10,4.714285714285714,1.4285714285714286,1.4285714285714286,16172.57142857143,10549.857142857143,4619.857142857143
2012-04-11,5.0,1.2857142857142858,1.2857142857142858,16177.57142857143,10551.142857142857,4621.142857142857
2012-04-12,5.571428571428571,1.4285714285714286,1.4285714285714286,16183.142857142857,10552.57142857143,4622.571428571428
2012-04-13,5.285714285714286,1.0,1.0,16188.42857142857,10553.57142857143,4623.571428571428
2012-04-14,5.571428571428571,1.1428571428571428,1.1428571428571428,16194.0,10554.714285714286,4624.714285714285
2012-04-15,4.714285714285714,0.8571428571428571,0.8571428571428571,16198.714285714286,10555.57142857143,4625.571428571428
2012-04-16,5.0,0.7142857142857143,0.7142857142857143,16203.714285714286,10556.285714285714,4626.285714285715
2012-04-17,4.571428571428571,0.8571428571428571,0.8571428571428571,16208.285714285714,10557.142857142857,4627.142857142857
2012-04-18,4.714285714285714,0.8571428571428571,0.8571428571428571,16213.0,10558.0,4628.0
2012-04-19,4.142857142857143,0.7142857142857143,0.7142857142857143,16217.142857142857,10558.714285714286,4628.714285714285
2012-04-20,3.4285714285714284,0.7142857142857143,0.7142857142857143,16220.57142857143,10559.42857142857,4629.428571428572
2012-04-21,3.2857142857142856,0.42857142857142855,0.42857142857142855,16223.857142857143,10559.857142857143,4629.857142857143
2012-04-22,3.5714285714285716,0.42857142857142855,0.42857142857142855,16227.42857142857,10560.285714285714,4630.285714285715
2012-04-23,3.142857142857143,0.5714285714285714,0.5714285714285714,16230.57142857143,10560.857142857143,4630.857142857143
2012-04-24,4.0,0.7142857142857143,0.7142857142857143,16234.57142857143,10561.57142857143,4631.571428571428
2012-04-25,3.5714285714285716,0.7142857142857143,0.7142857142857143,16238.142857142857,10562.285714285714,4632.285714285715
2012-04-26,3.7142857142857144,0.8571428571428571,0.8571428571428571,16241.857142857143,10563.142857142857,4633.142857142857
2012-04-27,3.857142857142857,1.0,1.0,16245.714285714286,10564.142857142857,4634.142857142857
2012-04-28,3.857142857142857,1.0,1.0,16249.57142857143,10565.142857142857,4635.142857142857
2012-04-29,3.7142857142857144,1.0,1.0,16253.285714285714,10566.142857142857,4636.142857142857
2012-04-30,3.7142857142857144,1.2857142857142858,1.2857142857142858,16257.0,10567.42857142857,4637.428571428572
2012-05-01,2.857142857142857,1.1428571428571428,1.1428571428571428,16259.857142857143,10568.57142857143,4638.571428571428
2012-05-02,3.0,1.1428571428571428,1.1428571428571428,16262.857142857143,10569.714285714286,4639.714285714285
2012-05-03,3.142857142857143,1.0,1.0,16266.0,10570.714285714286,4640.714285714285
2012-05-04,3.5714285714285716,1.1428571428571428,1.1428571428571428,16269.57142857143,10571.857142857143,4641.857142857143
2012-05-05,3.4285714285714284,1.2857142857142858,1.2857142857142858,16273.0,10573.142857142857,4643.142857142857
2012-05-06,3.2857142857142856,1.2857142857142858,1.2857142857142858,16276.285714285714,10574.42857142857,4644.428571428572
2012-05-07,3.2857142857142856,1.0,1.0,16279.57142857143,10575.42857142857,4645.428571428572
2012-05-08,3.5714285714285716,0.8571428571428571,0.8571428571428571,16283.142857142857,10576.285714285714,4646.285714285715
2012-05-09,3.4285714285714284,0.8571428571428571,0.8571428571428571,16286.57142857143,10577.142857142857,4647.142857142857
2012-05-10,3.7142857142857144,0.8571428571428571,0.8571428571428571,16290.285714285714,10578.0,4648.0
2012-05-11,3.2857142857142856,0.7142857142857143,0.7142857142857143,16293.57142857143,10578.714285714286,4648.714285714285
2012-05-12,3.142857142857143,0.5714285714285714,0.5714285714285714,16296.714285714286,10579.285714285714,4649.285714285715
2012-05-13,3.2857142857142856,0.42857142857142855,0.42857142857142855,16300.0,10579.714285714286,4649.714285714285
2012-05-14,2.857142857142857,0.2857142857142857,0.2857142857142857,16302.857142857143,10580.0,4650.0
2012-05-15,2.4285714285714284,0.2857142857142857,0.2857142857142857,16305.285714285714,10580.285714285714,4650.285714285715
2012-05-16,2.4285714285714284,0.42857142857142855,0.42857142857142855,16307.714285714286,10580.714285714286,4650.714285714285
2012-05-17,2.142857142857143,0.42857142857142855,0.42857142857142855,16309.857142857143,10581.142857142857,4651.142857142857
2012-05-18,2.2857142857142856,0.42857142857142855,0.42857142857142855,16312.142857142857,10581.57142857143,4651.571428571428
2012-05-19,2.142857142857143,0.2857142857142857,0.2857142857142857,16314.285714285714,10581.857142857143,4651.857142857143
2012-05-20,2.142857142857143,0.2857142857142857,0.2857142857142857,16316.42857142857,10582.142857142857,4652.142857142857
2012-05-21,3.142857142857143,0.5714285714285714,0.5714285714285714,16319.57142857143,10582.714285714286,4652.714285714285
2012-05-22,3.4285714285714284,0.5714285714285714,0.5714285714285714,16323.0,10583.285714285714,4653.285714285715
2012-05-23,3.7142857142857144,0.5714285714285714,0.5714285714285714,16326.714285714286,10583.857142857143,4653.857142857143
2012-05-24,3.4285714285714284,0.5714285714285714,0.5714285714285714,16330.142857142857,10584.42857142857,4654.428571428572
2012-05-25,3.0,0.42857142857142855,0.42857142857142855,16333.142857142857,10584.857142857143,4654.857142857143
2012-05-26,3.142857142857143,0.42857142857142855,0.42857142857142855,16336.285714285714,10585.285714285714,4655.285714285715
2012-05-27,2.7142857142857144,0.42857142857142855,0.42857142857142855,16339.0,10585.714285714286,4655.714285714285
2012-05-28,1.5714285714285714,0.14285714285714285,0.14285714285714285,16340.57142857143,10585.857142857143,4655.857142857143
2012-05-29,1.5714285714285714,0.14285714285714285,0.14285714285714285,16342.142857142857,10586.0,4656.0
2012-05-30,1.4285714285714286,0.14285714285714285,0.14285714285714285,16343.57142857143,10586.142857142857,4656.142857142857
2012-05-31,1.5714285714285714,0.14285714285714285,0.14285714285714285,16345.142857142857,10586.285714285714,4656.285714285715
2012-06-01,1.5714285714285714,0.2857142857142857,0.2857142857142857,16346.714285714286,10586.57142857143,4656.571428571428
2012-06-02,1.2857142857142858,0.2857142857142857,0.2857142857142857,16348.0,10586.857142857143,4656.857142857143
2012-06-03,1.7142857142857142,0.2857142857142857,0.2857142857142857,16349.714285714286,10587.142857142857,4657.142857142857
2012-06-04,1.8571428571428572,0.42857142857142855,0.42857142857142855,16351.57142857143,10587.57142857143,4657.571428571428
2012-06-05,1.5714285714285714,0.42857142857142855,0.42857142857142855,16353.142857142857,10588.0,4658.0
2012-06-06,1.1428571428571428,0.2857142857142857,0.2857142857142857,16354.285714285714,10588.285714285714,4658.285714285715
2012-06-07,1.0,0.42857142857142855,0.42857142857142855,16355.285714285714,10588.714285714286,4658.714285714285
2012-06-08,0.8571428571428571,0.2857142857142857,0.2857142857142857,16356.142857142857,10589.0,4659.0
2012-06-09,1.4285714285714286,0.2857142857142857,0.2857142857142857,16357.57142857143,10589.285714285714,4659.285714285715
2012-06-10,1.1428571428571428,0.2857142857142857,0.2857142857142857,16358.714285714286,10589.57142857143,4659.571428571428
2012-06-11,1.4285714285714286,0.14285714285714285,0.14285714285714285,16360.142857142857,10589.714285714286,4659.714285714285
2012-06-12,1.7142857142857142,0.14285714285714285,0.14285714285714285,16361.857142857143,10589.857142857143,4659.857142857143
2012-06-13,2.0,0.14285714285714285,0.14285714285714285,16363.857142857143,10590.0,4660.0
2012-06-14,1.8571428571428572,0.0,0.0,16365.714285714286,10590.0,4660.0
2012-06-15,1.8571428571428572,0.0,0.0,16367.57142857143,10590.0,4660.0
2012-06-16,1.7142857142857142,0.0,0.0,16369.285714285714,10590.0,4660.0
2012-06-17,1.8571428571428572,0.0,0.0,16371.142857142857,10590.0,4660.0
2012-06-18,1.5714285714285714,0.0,0.0,16372.714285714286,10590.0,4660.0
2012-06-19,1.2857142857142858,0.0,0.0,16374.0,10590.0,4660.0
2012-06-20,1.2857142857142858,0.0,0.0,16375.285714285714,10590.0,4660.0
2012-06-21,1.4285714285714286,0.0,0.0,16376.714285714286,10590.0,4660.0
2012-06-22,1.8571428571428572,0.14285714285714285,0.14285714285714285,16378.57142857143,10590.142857142857,4660.142857142857
2012-06-23,1.5714285714285714,0.14285714285714285,0.14285714285714285,16380.142857142857,10590.285714285714,4660.285714285715
2012-06-24,1.2857142857142858,0.14285714285714285,0.14285714285714285,16381.42857142857,10590.42857142857,4660.428571428572
2012-06-25,1.7142857142857142,0.42857142857142855,0.42857142857142855,16383.142857142857,10590.857142857143,4660.857142857143
2012-06-26,1.8571428571428572,0.42857142857142855,0.42857142857142855,16385.0,10591.285714285714,4661.285714285715
2012-06-27,2.0,0.42857142857142855,0.42857142857142855,16387.0,10591.714285714286,4661.714285714285
2012-06-28,2.142857142857143,0.42857142857142855,0.42857142857142855,16389.14285714286,10592.142857142857,4662.142857142857
2012-06-29,1.7142857142857142,0.2857142857142857,0.2857142857142857,16390.85714285714,10592.42857142857,4662.428571428572
2012-06-30,1.8571428571428572,0.42857142857142855,0.42857142857142855,16392.714285714286,10592.857142857143,4662.857142857143
2012-07-01,2.0,0.42857142857142855,0.42857142857142855,16394.714285714286,10593.285714285714,4663.285714285715
2012-07-02,1.5714285714285714,0.2857142857142857,0.2857142857142857,16396.285714285714,10593.57142857143,4663.571428571428
2012-07-03,1.4285714285714286,0.42857142857142855,0.42857142857142855,16397.714285714286,10594.0,4664.0
2012-07-04,1.0,0.42857142857142855,0.42857142857142855,16398.714285714286,10594.42857142857,4664.428571428572
2012-07-05,0.7142857142857143,0.42857142857142855,0.42857142857142855,16399.428571428572,10594.857142857143,4664.857142857143
2012-07-06,0.8571428571428571,0.5714285714285714,0.5714285714285714,16400.285714285714,10595.42857142857,4665.428571428572
2012-07-07,0.7142857142857143,0.42857142857142855,0.42857142857142855,16401.0,10595.857142857143,4665.857142857143
2012-07-08,1.0,0.7142857142857143,0.7142857142857143,16402.0,10596.57142857143,4666.571428571428
2012-07-09,1.1428571428571428,0.8571428571428571,0.8571428571428571,16403.14285714286,10597.42857142857,4667.428571428572
2012-07-10,1.0,0.7142857142857143,0.7142857142857143,16404.14285714286,10598.142857142857,4668.142857142857
2012-07-11,1.0,0.7142857142857143,0.7142857142857143,16405.14285714286,10598.857142857143,4668.857142857143
2012-07-12,1.0,0.7142857142857143,0.7142857142857143,16406.14285714286,10599.57142857143,4669.571428571428
2012-07-13,0.8571428571428571,0.5714285714285714,0.5714285714285714,16407.0,10600.142857142857,4670.142857142857
2012-07-14,0.8571428571428571,0.7142857142857143,0.7142857142857143,16407.85714285714,10600.857142857143,4670.857142857143
2012-07-15,0.42857142857142855,0.42857142857142855,0.42857142857142855,16408.285714285714,10601.285714285714,4671.285714285715
2012-07-16,0.14285714285714285,0.14285714285714285,0.14285714285714285,16408.428571428572,10601.42857142857,4671.428571428572
2012-07-17,0.14285714285714285,0.14285714285714285,0.14285714285714285,16408.571428571428,10601.57142857143,4671.571428571428
2012-07-18,0.14285714285714285,0.14285714285714285,0.14285714285714285,16408.714285714286,10601.714285714286,4671.714285714285
2012-07-19,0.14285714285714285,0.14285714285714285,0.14285714285714285,16408.85714285714,10601.857142857143,4671.857142857143
2012-07-20,0.14285714285714285,0.14285714285714285,0.14285714285714285,16409.0,10602.0,4672.0
2012-07-21,0.0,0.0,0.0,16409.0,10602.0,4672.0
2012-07-22,0.0,0.0,0.0,16409.0,10602.0,4672.0
2012-07-23,0.0,0.0,0.0,16409.0,10602.0,4672.0
2012-07-24,0.0,0.0,0.0,16409.0,10602.0,4672.0
2012-07-25,0.0,0.0,0.0,16409.0,10602.0,4672.0
2012-07-26,0.42857142857142855,0.0,0.0,16409.428571428572,10602.0,4672.0
2012-07-27,0.42857142857142855,0.0,0.0,16409.85714285714,10602.0,4672.0
2012-07-28,0.5714285714285714,0.0,0.0,16410.428571428572,10602.0,4672.0
2012-07-29,0.5714285714285714,0.0,0.0,16411.0,10602.0,4672.0
2012-07-30,0.7142857142857143,0.14285714285714285,0.14285714285714285,16411.714285714286,10602.142857142857,4672.142857142857
2012-07-31,0.7142857142857143,0.14285714285714285,0.14285714285714285,16412.428571428572,10602.285714285714,4672.285714285715
2012-08-01,0.8571428571428571,0.2857142857142857,0.2857142857142857,16413.285714285714,10602.57142857143,4672.571428571428
2012-08-02,0.5714285714285714,0.2857142857142857,0.2857142857142857,16413.85714285714,10602.857142857143,4672.857142857143
2012-08-03,0.7142857142857143,0.2857142857142857,0.2857142857142857,16414.571428571428,10603.142857142857,4673.142857142857
2012-08-04,0.5714285714285714,0.2857142857142857,0.2857142857142857,16415.14285714286,10603.42857142857,4673.428571428572
2012-08-05,0.5714285714285714,0.2857142857142857,0.2857142857142857,16415.714285714286,10603.714285714286,4673.714285714285
2012-08-06,0.5714285714285714,0.14285714285714285,0.14285714285714285,16416.285714285714,10603.857142857143,4673.857142857143
2012-08-07,0.7142857142857143,0.2857142857142857,0.2857142857142857,16417.0,10604.142857142857,4674.142857142857
2012-08-08,0.8571428571428571,0.2857142857142857,0.2857142857142857,16417.85714285714,10604.42857142857,4674.428571428572
2012-08-09,0.7142857142857143,0.2857142857142857,0.2857142857142857,16418.571428571428,10604.714285714286,4674.714285714285
2012-08-10,0.5714285714285714,0.2857142857142857,0.2857142857142857,16419.14285714286,10605.0,4675.0
2012-08-11,0.5714285714285714,0.2857142857142857,0.2857142857142857,16419.714285714286,10605.285714285714,4675.285714285715
2012-08-12,0.7142857142857143,0.2857142857142857,0.2857142857142857,16420.428571428572,10605.57142857143,4675.571428571428
2012-08-13,0.7142857142857143,0.2857142857142857,0.2857142857142857,16421.14285714286,10605.857142857143,4675.857142857143
2012-08-14,0.7142857142857143,0.14285714285714285,0.14285714285714285,16421.85714285714,10606.0,4676.0
2012-08-15,0.42857142857142855,0.0,0.0,16422.285714285714,10606.0,4676.0
2012-08-16,0.42857142857142855,0.0,0.0,16422.714285714286,10606.0,4676.0
2012-08-17,0.5714285714285714,0.0,0.0,16423.285714285714,10606.0,4676.0
2012-08-18,0.5714285714285714,0.0,0.0,16423.85714285714,10606.0,4676.0
2012-08-19,0.42857142857142855,0.0,0.0,16424.285714285714,10606.0,4676.0
2012-08-20,0.42857142857142855,0.14285714285714285,0.14285714285714285,16424.714285714286,10606.142857142857,4676.142857142857
2012-08-21,0.8571428571428571,0.14285714285714285,0.14285714285714285,16425.571428571428,10606.285714285714,4676.285714285715
2012-08-22,1.0,0.14285714285714285,0.14285714285714285,16426.571428571428,10606.42857142857,4676.428571428572
2012-08-23,1.0,0.14285714285714285,0.14285714285714285,16427.571428571428,10606.57142857143,4676.571428571428
2012-08-24,0.8571428571428571,0.14285714285714285,0.14285714285714285,16428.428571428572,10606.714285714286,4676.714285714285
2012-08-25,0.8571428571428571,0.14285714285714285,0.14285714285714285,16429.285714285714,10606.857142857143,4676.857142857143
2012-08-26,1.1428571428571428,0.14285714285714285,0.14285714285714285,16430.428571428572,10607.0,4677.0
2012-08-27,1.0,0.0,0.0,16431.428571428572,10607.0,4677.0
2012-08-28,0.5714285714285714,0.0,0.0,16432.0,10607.0,4677.0
2012-08-29,0.42857142857142855,0.0,0.0,16432.428571428572,10607.0,4677.0
2012-08-30,0.42857142857142855,0.0,0.0,16432.85714285714,10607.0,4677.0
2012-08-31,0.5714285714285714,0.0,0.0,16433.428571428572,10607.0,4677.0
2012-09-01,0.8571428571428571,0.0,0.0,16434.285714285714,10607.0,4677.0
2012-09-02,0.8571428571428571,0.0,0.0,16435.14285714286,10607.0,4677.0
2012-09-03,0.8571428571428571,0.0,0.0,16436.0,10607.0,4677.0
2012-09-04,1.0,0.0,0.0,16437.0,10607.0,4677.0
2012-09-05,1.0,0.0,0.0,16438.0,10607.0,4677.0
2012-09-06,1.1428571428571428,0.0,0.0,16439.14285714286,10607.0,4677.0
2012-09-07,1.1428571428571428,0.0,0.0,16440.285714285714,10607.0,4677.0
2012-09-08,1.0,0.0,0.0,16441.285714285714,10607.0,4677.0
2012-09-09,0.7142857142857143,0.0,0.0,16442.0,10607.0,4677.0
2012-09-10,1.0,0.0,0.0,16443.0,10607.0,4677.0
2012-09-11,0.7142857142857143,0.0,0.0,16443.714285714286,10607.0,4677.0
2012-09-12,1.1428571428571428,0.14285714285714285,0.14285714285714285,16444.85714285714,10607.142857142857,4677.142857142857
2012-09-13,1.1428571428571428,0.14285714285714285,0.14285714285714285,16446.0,10607.285714285714,4677.285714285715
2012-09-14,1.0,0.14285714285714285,0.14285714285714285,16447.0,10607.42857142857,4677.428571428572
2012-09-15,1.1428571428571428,0.14285714285714285,0.14285714285714285,16448.14285714286,10607.57142857143,4677.571428571428
2012-09-16,1.1428571428571428,0.14285714285714285,0.14285714285714285,16449.285714285714,10607.714285714286,4677.714285714285
2012-09-17,1.5714285714285714,0.14285714285714285,0.14285714285714285,16450.85714285714,10607.857142857143,4677.857142857143
2012-09-18,1.5714285714285714,0.14285714285714285,0.14285714285714285,16452.428571428572,10608.0,4678.0
2012-09-19,1.2857142857142858,0.0,0.0,16453.714285714286,10608.0,4678.0
2012-09-20,1.4285714285714286,0.0,0.0,16455.14285714286,10608.0,4678.0
2012-09-21,1.4285714285714286,0.0,0.0,16456.571428571428,10608.0,4678.0
2012-09-22,1.1428571428571428,0.0,0.0,16457.714285714286,10608.0,4678.0
2012-09-23,1.1428571428571428,0.0,0.0,16458.85714285714,10608.0,4678.0
2012-09-24,0.5714285714285714,0.0,0.0,16459.428571428572,10608.0,4678.0
2012-09-25,0.5714285714285714,0.0,0.0,16460.0,10608.0,4678.0
2012-09-26,0.5714285714285714,0.0,0.0,16460.571428571428,10608.0,4678.0
2012-09-27,0.2857142857142857,0.0,0.0,16460.85714285714,10608.0,4678.0
2012-09-28,0.5714285714285714,0.0,0.0,16461.428571428572,10608.0,4678.0
2012-09-29,0.8571428571428571,0.0,0.0,16462.285714285714,10608.0,4678.0
2012-09-30,1.0,0.0,0.0,16463.285714285714,10608.0,4678.0
2012-10-01,1.5714285714285714,0.0,0.0,16464.85714285714,10608.0,4678.0
2012-10-02,2.0,0.14285714285714285,0.14285714285714285,16466.85714285714,10608.142857142857,4678.142857142857
2012-10-03,2.2857142857142856,0.2857142857142857,0.2857142857142857,16469.14285714286,10608.42857142857,4678.428571428572
2012-10-04,2.5714285714285716,0.2857142857142857,0.2857142857142857,16471.714285714286,10608.714285714286,4678.714285714285
2012-10-05,2.4285714285714284,0.2857142857142857,0.2857142857142857,16474.14285714286,10609.0,4679.0
2012-10-06,2.2857142857142856,0.2857142857142857,0.2857142857142857,16476.428571428572,10609.285714285714,4679.285714285715
2012-10-07,2.2857142857142856,0.2857142857142857,0.2857142857142857,16478.714285714286,10609.57142857143,4679.571428571428
2012-10-08,1.7142857142857142,0.2857142857142857,0.2857142857142857,16480.428571428572,10609.857142857143,4679.857142857143
2012-10-09,1.5714285714285714,0.14285714285714285,0.14285714285714285,16482.0,10610.0,4680.0
2012-10-10,1.4285714285714286,0.0,0.0,16483.428571428572,10610.0,4680.0
2012-10-11,1.1428571428571428,0.0,0.0,16484.571428571428,10610.0,4680.0
2012-10-12,1.1428571428571428,0.0,0.0,16485.714285714286,10610.0,4680.0
2012-10-13,1.0,0.0,0.0,16486.714285714286,10610.0,4680.0
2012-10-14,0.8571428571428571,0.0,0.0,16487.571428571428,10610.0,4680.0
2012-10-15,0.8571428571428571,0.0,0.0,16488.428571428572,10610.0,4680.0
2012-10-16,0.7142857142857143,0.0,0.0,16489.14285714286,10610.0,4680.0
2012-10-17,0.42857142857142855,0.0,0.0,16489.571428571428,10610.0,4680.0
2012-10-18,0.42857142857142855,0.0,0.0,16490.0,10610.0,4680.0
2012-10-19,0.42857142857142855,0.0,0.0,16490.428571428572,10610.0,4680.0
2012-10-20,0.5714285714285714,0.0,0.0,16491.0,10610.0,4680.0
2012-10-21,0.5714285714285714,0.0,0.0,16491.571428571428,10610.0,4680.0
2012-10-22,0.7142857142857143,0.0,0.0,16492.285714285714,10610.0,4680.0
2012-10-23,1.0,0.14285714285714285,0.14285714285714285,16493.285714285714,10610.142857142857,4680.142857142857
2012-10-24,1.1428571428571428,0.14285714285714285,0.14285714285714285,16494.428571428572,10610.285714285714,4680.285714285715
2012-10-25,1.1428571428571428,0.14285714285714285,0.14285714285714285,16495.571428571428,10610.42857142857,4680.428571428572
2012-10-26,1.1428571428571428,0.14285714285714285,0.14285714285714285,16496.714285714286,10610.57142857143,4680.571428571428
2012-10-27,1.0,0.14285714285714285,0.14285714285714285,16497.714285714286,10610.714285714286,4680.714285714285
2012-10-28,1.0,0.14285714285714285,0.14285714285714285,16498.714285714286,10610.857142857143,4680.857142857143
2012-10-29,0.7142857142857143,0.14285714285714285,0.14285714285714285,16499.428571428572,10611.0,4681.0
2012-10-30,0.7142857142857143,0.0,0.0,16500.14285714286,10611.0,4681.0
2012-10-31,0.7142857142857143,0.0,0.0,16500.85714285714,10611.0,4681.0
2012-11-01,0.7142857142857143,0.0,0.0,16501.571428571428,10611.0,4681.0
2012-11-02,0.7142857142857143,0.0,0.0,16502.285714285714,10611.0,4681.0
2012-11-03,0.8571428571428571,0.0,0.0,16503.14285714286,10611.0,4681.0
2012-11-04,1.0,0.0,0.0,16504.14285714286,10611.0,4681.0
2012-11-05,1.0,0.0,0.0,16505.14285714286,10611.0,4681.0
2012-11-06,1.1428571428571428,0.0,0.0,16506.285714285714,10611.0,4681.0
2012-11-07,1.2857142857142858,0.0,0.0,16507.571428571428,10611.0,4681.0
2012-11-08,1.7142857142857142,0.0,0.0,16509.285714285714,10611.0,4681.0
2012-11-09,2.0,0.0,0.0,16511.285714285714,10611.0,4681.0
2012-11-10,1.8571428571428572,0.0,0.0,16513.14285714286,10611.0,4681.0
2012-11-11,1.8571428571428572,0.0,0.0,16515.0,10611.0,4681.0
2012-11-12,2.142857142857143,0.0,0.0,16517.14285714286,10611.0,4681.0
2012-11-13,1.5714285714285714,0.0,0.0,16518.714285714286,10611.0,4681.0
2012-11-14,1.5714285714285714,0.0,0.0,16520.285714285714,10611.0,4681.0
2012-11-15,1.1428571428571428,0.0,0.0,16521.428571428572,10611.0,4681.0
2012-11-16,1.1428571428571428,0.0,0.0,16522.571428571428,10611.0,4681.0
2012-11-17,1.2857142857142858,0.0,0.0,16523.85714285714,10611.0,4681.0
2012-11-18,1.4285714285714286,0.0,0.0,16525.285714285714,10611.0,4681.0
2012-11-19,1.8571428571428572,0.0,0.0,16527.14285714286,10611.0,4681.0
2012-11-20,2.5714285714285716,0.0,0.0,16529.714285714286,10611.0,4681.0
2012-11-21,2.5714285714285716,0.14285714285714285,0.14285714285714285,16532.285714285714,10611.142857142857,4681.142857142857
2012-11-22,3.0,0.14285714285714285,0.14285714285714285,16535.285714285714,10611.285714285714,4681.285714285715
2012-11-23,3.0,0.14285714285714285,0.14285714285714285,16538.285714285714,10611.42857142857,4681.428571428572
2012-11-24,3.142857142857143,0.14285714285714285,0.14285714285714285,16541.428571428572,10611.57142857143,4681.571428571428
2012-11-25,3.0,0.14285714285714285,0.14285714285714285,16544.428571428572,10611.714285714286,4681.714285714285
2012-11-26,2.7142857142857144,0.14285714285714285,0.14285714285714285,16547.14285714286,10611.857142857143,4681.857142857143
2012-11-27,2.5714285714285716,0.2857142857142857,0.2857142857142857,16549.714285714286,10612.142857142857,4682.142857142857
2012-11-28,2.4285714285714284,0.14285714285714285,0.14285714285714285,16552.14285714286,10612.285714285714,4682.285714285715
2012-11-29,2.142857142857143,0.14285714285714285,0.14285714285714285,16554.285714285714,10612.42857142857,4682.428571428572
2012-11-30,2.0,0.14285714285714285,0.14285714285714285,16556.285714285714,10612.57142857143,4682.571428571428
2012-12-01,2.142857142857143,0.2857142857142857,0.2857142857142857,16558.428571428572,10612.857142857143,4682.857142857143
2012-12-02,2.4285714285714284,0.2857142857142857,0.2857142857142857,16560.85714285714,10613.142857142857,4683.142857142857
2012-12-03,2.7142857142857144,0.5714285714285714,0.5714285714285714,16563.571428571428,10613.714285714286,4683.714285714285
2012-12-04,2.4285714285714284,0.42857142857142855,0.42857142857142855,16566.0,10614.142857142857,4684.142857142857
2012-12-05,3.0,0.42857142857142855,0.42857142857142855,16569.0,10614.57142857143,4684.571428571428
2012-12-06,3.7142857142857144,0.5714285714285714,0.5714285714285714,16572.714285714286,10615.142857142857,4685.142857142857
2012-12-07,3.7142857142857144,0.5714285714285714,0.5714285714285714,16576.428571428572,10615.714285714286,4685.714285714285
2012-12-08,3.5714285714285716,0.42857142857142855,0.42857142857142855,16580.0,10616.142857142857,4686.142857142857
2012-12-09,4.142857142857143,0.42857142857142855,0.42857142857142855,16584.14285714286,10616.57142857143,4686.571428571428
2012-12-10,4.0,0.14285714285714285,0.14285714285714285,16588.14285714286,10616.714285714286,4686.714285714285
2012-12-11,4.428571428571429,0.14285714285714285,0.14285714285714285,16592.571428571428,10616.857142857143,4686.857142857143
2012-12-12,4.142857142857143,0.14285714285714285,0.14285714285714285,16596.714285714286,10617.0,4687.0
2012-12-13,3.5714285714285716,0.0,0.0,16600.285714285714,10617.0,4687.0
2012-12-14,4.285714285714286,0.14285714285714285,0.0,16604.571428571428,10617.142857142857,4687.0
2012-12-15,4.142857142857143,0.14285714285714285,0.0,16608.714285714286,10617.285714285714,4687.0
2012-12-16,3.7142857142857144,0.2857142857142857,0.14285714285714285,16612.428571428572,10617.57142857143,4687.142857142857
2012-12-17,3.5714285714285716,0.42857142857142855,0.2857142857142857,16616.0,10618.0,4687.428571428572
2012-12-18,3.7142857142857144,0.42857142857142855,0.2857142857142857,16619.714285714286,10618.42857142857,4687.714285714285
2012-12-19,4.142857142857143,0.42857142857142855,0.2857142857142857,16623.85714285714,10618.857142857143,4688.0
2012-12-20,4.857142857142857,1.0,0.5714285714285714,16628.714285714286,10619.857142857143,4688.571428571428
2012-12-21,4.0,0.8571428571428571,0.5714285714285714,16632.714285714286,10620.714285714286,4689.142857142857
2012-12-22,4.0,0.8571428571428571,0.5714285714285714,16636.714285714286,10621.57142857143,4689.714285714285
2012-12-23,3.5714285714285716,0.7142857142857143,0.42857142857142855,16640.285714285714,10622.285714285714,4690.142857142857
2012-12-24,3.4285714285714284,0.5714285714285714,0.2857142857142857,16643.714285714286,10622.857142857143,4690.428571428572
2012-12-25,3.142857142857143,0.7142857142857143,0.42857142857142855,16646.85714285714,10623.57142857143,4690.857142857143
2012-12-26,2.5714285714285716,0.8571428571428571,0.5714285714285714,16649.428571428572,10624.42857142857,4691.428571428572
2012-12-27,2.0,0.42857142857142855,0.42857142857142855,16651.428571428572,10624.857142857143,4691.857142857143
2012-12-28,2.0,0.5714285714285714,0.5714285714285714,16653.428571428572,10625.42857142857,4692.428571428572
2012-12-29,2.4285714285714284,0.7142857142857143,0.5714285714285714,16655.85714285714,10626.142857142857,4693.0
2012-12-30,3.0,0.7142857142857143,0.5714285714285714,16658.85714285714,10626.857142857143,4693.571428571428
2012-12-31,3.142857142857143,0.7142857142857143,0.5714285714285714,16662.0,10627.57142857143,4694.142857142857
2013-01-01,3.857142857142857,0.7142857142857143,0.42857142857142855,16665.85714285714,10628.285714285714,4694.571428571428
2013-01-02,4.857142857142857,0.5714285714285714,0.2857142857142857,16670.714285714286,10628.857142857143,4694.857142857143
2013-01-03,5.714285714285714,0.42857142857142855,0.14285714285714285,16676.428571428572,10629.285714285714,4695.0
2013-01-04,6.285714285714286,0.2857142857142857,0.0,16682.714285714286,10629.57142857143,4695.0
2013-01-05,6.714285714285714,0.42857142857142855,0.14285714285714285,16689.428571428572,10630.0,4695.142857142857
2013-01-06,6.857142857142857,0.8571428571428571,0.42857142857142855,16696.285714285714,10630.857142857143,4695.571428571428
2013-01-07,7.571428571428571,1.0,0.42857142857142855,16703.85714285714,10631.857142857143,4696.0
2013-01-08,7.428571428571429,1.1428571428571428,0.5714285714285714,16711.285714285714,10633.0,4696.571428571428
2013-01-09,7.142857142857143,1.2857142857142858,0.5714285714285714,16718.428571428572,10634.285714285714,4697.142857142857
2013-01-10,7.0,1.4285714285714286,0.7142857142857143,16725.428571428572,10635.714285714286,4697.857142857143
2013-01-11,7.571428571428571,2.0,1.2857142857142858,16733.0,10637.714285714286,4699.142857142857
2013-01-12,7.142857142857143,1.8571428571428572,1.1428571428571428,16740.14285714286,10639.57142857143,4700.285714285715
2013-01-13,7.0,1.7142857142857142,1.1428571428571428,16747.14285714286,10641.285714285714,4701.428571428572
2013-01-14,7.0,2.142857142857143,1.7142857142857142,16754.14285714286,10643.42857142857,4703.142857142857
2013-01-15,6.857142857142857,2.0,1.7142857142857142,16761.0,10645.42857142857,4704.857142857143
2013-01-16,6.857142857142857,2.2857142857142856,2.142857142857143,16767.85714285714,10647.714285714286,4707.0
2013-01-17,6.857142857142857,2.4285714285714284,2.2857142857142856,16774.714285714286,10650.142857142857,4709.285714285715
2013-01-18,6.285714285714286,1.8571428571428572,1.7142857142857142,16781.0,10652.0,4711.0
2013-01-19,6.714285714285714,1.7142857142857142,1.7142857142857142,16787.714285714286,10653.714285714286,4712.714285714285
2013-01-20,7.571428571428571,1.5714285714285714,1.5714285714285714,16795.285714285714,10655.285714285714,4714.285714285715
2013-01-21,7.714285714285714,1.2857142857142858,1.2857142857142858,16803.0,10656.57142857143,4715.571428571428
2013-01-22,8.285714285714286,1.5714285714285714,1.5714285714285714,16811.285714285714,10658.142857142857,4717.142857142857
2013-01-23,8.857142857142858,1.5714285714285714,1.4285714285714286,16820.14285714286,10659.714285714286,4718.571428571428
2013-01-24,9.142857142857142,2.0,1.7142857142857142,16829.285714285714,10661.714285714286,4720.285714285715
2013-01-25,10.142857142857142,2.2857142857142856,2.0,16839.428571428572,10664.0,4722.285714285715
2013-01-26,10.571428571428571,2.857142857142857,2.5714285714285716,16850.0,10666.857142857143,4724.857142857143
2013-01-27,10.857142857142858,3.2857142857142856,3.0,16860.85714285714,10670.142857142857,4727.857142857143
2013-01-28,11.571428571428571,3.4285714285714284,3.142857142857143,16872.428571428572,10673.57142857143,4731.0
2013-01-29,11.428571428571429,3.5714285714285716,3.2857142857142856,16883.85714285714,10677.142857142857,4734.285714285715
2013-01-30,10.857142857142858,3.2857142857142856,3.142857142857143,16894.714285714286,10680.42857142857,4737.428571428572
2013-01-31,11.142857142857142,2.7142857142857144,2.7142857142857144,16905.85714285714,10683.142857142857,4740.142857142857
2013-02-01,10.571428571428571,2.5714285714285716,2.5714285714285716,16916.428571428572,10685.714285714286,4742.714285714285
2013-02-02,10.428571428571429,2.2857142857142856,2.2857142857142856,16926.85714285714,10688.0,4745.0
2013-02-03,10.857142857142858,2.142857142857143,2.142857142857143,16937.714285714286,10690.142857142857,4747.142857142857
2013-02-04,12.142857142857142,3.0,2.857142857142857,16949.85714285714,10693.142857142857,4750.0
2013-02-05,12.571428571428571,3.0,2.857142857142857,16962.428571428572,10696.142857142857,4752.857142857143
2013-02-06,15.285714285714286,4.285714285714286,4.142857142857143,16977.714285714286,10700.42857142857,4757.0
2013-02-07,15.714285714285714,4.714285714285714,4.571428571428571,16993.428571428572,10705.142857142857,4761.571428571428
2013-02-08,15.857142857142858,5.0,4.857142857142857,17009.285714285714,10710.142857142857,4766.428571428572
2013-02-09,16.714285714285715,5.857142857142857,5.714285714285714,17026.0,10716.0,4772.142857142857
2013-02-10,17.285714285714285,6.857142857142857,6.714285714285714,17043.285714285714,10722.857142857143,4778.857142857143
2013-02-11,15.142857142857142,6.0,5.857142857142857,17058.428571428572,10728.857142857143,4784.714285714285
2013-02-12,15.0,6.285714285714286,6.0,17073.428571428572,10735.142857142857,4790.714285714285
2013-02-13,13.857142857142858,5.857142857142857,5.571428571428571,17087.285714285714,10741.0,4796.285714285715
2013-02-14,13.857142857142858,6.0,5.714285714285714,17101.14285714286,10747.0,4802.0
2013-02-15,15.0,6.428571428571429,6.142857142857143,17116.14285714286,10753.42857142857,4808.142857142857
2013-02-16,15.142857142857142,6.142857142857143,5.857142857142857,17131.285714285714,10759.57142857143,4814.0
2013-02-17,14.714285714285714,5.285714285714286,5.0,17146.0,10764.857142857143,4819.0
2013-02-18,16.571428571428573,5.571428571428571,5.428571428571429,17162.571428571428,10770.42857142857,4824.428571428572
2013-02-19,17.142857142857142,5.0,4.857142857142857,17179.714285714286,10775.42857142857,4829.285714285715
2013-02-20,17.285714285714285,4.857142857142857,4.714285714285714,17197.0,10780.285714285714,4834.0
2013-02-21,18.428571428571427,5.142857142857143,5.0,17215.428571428572,10785.42857142857,4839.0
2013-02-22,18.857142857142858,5.0,4.857142857142857,17234.285714285714,10790.42857142857,4843.857142857143
2013-02-23,19.714285714285715,5.142857142857143,5.0,17254.0,10795.57142857143,4848.857142857143
2013-02-24,20.857142857142858,6.285714285714286,6.142857142857143,17274.85714285714,10801.857142857143,4855.0
2013-02-25,21.428571428571427,6.714285714285714,6.571428571428571,17296.285714285714,10808.57142857143,4861.571428571428
2013-02-26,22.142857142857142,7.428571428571429,7.428571428571429,17318.428571428572,10816.0,4869.0
2013-02-27,25.714285714285715,8.428571428571429,8.428571428571429,17344.14285714286,10824.42857142857,4877.428571428572
2013-02-28,25.428571428571427,8.857142857142858,8.857142857142858,17369.571428571428,10833.285714285714,4886.285714285715
2013-03-01,27.857142857142858,10.428571428571429,10.285714285714286,17397.428571428572,10843.714285714286,4896.571428571428
2013-03-02,28.857142857142858,10.571428571428571,10.428571428571429,17426.285714285714,10854.285714285714,4907.0
2013-03-03,31.0,10.142857142857142,10.0,17457.285714285714,10864.42857142857,4917.0
2013-03-04,32.285714285714285,10.0,9.714285714285714,17489.571428571428,10874.42857142857,4926.714285714285
2013-03-05,34.857142857142854,10.428571428571429,10.142857142857142,17524.428571428572,10884.857142857143,4936.857142857143
2013-03-06,33.285714285714285,10.142857142857142,9.857142857142858,17557.714285714286,10895.0,4946.714285714285
2013-03-07,36.0,11.428571428571429,10.857142857142858,17593.714285714286,10906.42857142857,4957.571428571428
2013-03-08,36.42857142857143,11.428571428571429,10.857142857142858,17630.14285714286,10917.857142857143,4968.428571428572
2013-03-09,39.857142857142854,13.142857142857142,12.571428571428571,17670.0,10931.0,4981.0
2013-03-10,41.714285714285715,14.857142857142858,13.571428571428571,17711.714285714286,10945.857142857143,4994.571428571428
2013-03-11,47.0,17.142857142857142,15.857142857142858,17758.714285714286,10963.0,5010.428571428572
2013-03-12,49.285714285714285,17.142857142857142,15.714285714285714,17808.0,10980.142857142857,5026.142857142857
2013-03-13,54.142857142857146,18.714285714285715,17.0,17862.14285714286,10998.857142857143,5043.142857142857
2013-03-14,57.0,18.0,16.285714285714285,17919.14285714286,11016.857142857143,5059.428571428572
2013-03-15,64.14285714285714,19.571428571428573,17.571428571428573,17983.285714285714,11036.42857142857,5077.0
2013-03-16,64.57142857142857,19.142857142857142,16.285714285714285,18047.85714285714,11055.57142857143,5093.285714285715
2013-03-17,66.0,19.857142857142858,16.285714285714285,18113.85714285714,11075.42857142857,5109.571428571428
2013-03-18,67.57142857142857,22.0,16.0,18181.428571428572,11097.42857142857,5125.571428571428
2013-03-19,69.85714285714286,26.857142857142858,18.0,18251.285714285714,11124.285714285714,5143.571428571428
2013-03-20,70.0,31.714285714285715,17.714285714285715,18321.285714285714,11156.0,5161.285714285715
2013-03-21,72.57142857142857,39.57142857142857,19.142857142857142,18393.85714285714,11195.57142857143,5180.428571428572
2013-03-22,66.85714285714286,42.0,17.285714285714285,18460.714285714286,11237.57142857143,5197.714285714285
2013-03-23,67.14285714285714,46.142857142857146,17.714285714285715,18527.85714285714,11283.714285714286,5215.428571428572
2013-03-24,69.0,51.142857142857146,17.142857142857142,18596.85714285714,11334.857142857143,5232.571428571428
2013-03-25,69.71428571428571,55.857142857142854,17.285714285714285,18666.571428571428,11390.714285714286,5249.857142857143
2013-03-26,67.71428571428571,56.42857142857143,16.285714285714285,18734.285714285714,11447.142857142857,5266.142857142857
2013-03-27,64.14285714285714,53.0,14.857142857142858,18798.428571428572,11500.142857142857,5281.0
2013-03-28,60.857142857142854,49.142857142857146,13.285714285714286,18859.285714285714,11549.285714285714,5294.285714285715
2013-03-29,59.857142857142854,47.42857142857143,13.714285714285714,18919.14285714286,11596.714285714286,5308.0
2013-03-30,59.42857142857143,47.57142857142857,14.0,18978.571428571428,11644.285714285714,5322.0
2013-03-31,54.714285714285715,43.714285714285715,14.571428571428571,19033.285714285714,11688.0,5336.571428571428
2013-04-01,51.42857142857143,40.714285714285715,14.142857142857142,19084.714285714286,11728.714285714286,5350.714285714285
2013-04-02,53.285714285714285,41.857142857142854,14.285714285714286,19138.0,11770.57142857143,5365.0
2013-04-03,56.142857142857146,44.57142857142857,16.285714285714285,19194.14285714286,11815.142857142857,5381.285714285715
2013-04-04,56.0,44.857142857142854,16.857142857142858,19250.14285714286,11860.0,5398.142857142857
2013-04-05,60.285714285714285,48.285714285714285,17.714285714285715,19310.428571428572,11908.285714285714,5415.857142857143
2013-04-06,62.0,49.57142857142857,18.285714285714285,19372.428571428572,11957.857142857143,5434.142857142857
2013-04-07,65.0,52.42857142857143,18.714285714285715,19437.428571428572,12010.285714285714,5452.857142857143
2013-04-08,67.57142857142857,54.142857142857146,18.428571428571427,19505.0,12064.42857142857,5471.285714285715
2013-04-09,67.57142857142857,54.285714285714285,18.428571428571427,19572.571428571428,12118.714285714286,5489.714285714285
2013-04-10,68.14285714285714,54.285714285714285,18.0,19640.714285714286,12173.0,5507.714285714285
2013-04-11,69.71428571428571,54.57142857142857,18.857142857142858,19710.428571428572,12227.57142857143,5526.571428571428
2013-04-12,67.0,53.142857142857146,19.714285714285715,19777.428571428572,12280.714285714286,5546.285714285715
2013-04-13,64.71428571428571,51.285714285714285,20.428571428571427,19842.14285714286,12332.0,5566.714285714285
2013-04-14,63.857142857142854,49.714285714285715,20.714285714285715,19906.0,12381.714285714286,5587.428571428572
2013-04-15,62.57142857142857,49.857142857142854,24.285714285714285,19968.571428571428,12431.57142857143,5611.714285714285
2013-04-16,61.285714285714285,48.57142857142857,24.857142857142858,20029.85714285714,12480.142857142857,5636.571428571428
2013-04-17,60.42857142857143,47.857142857142854,25.857142857142858,20090.285714285714,12528.0,5662.428571428572
2013-04-18,58.857142857142854,47.57142857142857,25.714285714285715,20149.14285714286,12575.57142857143,5688.142857142857
2013-04-19,57.42857142857143,45.57142857142857,24.714285714285715,20206.571428571428,12621.142857142857,5712.857142857143
2013-04-20,55.857142857142854,43.857142857142854,23.285714285714285,20262.428571428572,12665.0,5736.142857142857
2013-04-21,54.714285714285715,43.714285714285715,23.428571428571427,20317.14285714286,12708.714285714286,5759.571428571428
2013-04-22,51.57142857142857,39.57142857142857,19.571428571428573,20368.714285714286,12748.285714285714,5779.142857142857
2013-04-23,50.285714285714285,37.285714285714285,17.857142857142858,20419.0,12785.57142857143,5797.0
2013-04-24,46.142857142857146,33.57142857142857,15.285714285714286,20465.14285714286,12819.142857142857,5812.285714285715
2013-04-25,42.42857142857143,29.0,13.142857142857142,20507.571428571428,12848.142857142857,5825.428571428572
2013-04-26,41.57142857142857,26.714285714285715,12.0,20549.14285714286,12874.857142857143,5837.428571428572
2013-04-27,40.142857142857146,23.428571428571427,11.0,20589.285714285714,12898.285714285714,5848.428571428572
2013-04-28,37.714285714285715,19.0,9.428571428571429,20627.0,12917.285714285714,5857.857142857143
2013-04-29,34.142857142857146,15.714285714285714,9.0,20661.14285714286,12933.0,5866.857142857143
2013-04-30,29.714285714285715,12.142857142857142,8.714285714285714,20690.85714285714,12945.142857142857,5875.571428571428
2013-05-01,29.285714285714285,11.142857142857142,9.428571428571429,20720.14285714286,12956.285714285714,5885.0
2013-05-02,28.285714285714285,11.0,10.285714285714286,20748.428571428572,12967.285714285714,5895.285714285715
2013-05-03,26.571428571428573,9.285714285714286,9.285714285714286,20775.0,12976.57142857143,5904.571428571428
2013-05-04,25.285714285714285,9.285714285714286,9.285714285714286,20800.285714285714,12985.857142857143,5913.857142857143
2013-05-05,23.285714285714285,9.0,9.0,20823.571428571428,12994.857142857143,5922.857142857143
2013-05-06,22.714285714285715,8.428571428571429,8.428571428571429,20846.285714285714,13003.285714285714,5931.285714285715
2013-05-07,22.714285714285715,8.428571428571429,8.285714285714286,20869.0,13011.714285714286,5939.571428571428
2013-05-08,21.428571428571427,7.714285714285714,7.571428571428571,20890.428571428572,13019.42857142857,5947.142857142857
2013-05-09,21.714285714285715,7.285714285714286,7.142857142857143,20912.14285714286,13026.714285714286,5954.285714285715
2013-05-10,20.0,7.714285714285714,7.571428571428571,20932.14285714286,13034.42857142857,5961.857142857143
2013-05-11,19.428571428571427,7.285714285714286,7.142857142857143,20951.571428571428,13041.714285714286,5969.0
2013-05-12,19.0,6.571428571428571,6.428571428571429,20970.571428571428,13048.285714285714,5975.428571428572
2013-05-13,18.0,6.428571428571429,6.285714285714286,20988.571428571428,13054.714285714286,5981.714285714285
2013-05-14,17.571428571428573,6.0,6.0,21006.14285714286,13060.714285714286,5987.714285714285
2013-05-15,16.0,5.142857142857143,5.142857142857143,21022.14285714286,13065.857142857143,5992.857142857143
2013-05-16,13.285714285714286,4.285714285714286,4.285714285714286,21035.428571428572,13070.142857142857,5997.142857142857
2013-05-17,13.285714285714286,4.0,4.0,21048.714285714286,13074.142857142857,6001.142857142857
2013-05-18,13.0,4.0,4.0,21061.714285714286,13078.142857142857,6005.142857142857
2013-05-19,12.142857142857142,3.857142857142857,3.857142857142857,21073.85714285714,13082.0,6009.0
2013-05-20,12.285714285714286,3.142857142857143,3.142857142857143,21086.14285714286,13085.142857142857,6012.142857142857
2013-05-21,11.142857142857142,2.5714285714285716,2.5714285714285716,21097.285714285714,13087.714285714286,6014.714285714285
2013-05-22,10.714285714285714,2.4285714285714284,2.4285714285714284,21108.0,13090.142857142857,6017.142857142857
2013-05-23,11.571428571428571,2.5714285714285716,2.5714285714285716,21119.571428571428,13092.714285714286,6019.714285714285
2013-05-24,11.571428571428571,2.5714285714285716,2.5714285714285716,21131.14285714286,13095.285714285714,6022.285714285715
2013-05-25,11.0,2.142857142857143,2.142857142857143,21142.14285714286,13097.42857142857,6024.428571428572
2013-05-26,10.714285714285714,1.7142857142857142,1.7142857142857142,21152.85714285714,13099.142857142857,6026.142857142857
2013-05-27,9.857142857142858,1.8571428571428572,1.8571428571428572,21162.714285714286,13101.0,6028.0
2013-05-28,10.714285714285714,2.2857142857142856,2.2857142857142856,21173.428571428572,13103.285714285714,6030.285714285715
2013-05-29,10.714285714285714,2.4285714285714284,2.4285714285714284,21184.14285714286,13105.714285714286,6032.714285714285
2013-05-30,10.428571428571429,2.2857142857142856,2.2857142857142856,21194.571428571428,13108.0,6035.0
2013-05-31,9.142857142857142,2.0,2.0,21203.714285714286,13110.0,6037.0
2013-06-01,8.0,1.7142857142857142,1.7142857142857142,21211.714285714286,13111.714285714286,6038.714285714285
2013-06-02,7.714285714285714,1.7142857142857142,1.7142857142857142,21219.428571428572,13113.42857142857,6040.428571428572
2013-06-03,7.571428571428571,1.7142857142857142,1.7142857142857142,21227.0,13115.142857142857,6042.142857142857
2013-06-04,6.285714285714286,1.8571428571428572,1.8571428571428572,21233.285714285714,13117.0,6044.0
2013-06-05,6.571428571428571,2.0,2.0,21239.85714285714,13119.0,6046.0
2013-06-06,7.285714285714286,2.0,2.0,21247.14285714286,13121.0,6048.0
2013-06-07,8.142857142857142,2.142857142857143,2.142857142857143,21255.285714285714,13123.142857142857,6050.142857142857
2013-06-08,8.285714285714286,2.4285714285714284,2.4285714285714284,21263.571428571428,13125.57142857143,6052.571428571428
2013-06-09,8.0,2.4285714285714284,2.4285714285714284,21271.571428571428,13128.0,6055.0
2013-06-10,7.571428571428571,2.4285714285714284,2.4285714285714284,21279.14285714286,13130.42857142857,6057.428571428572
2013-06-11,7.142857142857143,1.8571428571428572,1.8571428571428572,21286.285714285714,13132.285714285714,6059.285714285715
2013-06-12,6.571428571428571,1.7142857142857142,1.7142857142857142,21292.85714285714,13134.0,6061.0
2013-06-13,4.857142857142857,1.4285714285714286,1.4285714285714286,21297.714285714286,13135.42857142857,6062.428571428572
2013-06-14,4.0,0.8571428571428571,0.8571428571428571,21301.714285714286,13136.285714285714,6063.285714285715
2013-06-15,3.7142857142857144,0.7142857142857143,0.7142857142857143,21305.428571428572,13137.0,6064.0
2013-06-16,3.857142857142857,0.8571428571428571,0.8571428571428571,21309.285714285714,13137.857142857143,6064.857142857143
2013-06-17,3.7142857142857144,0.5714285714285714,0.5714285714285714,21313.0,13138.42857142857,6065.428571428572
2013-06-18,3.5714285714285716,0.7142857142857143,0.7142857142857143,21316.571428571428,13139.142857142857,6066.142857142857
2013-06-19,3.857142857142857,0.7142857142857143,0.7142857142857143,21320.428571428572,13139.857142857143,6066.857142857143
2013-06-20,3.857142857142857,0.7142857142857143,0.7142857142857143,21324.285714285714,13140.57142857143,6067.571428571428
2013-06-21,3.142857142857143,0.7142857142857143,0.7142857142857143,21327.428571428572,13141.285714285714,6068.285714285715
2013-06-22,3.0,0.7142857142857143,0.5714285714285714,21330.428571428572,13142.0,6068.857142857143
2013-06-23,2.7142857142857144,0.5714285714285714,0.42857142857142855,21333.14285714286,13142.57142857143,6069.285714285715
2013-06-24,2.5714285714285716,0.5714285714285714,0.42857142857142855,21335.714285714286,13143.142857142857,6069.714285714285
2013-06-25,2.2857142857142856,0.42857142857142855,0.2857142857142857,21338.0,13143.57142857143,6070.0
2013-06-26,1.7142857142857142,0.14285714285714285,0.0,21339.714285714286,13143.714285714286,6070.0
2013-06-27,1.7142857142857142,0.14285714285714285,0.0,21341.428571428572,13143.857142857143,6070.0
2013-06-28,2.142857142857143,0.14285714285714285,0.0,21343.571428571428,13144.0,6070.0
2013-06-29,2.0,0.0,0.0,21345.571428571428,13144.0,6070.0
2013-06-30,2.0,0.0,0.0,21347.571428571428,13144.0,6070.0
2013-07-01,2.142857142857143,0.14285714285714285,0.14285714285714285,21349.714285714286,13144.142857142857,6070.142857142857
2013-07-02,2.4285714285714284,0.14285714285714285,0.14285714285714285,21352.14285714286,13144.285714285714,6070.285714285715
2013-07-03,2.4285714285714284,0.14285714285714285,0.14285714285714285,21354.571428571428,13144.42857142857,6070.428571428572
2013-07-04,2.7142857142857144,0.14285714285714285,0.14285714285714285,21357.285714285714,13144.57142857143,6070.571428571428
2013-07-05,2.4285714285714284,0.2857142857142857,0.2857142857142857,21359.714285714286,13144.857142857143,6070.857142857143
2013-07-06,2.857142857142857,0.5714285714285714,0.5714285714285714,21362.571428571428,13145.42857142857,6071.428571428572
2013-07-07,2.7142857142857144,0.5714285714285714,0.5714285714285714,21365.285714285714,13146.0,6072.0
2013-07-08,2.5714285714285716,0.42857142857142855,0.42857142857142855,21367.85714285714,13146.42857142857,6072.428571428572
2013-07-09,2.4285714285714284,0.42857142857142855,0.42857142857142855,21370.285714285714,13146.857142857143,6072.857142857143
2013-07-10,2.5714285714285716,0.42857142857142855,0.42857142857142855,21372.85714285714,13147.285714285714,6073.285714285715
2013-07-11,2.4285714285714284,0.42857142857142855,0.42857142857142855,21375.285714285714,13147.714285714286,6073.714285714285
2013-07-12,2.7142857142857144,0.2857142857142857,0.2857142857142857,21378.0,13148.0,6074.0
2013-07-13,2.4285714285714284,0.0,0.0,21380.428571428572,13148.0,6074.0
2013-07-14,2.4285714285714284,0.14285714285714285,0.14285714285714285,21382.85714285714,13148.142857142857,6074.142857142857
2013-07-15,2.0,0.14285714285714285,0.14285714285714285,21384.85714285714,13148.285714285714,6074.285714285715
2013-07-16,1.7142857142857142,0.14285714285714285,0.14285714285714285,21386.571428571428,13148.42857142857,6074.428571428572
2013-07-17,1.2857142857142858,0.14285714285714285,0.14285714285714285,21387.85714285714,13148.57142857143,6074.571428571428
2013-07-18,1.0,0.14285714285714285,0.14285714285714285,21388.85714285714,13148.714285714286,6074.714285714285
2013-07-19,0.7142857142857143,0.14285714285714285,0.14285714285714285,21389.571428571428,13148.857142857143,6074.857142857143
2013-07-20,0.7142857142857143,0.14285714285714285,0.14285714285714285,21390.285714285714,13149.0,6075.0
2013-07-21,0.5714285714285714,0.0,0.0,21390.85714285714,13149.0,6075.0
2013-07-22,0.42857142857142855,0.0,0.0,21391.285714285714,13149.0,6075.0
2013-07-23,0.42857142857142855,0.0,0.0,21391.714285714286,13149.0,6075.0
2013-07-24,0.5714285714285714,0.14285714285714285,0.14285714285714285,21392.285714285714,13149.142857142857,6075.142857142857
2013-07-25,0.5714285714285714,0.14285714285714285,0.14285714285714285,21392.85714285714,13149.285714285714,6075.285714285715
2013-07-26,0.42857142857142855,0.14285714285714285,0.14285714285714285,21393.285714285714,13149.42857142857,6075.428571428572
2013-07-27,0.42857142857142855,0.14285714285714285,0.14285714285714285,21393.714285714286,13149.57142857143,6075.571428571428
2013-07-28,0.42857142857142855,0.2857142857142857,0.2857142857142857,21394.14285714286,13149.857142857143,6075.857142857143
2013-07-29,0.7142857142857143,0.2857142857142857,0.2857142857142857,21394.85714285714,13150.142857142857,6076.142857142857
2013-07-30,0.8571428571428571,0.42857142857142855,0.42857142857142855,21395.714285714286,13150.57142857143,6076.571428571428
2013-07-31,0.8571428571428571,0.2857142857142857,0.2857142857142857,21396.571428571428,13150.857142857143,6076.857142857143
2013-08-01,1.1428571428571428,0.2857142857142857,0.2857142857142857,21397.714285714286,13151.142857142857,6077.142857142857
2013-08-02,1.1428571428571428,0.2857142857142857,0.2857142857142857,21398.85714285714,13151.42857142857,6077.428571428572
2013-08-03,1.4285714285714286,0.2857142857142857,0.2857142857142857,21400.285714285714,13151.714285714286,6077.714285714285
2013-08-04,1.7142857142857142,0.14285714285714285,0.14285714285714285,21402.0,13151.857142857143,6077.857142857143
2013-08-05,1.5714285714285714,0.2857142857142857,0.2857142857142857,21403.571428571428,13152.142857142857,6078.142857142857
2013-08-06,1.5714285714285714,0.14285714285714285,0.14285714285714285,21405.14285714286,13152.285714285714,6078.285714285715
2013-08-07,1.4285714285714286,0.14285714285714285,0.14285714285714285,21406.571428571428,13152.42857142857,6078.428571428572
2013-08-08,1.1428571428571428,0.14285714285714285,0.14285714285714285,21407.714285714286,13152.57142857143,6078.571428571428
2013-08-09,1.4285714285714286,0.14285714285714285,0.14285714285714285,21409.14285714286,13152.714285714286,6078.714285714285
2013-08-10,1.1428571428571428,0.2857142857142857,0.2857142857142857,21410.285714285714,13153.0,6079.0
2013-08-11,0.7142857142857143,0.2857142857142857,0.2857142857142857,21411.0,13153.285714285714,6079.285714285715
2013-08-12,1.1428571428571428,0.14285714285714285,0.14285714285714285,21412.14285714286,13153.42857142857,6079.428571428572
2013-08-13,1.0,0.14285714285714285,0.14285714285714285,21413.14285714286,13153.57142857143,6079.571428571428
2013-08-14,1.1428571428571428,0.2857142857142857,0.2857142857142857,21414.285714285714,13153.857142857143,6079.857142857143
2013-08-15,1.1428571428571428,0.2857142857142857,0.2857142857142857,21415.428571428572,13154.142857142857,6080.142857142857
2013-08-16,0.8571428571428571,0.2857142857142857,0.2857142857142857,21416.285714285714,13154.42857142857,6080.428571428572
2013-08-17,1.1428571428571428,0.14285714285714285,0.14285714285714285,21417.428571428572,13154.57142857143,6080.571428571428
2013-08-18,1.7142857142857142,0.14285714285714285,0.14285714285714285,21419.14285714286,13154.714285714286,6080.714285714285
2013-08-19,1.2857142857142858,0.14285714285714285,0.14285714285714285,21420.428571428572,13154.857142857143,6080.857142857143
2013-08-20,1.4285714285714286,0.14285714285714285,0.14285714285714285,21421.85714285714,13155.0,6081.0
2013-08-21,1.2857142857142858,0.0,0.0,21423.14285714286,13155.0,6081.0
2013-08-22,1.4285714285714286,0.0,0.0,21424.571428571428,13155.0,6081.0
2013-08-23,1.5714285714285714,0.0,0.0,21426.14285714286,13155.0,6081.0
2013-08-24,1.2857142857142858,0.0,0.0,21427.428571428572,13155.0,6081.0
2013-08-25,0.7142857142857143,0.0,0.0,21428.14285714286,13155.0,6081.0
2013-08-26,0.7142857142857143,0.0,0.0,21428.85714285714,13155.0,6081.0
2013-08-27,0.8571428571428571,0.0,0.0,21429.714285714286,13155.0,6081.0
2013-08-28,1.2857142857142858,0.2857142857142857,0.2857142857142857,21431.0,13155.285714285714,6081.285714285715
2013-08-29,1.2857142857142858,0.2857142857142857,0.2857142857142857,21432.285714285714,13155.57142857143,6081.571428571428
2013-08-30,1.2857142857142858,0.42857142857142855,0.42857142857142855,21433.571428571428,13156.0,6082.0
2013-08-31,1.1428571428571428,0.42857142857142855,0.42857142857142855,21434.714285714286,13156.42857142857,6082.428571428572
2013-09-01,1.4285714285714286,0.42857142857142855,0.42857142857142855,21436.14285714286,13156.857142857143,6082.857142857143
2013-09-02,2.4285714285714284,0.5714285714285714,0.5714285714285714,21438.571428571428,13157.42857142857,6083.428571428572
2013-09-03,3.0,0.8571428571428571,0.7142857142857143,21441.571428571428,13158.285714285714,6084.142857142857
2013-09-04,2.857142857142857,0.5714285714285714,0.42857142857142855,21444.428571428572,13158.857142857143,6084.571428571428
2013-09-05,3.2857142857142856,0.5714285714285714,0.42857142857142855,21447.714285714286,13159.42857142857,6085.0
2013-09-06,3.2857142857142856,0.42857142857142855,0.2857142857142857,21451.0,13159.857142857143,6085.285714285715
2013-09-07,3.2857142857142856,0.42857142857142855,0.2857142857142857,21454.285714285714,13160.285714285714,6085.571428571428
2013-09-08,4.428571428571429,0.42857142857142855,0.2857142857142857,21458.714285714286,13160.714285714286,6085.857142857143
2013-09-09,4.714285714285714,0.2857142857142857,0.14285714285714285,21463.428571428572,13161.0,6086.0
2013-09-10,4.857142857142857,0.0,0.0,21468.285714285714,13161.0,6086.0
2013-09-11,5.0,0.0,0.0,21473.285714285714,13161.0,6086.0
2013-09-12,4.714285714285714,0.14285714285714285,0.0,21478.0,13161.142857142857,6086.0
2013-09-13,5.0,0.14285714285714285,0.0,21483.0,13161.285714285714,6086.0
2013-09-14,5.428571428571429,0.14285714285714285,0.0,21488.428571428572,13161.42857142857,6086.0
2013-09-15,4.0,0.14285714285714285,0.0,21492.428571428572,13161.57142857143,6086.0
2013-09-16,2.857142857142857,0.14285714285714285,0.0,21495.285714285714,13161.714285714286,6086.0
2013-09-17,1.8571428571428572,0.14285714285714285,0.0,21497.14285714286,13161.857142857143,6086.0
2013-09-18,1.5714285714285714,0.14285714285714285,0.0,21498.714285714286,13162.0,6086.0
2013-09-19,1.2857142857142858,0.0,0.0,21500.0,13162.0,6086.0
2013-09-20,1.2857142857142858,0.0,0.0,21501.285714285714,13162.0,6086.0
2013-09-21,1.0,0.0,0.0,21502.285714285714,13162.0,6086.0
2013-09-22,1.1428571428571428,0.0,0.0,21503.428571428572,13162.0,6086.0
2013-09-23,1.1428571428571428,0.0,0.0,21504.571428571428,13162.0,6086.0
2013-09-24,1.5714285714285714,0.0,0.0,21506.14285714286,13162.0,6086.0
2013-09-25,1.5714285714285714,0.0,0.0,21507.714285714286,13162.0,6086.0
2013-09-26,1.7142857142857142,0.0,0.0,21509.428571428572,13162.0,6086.0
2013-09-27,1.5714285714285714,0.0,0.0,21511.0,13162.0,6086.0
2013-09-28,1.7142857142857142,0.0,0.0,21512.714285714286,13162.0,6086.0
2013-09-29,1.8571428571428572,0.14285714285714285,0.14285714285714285,21514.571428571428,13162.142857142857,6086.142857142857
2013-09-30,1.8571428571428572,0.14285714285714285,0.14285714285714285,21516.428571428572,13162.285714285714,6086.285714285715
2013-10-01,1.8571428571428572,0.14285714285714285,0.14285714285714285,21518.285714285714,13162.42857142857,6086.428571428572
2013-10-02,2.0,0.14285714285714285,0.14285714285714285,21520.285714285714,13162.57142857143,6086.571428571428
2013-10-03,2.2857142857142856,0.2857142857142857,0.2857142857142857,21522.571428571428,13162.857142857143,6086.857142857143
2013-10-04,2.142857142857143,0.2857142857142857,0.2857142857142857,21524.714285714286,13163.142857142857,6087.142857142857
2013-10-05,2.5714285714285716,0.2857142857142857,0.2857142857142857,21527.285714285714,13163.42857142857,6087.428571428572
2013-10-06,3.0,0.14285714285714285,0.14285714285714285,21530.285714285714,13163.57142857143,6087.571428571428
2013-10-07,3.857142857142857,0.2857142857142857,0.14285714285714285,21534.14285714286,13163.857142857143,6087.714285714285
2013-10-08,3.7142857142857144,0.2857142857142857,0.14285714285714285,21537.85714285714,13164.142857142857,6087.857142857143
2013-10-09,3.857142857142857,0.2857142857142857,0.14285714285714285,21541.714285714286,13164.42857142857,6088.0
2013-10-10,3.4285714285714284,0.14285714285714285,0.0,21545.14285714286,13164.57142857143,6088.0
2013-10-11,3.857142857142857,0.14285714285714285,0.0,21549.0,13164.714285714286,6088.0
2013-10-12,3.4285714285714284,0.14285714285714285,0.0,21552.428571428572,13164.857142857143,6088.0
2013-10-13,3.7142857142857144,0.14285714285714285,0.0,21556.14285714286,13165.0,6088.0
2013-10-14,3.7142857142857144,0.0,0.0,21559.85714285714,13165.0,6088.0
2013-10-15,3.4285714285714284,0.0,0.0,21563.285714285714,13165.0,6088.0
2013-10-16,3.0,0.0,0.0,21566.285714285714,13165.0,6088.0
2013-10-17,3.857142857142857,0.0,0.0,21570.14285714286,13165.0,6088.0
2013-10-18,4.0,0.14285714285714285,0.0,21574.14285714286,13165.142857142857,6088.0
2013-10-19,4.571428571428571,0.14285714285714285,0.0,21578.714285714286,13165.285714285714,6088.0
2013-10-20,4.714285714285714,0.14285714285714285,0.0,21583.428571428572,13165.42857142857,6088.0
2013-10-21,5.0,0.14285714285714285,0.0,21588.428571428572,13165.57142857143,6088.0
2013-10-22,5.857142857142857,0.14285714285714285,0.0,21594.285714285714,13165.714285714286,6088.0
2013-10-23,6.428571428571429,0.2857142857142857,0.0,21600.714285714286,13166.0,6088.0
2013-10-24,6.0,0.42857142857142855,0.14285714285714285,21606.714285714286,13166.42857142857,6088.142857142857
2013-10-25,7.0,0.42857142857142855,0.2857142857142857,21613.714285714286,13166.857142857143,6088.428571428572
2013-10-26,7.0,0.42857142857142855,0.2857142857142857,21620.714285714286,13167.285714285714,6088.714285714285
2013-10-27,6.857142857142857,0.5714285714285714,0.42857142857142855,21627.571428571428,13167.857142857143,6089.142857142857
2013-10-28,6.142857142857143,0.5714285714285714,0.42857142857142855,21633.714285714286,13168.42857142857,6089.571428571428
2013-10-29,6.714285714285714,0.7142857142857143,0.42857142857142855,21640.428571428572,13169.142857142857,6090.0
2013-10-30,7.0,0.7142857142857143,0.5714285714285714,21647.428571428572,13169.857142857143,6090.571428571428
2013-10-31,7.285714285714286,0.5714285714285714,0.42857142857142855,21654.714285714286,13170.42857142857,6091.0
2013-11-01,6.857142857142857,0.42857142857142855,0.2857142857142857,21661.571428571428,13170.857142857143,6091.285714285715
2013-11-02,7.571428571428571,0.42857142857142855,0.2857142857142857,21669.14285714286,13171.285714285714,6091.571428571428
2013-11-03,8.142857142857142,0.2857142857142857,0.14285714285714285,21677.285714285714,13171.57142857143,6091.714285714285
2013-11-04,9.142857142857142,0.2857142857142857,0.14285714285714285,21686.428571428572,13171.857142857143,6091.857142857143
2013-11-05,9.428571428571429,0.2857142857142857,0.14285714285714285,21695.85714285714,13172.142857142857,6092.0
2013-11-06,10.142857142857142,0.14285714285714285,0.0,21706.0,13172.285714285714,6092.0
2013-11-07,10.428571428571429,0.14285714285714285,0.0,21716.428571428572,13172.42857142857,6092.0
2013-11-08,9.857142857142858,0.14285714285714285,0.0,21726.285714285714,13172.57142857143,6092.0
2013-11-09,9.142857142857142,0.14285714285714285,0.0,21735.428571428572,13172.714285714286,6092.0
2013-11-10,8.571428571428571,0.2857142857142857,0.0,21744.0,13173.0,6092.0
2013-11-11,8.142857142857142,0.2857142857142857,0.0,21752.14285714286,13173.285714285714,6092.0
2013-11-12,8.0,0.14285714285714285,0.0,21760.14285714286,13173.42857142857,6092.0
2013-11-13,7.571428571428571,0.14285714285714285,0.0,21767.714285714286,13173.57142857143,6092.0
2013-11-14,7.571428571428571,0.14285714285714285,0.0,21775.285714285714,13173.714285714286,6092.0
2013-11-15,7.0,0.14285714285714285,0.0,21782.285714285714,13173.857142857143,6092.0
2013-11-16,7.857142857142857,0.14285714285714285,0.0,21790.14285714286,13174.0,6092.0
2013-11-17,7.714285714285714,0.0,0.0,21797.85714285714,13174.0,6092.0
2013-11-18,7.0,0.0,0.0,21804.85714285714,13174.0,6092.0
2013-11-19,6.571428571428571,0.0,0.0,21811.428571428572,13174.0,6092.0
2013-11-20,6.0,0.14285714285714285,0.14285714285714285,21817.428571428572,13174.142857142857,6092.142857142857
2013-11-21,6.142857142857143,0.14285714285714285,0.14285714285714285,21823.571428571428,13174.285714285714,6092.285714285715
2013-11-22,7.428571428571429,0.14285714285714285,0.14285714285714285,21831.0,13174.42857142857,6092.428571428572
2013-11-23,6.571428571428571,0.14285714285714285,0.14285714285714285,21837.571428571428,13174.57142857143,6092.571428571428
2013-11-24,6.0,0.14285714285714285,0.14285714285714285,21843.571428571428,13174.714285714286,6092.714285714285
2013-11-25,7.142857142857143,0.14285714285714285,0.14285714285714285,21850.714285714286,13174.857142857143,6092.857142857143
2013-11-26,6.285714285714286,0.14285714285714285,0.14285714285714285,21857.0,13175.0,6093.0
2013-11-27,6.285714285714286,0.0,0.0,21863.285714285714,13175.0,6093.0
2013-11-28,5.428571428571429,0.0,0.0,21868.714285714286,13175.0,6093.0
2013-11-29,4.285714285714286,0.0,0.0,21873.0,13175.0,6093.0
2013-11-30,3.857142857142857,0.0,0.0,21876.85714285714,13175.0,6093.0
2013-12-01,4.285714285714286,0.0,0.0,21881.14285714286,13175.0,6093.0
2013-12-02,3.857142857142857,0.0,0.0,21885.0,13175.0,6093.0
2013-12-03,5.0,0.2857142857142857,0.0,21890.0,13175.285714285714,6093.0
2013-12-04,4.714285714285714,0.2857142857142857,0.0,21894.714285714286,13175.57142857143,6093.0
2013-12-05,4.857142857142857,0.2857142857142857,0.0,21899.571428571428,13175.857142857143,6093.0
2013-12-06,5.571428571428571,0.2857142857142857,0.0,21905.14285714286,13176.142857142857,6093.0
2013-12-07,5.428571428571429,0.2857142857142857,0.0,21910.571428571428,13176.42857142857,6093.0
2013-12-08,5.0,0.2857142857142857,0.0,21915.571428571428,13176.714285714286,6093.0
2013-12-09,4.857142857142857,0.2857142857142857,0.0,21920.428571428572,13177.0,6093.0
2013-12-10,4.142857142857143,0.0,0.0,21924.571428571428,13177.0,6093.0
2013-12-11,4.714285714285714,0.14285714285714285,0.14285714285714285,21929.285714285714,13177.142857142857,6093.142857142857
2013-12-12,4.857142857142857,0.2857142857142857,0.2857142857142857,21934.14285714286,13177.42857142857,6093.428571428572
2013-12-13,4.857142857142857,0.2857142857142857,0.2857142857142857,21939.0,13177.714285714286,6093.714285714285
2013-12-14,5.142857142857143,0.42857142857142855,0.42857142857142855,21944.14285714286,13178.142857142857,6094.142857142857
2013-12-15,5.714285714285714,0.42857142857142855,0.42857142857142855,21949.85714285714,13178.57142857143,6094.571428571428
2013-12-16,5.571428571428571,0.42857142857142855,0.42857142857142855,21955.428571428572,13179.0,6095.0
2013-12-17,5.571428571428571,0.42857142857142855,0.42857142857142855,21961.0,13179.42857142857,6095.428571428572
2013-12-18,5.0,0.42857142857142855,0.42857142857142855,21966.0,13179.857142857143,6095.857142857143
2013-12-19,4.714285714285714,0.2857142857142857,0.2857142857142857,21970.714285714286,13180.142857142857,6096.142857142857
2013-12-20,4.428571428571429,0.2857142857142857,0.2857142857142857,21975.14285714286,13180.42857142857,6096.428571428572
2013-12-21,4.285714285714286,0.2857142857142857,0.14285714285714285,21979.428571428572,13180.714285714286,6096.571428571428
2013-12-22,3.7142857142857144,0.2857142857142857,0.14285714285714285,21983.14285714286,13181.0,6096.714285714285
2013-12-23,3.7142857142857144,0.42857142857142855,0.2857142857142857,21986.85714285714,13181.42857142857,6097.0
2013-12-24,3.4285714285714284,0.42857142857142855,0.2857142857142857,21990.285714285714,13181.857142857143,6097.285714285715
2013-12-25,3.7142857142857144,0.2857142857142857,0.14285714285714285,21994.0,13182.142857142857,6097.428571428572
2013-12-26,4.0,0.5714285714285714,0.14285714285714285,21998.0,13182.714285714286,6097.571428571428
2013-12-27,3.857142857142857,0.5714285714285714,0.14285714285714285,22001.85714285714,13183.285714285714,6097.714285714285
2013-12-28,3.857142857142857,0.42857142857142855,0.14285714285714285,22005.714285714286,13183.714285714286,6097.857142857143
2013-12-29,4.285714285714286,0.5714285714285714,0.2857142857142857,22010.0,13184.285714285714,6098.142857142857
2013-12-30,3.7142857142857144,0.5714285714285714,0.14285714285714285,22013.714285714286,13184.857142857143,6098.285714285715
2013-12-31,3.5714285714285716,0.7142857142857143,0.14285714285714285,22017.285714285714,13185.57142857143,6098.428571428572
2014-01-01,3.4285714285714284,1.0,0.14285714285714285,22020.714285714286,13186.57142857143,6098.571428571428
2014-01-02,3.0,0.8571428571428571,0.14285714285714285,22023.714285714286,13187.42857142857,6098.714285714285
2014-01-03,2.857142857142857,1.1428571428571428,0.14285714285714285,22026.571428571428,13188.57142857143,6098.857142857143
2014-01-04,3.142857142857143,1.5714285714285714,0.14285714285714285,22029.714285714286,13190.142857142857,6099.0
2014-01-05,2.857142857142857,1.5714285714285714,0.0,22032.571428571428,13191.714285714286,6099.0
2014-01-06,2.7142857142857144,1.5714285714285714,0.0,22035.285714285714,13193.285714285714,6099.0
2014-01-07,2.857142857142857,1.4285714285714286,0.0,22038.14285714286,13194.714285714286,6099.0
2014-01-08,3.142857142857143,1.8571428571428572,0.14285714285714285,22041.285714285714,13196.57142857143,6099.142857142857
2014-01-09,3.142857142857143,1.8571428571428572,0.14285714285714285,22044.428571428572,13198.42857142857,6099.285714285715
2014-01-10,3.142857142857143,1.7142857142857142,0.14285714285714285,22047.571428571428,13200.142857142857,6099.428571428572
2014-01-11,2.7142857142857144,1.4285714285714286,0.2857142857142857,22050.285714285714,13201.57142857143,6099.714285714285
2014-01-12,2.5714285714285716,1.5714285714285714,0.42857142857142855,22052.85714285714,13203.142857142857,6100.142857142857
2014-01-13,2.857142857142857,1.8571428571428572,0.42857142857142855,22055.714285714286,13205.0,6100.571428571428
2014-01-14,3.0,2.0,0.42857142857142855,22058.714285714286,13207.0,6101.0
2014-01-15,2.4285714285714284,1.4285714285714286,0.2857142857142857,22061.14285714286,13208.42857142857,6101.285714285715
2014-01-16,3.2857142857142856,1.5714285714285714,0.42857142857142855,22064.428571428572,13210.0,6101.714285714285
2014-01-17,3.5714285714285716,1.8571428571428572,0.42857142857142855,22068.0,13211.857142857143,6102.142857142857
2014-01-18,3.5714285714285716,2.0,0.2857142857142857,22071.571428571428,13213.857142857143,6102.428571428572
2014-01-19,3.857142857142857,2.142857142857143,0.14285714285714285,22075.428571428572,13216.0,6102.571428571428
2014-01-20,4.428571428571429,1.8571428571428572,0.14285714285714285,22079.85714285714,13217.857142857143,6102.714285714285
2014-01-21,4.714285714285714,2.2857142857142856,0.14285714285714285,22084.571428571428,13220.142857142857,6102.857142857143
2014-01-22,4.714285714285714,2.2857142857142856,0.14285714285714285,22089.285714285714,13222.42857142857,6103.0
2014-01-23,3.857142857142857,2.0,0.0,22093.14285714286,13224.42857142857,6103.0
2014-01-24,4.0,1.8571428571428572,0.0,22097.14285714286,13226.285714285714,6103.0
2014-01-25,4.285714285714286,2.0,0.0,22101.428571428572,13228.285714285714,6103.0
2014-01-26,4.571428571428571,2.142857142857143,0.14285714285714285,22106.0,13230.42857142857,6103.142857142857
2014-01-27,4.428571428571429,2.4285714285714284,0.14285714285714285,22110.428571428572,13232.857142857143,6103.285714285715
2014-01-28,4.142857142857143,1.8571428571428572,0.14285714285714285,22114.571428571428,13234.714285714286,6103.428571428572
2014-01-29,4.571428571428571,2.142857142857143,0.14285714285714285,22119.14285714286,13236.857142857143,6103.571428571428
2014-01-30,5.0,2.7142857142857144,0.42857142857142855,22124.14285714286,13239.57142857143,6104.0
2014-01-31,4.428571428571429,2.4285714285714284,0.42857142857142855,22128.571428571428,13242.0,6104.428571428572
2014-02-01,4.142857142857143,2.142857142857143,0.42857142857142855,22132.714285714286,13244.142857142857,6104.857142857143
2014-02-02,4.142857142857143,1.7142857142857142,0.2857142857142857,22136.85714285714,13245.857142857143,6105.142857142857
2014-02-03,3.4285714285714284,1.4285714285714286,0.2857142857142857,22140.285714285714,13247.285714285714,6105.428571428572
2014-02-04,3.4285714285714284,1.7142857142857142,0.2857142857142857,22143.714285714286,13249.0,6105.714285714285
2014-02-05,3.2857142857142856,1.5714285714285714,0.2857142857142857,22147.0,13250.57142857143,6106.0
2014-02-06,3.0,1.2857142857142858,0.0,22150.0,13251.857142857143,6106.0
2014-02-07,2.857142857142857,1.2857142857142858,0.0,22152.85714285714,13253.142857142857,6106.0
2014-02-08,2.857142857142857,1.2857142857142858,0.0,22155.714285714286,13254.42857142857,6106.0
2014-02-09,2.4285714285714284,1.2857142857142858,0.0,22158.14285714286,13255.714285714286,6106.0
2014-02-10,2.7142857142857144,1.1428571428571428,0.0,22160.85714285714,13256.857142857143,6106.0
2014-02-11,2.2857142857142856,1.0,0.0,22163.14285714286,13257.857142857143,6106.0
2014-02-12,2.142857142857143,0.7142857142857143,0.0,22165.285714285714,13258.57142857143,6106.0
2014-02-13,2.142857142857143,0.7142857142857143,0.14285714285714285,22167.428571428572,13259.285714285714,6106.142857142857
2014-02-14,2.4285714285714284,0.8571428571428571,0.14285714285714285,22169.85714285714,13260.142857142857,6106.285714285715
2014-02-15,2.7142857142857144,1.0,0.14285714285714285,22172.571428571428,13261.142857142857,6106.428571428572
2014-02-16,2.5714285714285716,1.0,0.14285714285714285,22175.14285714286,13262.142857142857,6106.571428571428
2014-02-17,2.142857142857143,1.0,0.14285714285714285,22177.285714285714,13263.142857142857,6106.714285714285
2014-02-18,2.4285714285714284,1.1428571428571428,0.2857142857142857,22179.714285714286,13264.285714285714,6107.0
2014-02-19,2.4285714285714284,1.2857142857142858,0.2857142857142857,22182.14285714286,13265.57142857143,6107.285714285715
2014-02-20,2.2857142857142856,1.1428571428571428,0.14285714285714285,22184.428571428572,13266.714285714286,6107.428571428572
2014-02-21,2.142857142857143,1.1428571428571428,0.14285714285714285,22186.571428571428,13267.857142857143,6107.571428571428
2014-02-22,1.5714285714285714,0.8571428571428571,0.14285714285714285,22188.14285714286,13268.714285714286,6107.714285714285
2014-02-23,1.7142857142857142,0.8571428571428571,0.14285714285714285,22189.85714285714,13269.57142857143,6107.857142857143
2014-02-24,1.7142857142857142,0.8571428571428571,0.14285714285714285,22191.571428571428,13270.42857142857,6108.0
2014-02-25,1.8571428571428572,1.0,0.14285714285714285,22193.428571428572,13271.42857142857,6108.142857142857
2014-02-26,1.8571428571428572,1.0,0.14285714285714285,22195.285714285714,13272.42857142857,6108.285714285715
2014-02-27,1.8571428571428572,0.8571428571428571,0.14285714285714285,22197.14285714286,13273.285714285714,6108.428571428572
2014-02-28,2.0,1.0,0.2857142857142857,22199.14285714286,13274.285714285714,6108.714285714285
2014-03-01,2.142857142857143,1.1428571428571428,0.2857142857142857,22201.285714285714,13275.42857142857,6109.0
2014-03-02,2.142857142857143,1.4285714285714286,0.2857142857142857,22203.428571428572,13276.857142857143,6109.285714285715
2014-03-03,2.7142857142857144,1.7142857142857142,0.2857142857142857,22206.14285714286,13278.57142857143,6109.571428571428
2014-03-04,2.2857142857142856,1.4285714285714286,0.14285714285714285,22208.428571428572,13280.0,6109.714285714285
2014-03-05,2.0,1.2857142857142858,0.14285714285714285,22210.428571428572,13281.285714285714,6109.857142857143
2014-03-06,2.142857142857143,1.5714285714285714,0.14285714285714285,22212.571428571428,13282.857142857143,6110.0
2014-03-07,1.8571428571428572,1.4285714285714286,0.0,22214.428571428572,13284.285714285714,6110.0
2014-03-08,2.2857142857142856,1.2857142857142858,0.0,22216.714285714286,13285.57142857143,6110.0
2014-03-09,2.142857142857143,1.0,0.0,22218.85714285714,13286.57142857143,6110.0
2014-03-10,2.0,1.0,0.0,22220.85714285714,13287.57142857143,6110.0
2014-03-11,2.142857142857143,1.0,0.0,22223.0,13288.57142857143,6110.0
2014-03-12,2.4285714285714284,1.1428571428571428,0.0,22225.428571428572,13289.714285714286,6110.0
2014-03-13,2.5714285714285716,0.8571428571428571,0.0,22228.0,13290.57142857143,6110.0
2014-03-14,2.4285714285714284,0.7142857142857143,0.0,22230.428571428572,13291.285714285714,6110.0
2014-03-15,2.2857142857142856,0.7142857142857143,0.0,22232.714285714286,13292.0,6110.0
2014-03-16,2.2857142857142856,0.8571428571428571,0.0,22235.0,13292.857142857143,6110.0
2014-03-17,1.8571428571428572,0.5714285714285714,0.0,22236.85714285714,13293.42857142857,6110.0
2014-03-18,2.0,0.5714285714285714,0.0,22238.85714285714,13294.0,6110.0
2014-03-19,1.8571428571428572,0.42857142857142855,0.0,22240.714285714286,13294.42857142857,6110.0
2014-03-20,1.5714285714285714,0.42857142857142855,0.0,22242.285714285714,13294.857142857143,6110.0
2014-03-21,2.0,0.42857142857142855,0.0,22244.285714285714,13295.285714285714,6110.0
2014-03-22,2.0,0.42857142857142855,0.0,22246.285714285714,13295.714285714286,6110.0
2014-03-23,2.0,0.42857142857142855,0.0,22248.285714285714,13296.142857142857,6110.0
2014-03-24,1.8571428571428572,0.42857142857142855,0.0,22250.14285714286,13296.57142857143,6110.0
2014-03-25,1.7142857142857142,0.5714285714285714,0.14285714285714285,22251.85714285714,13297.142857142857,6110.142857142857
2014-03-26,2.2857142857142856,0.8571428571428571,0.14285714285714285,22254.14285714286,13298.0,6110.285714285715
2014-03-27,2.4285714285714284,1.0,0.2857142857142857,22256.571428571428,13299.0,6110.571428571428
2014-03-28,2.5714285714285716,1.1428571428571428,0.42857142857142855,22259.14285714286,13300.142857142857,6111.0
2014-03-29,2.2857142857142856,1.2857142857142858,0.42857142857142855,22261.428571428572,13301.42857142857,6111.428571428572
2014-03-30,2.142857142857143,1.0,0.42857142857142855,22263.571428571428,13302.42857142857,6111.857142857143
2014-03-31,2.857142857142857,1.7142857142857142,0.42857142857142855,22266.428571428572,13304.142857142857,6112.285714285715
2014-04-01,3.142857142857143,1.7142857142857142,0.2857142857142857,22269.571428571428,13305.857142857143,6112.571428571428
2014-04-02,2.857142857142857,1.7142857142857142,0.42857142857142855,22272.428571428572,13307.57142857143,6113.0
2014-04-03,3.142857142857143,1.7142857142857142,0.2857142857142857,22275.571428571428,13309.285714285714,6113.285714285715
2014-04-04,2.857142857142857,1.7142857142857142,0.14285714285714285,22278.428571428572,13311.0,6113.428571428572
2014-04-05,3.142857142857143,1.7142857142857142,0.14285714285714285,22281.571428571428,13312.714285714286,6113.571428571428
2014-04-06,3.142857142857143,1.7142857142857142,0.14285714285714285,22284.714285714286,13314.42857142857,6113.714285714285
2014-04-07,2.7142857142857144,1.1428571428571428,0.14285714285714285,22287.428571428572,13315.57142857143,6113.857142857143
2014-04-08,2.2857142857142856,1.0,0.2857142857142857,22289.714285714286,13316.57142857143,6114.142857142857
2014-04-09,2.2857142857142856,1.0,0.14285714285714285,22292.0,13317.57142857143,6114.285714285715
2014-04-10,1.7142857142857142,0.8571428571428571,0.14285714285714285,22293.714285714286,13318.42857142857,6114.428571428572
2014-04-11,1.4285714285714286,0.7142857142857143,0.14285714285714285,22295.14285714286,13319.142857142857,6114.571428571428
2014-04-12,1.1428571428571428,0.7142857142857143,0.14285714285714285,22296.285714285714,13319.857142857143,6114.714285714285
2014-04-13,1.1428571428571428,0.8571428571428571,0.2857142857142857,22297.428571428572,13320.714285714286,6115.0
2014-04-14,1.5714285714285714,1.0,0.42857142857142855,22299.0,13321.714285714286,6115.428571428572
2014-04-15,1.8571428571428572,1.0,0.42857142857142855,22300.85714285714,13322.714285714286,6115.857142857143
2014-04-16,1.7142857142857142,1.0,0.42857142857142855,22302.571428571428,13323.714285714286,6116.285714285715
2014-04-17,2.2857142857142856,1.4285714285714286,0.7142857142857143,22304.85714285714,13325.142857142857,6117.0
2014-04-18,3.0,1.8571428571428572,0.8571428571428571,22307.85714285714,13327.0,6117.857142857143
2014-04-19,3.2857142857142856,1.8571428571428572,0.8571428571428571,22311.14285714286,13328.857142857143,6118.714285714285
2014-04-20,3.4285714285714284,1.7142857142857142,0.7142857142857143,22314.571428571428,13330.57142857143,6119.428571428572
2014-04-21,3.5714285714285716,2.0,0.7142857142857143,22318.14285714286,13332.57142857143,6120.142857142857
2014-04-22,4.285714285714286,2.857142857142857,0.8571428571428571,22322.428571428572,13335.42857142857,6121.0
2014-04-23,4.142857142857143,2.5714285714285716,0.8571428571428571,22326.571428571428,13338.0,6121.857142857143
2014-04-24,4.285714285714286,2.5714285714285716,0.7142857142857143,22330.85714285714,13340.57142857143,6122.571428571428
2014-04-25,4.0,2.2857142857142856,0.5714285714285714,22334.85714285714,13342.857142857143,6123.142857142857
2014-04-26,4.142857142857143,2.5714285714285716,0.8571428571428571,22339.0,13345.42857142857,6124.0
2014-04-27,4.142857142857143,2.5714285714285716,0.8571428571428571,22343.14285714286,13348.0,6124.857142857143
2014-04-28,3.857142857142857,2.2857142857142856,0.7142857142857143,22347.0,13350.285714285714,6125.571428571428
2014-04-29,3.2857142857142856,1.5714285714285714,0.5714285714285714,22350.285714285714,13351.857142857143,6126.142857142857
2014-04-30,3.5714285714285716,1.7142857142857142,0.5714285714285714,22353.85714285714,13353.57142857143,6126.714285714285
2014-05-01,2.857142857142857,1.2857142857142858,0.42857142857142855,22356.714285714286,13354.857142857143,6127.142857142857
2014-05-02,3.142857142857143,1.5714285714285714,0.5714285714285714,22359.85714285714,13356.42857142857,6127.714285714285
2014-05-03,3.0,1.1428571428571428,0.2857142857142857,22362.85714285714,13357.57142857143,6128.0
2014-05-04,3.5714285714285716,1.7142857142857142,0.42857142857142855,22366.428571428572,13359.285714285714,6128.428571428572
2014-05-05,3.5714285714285716,1.8571428571428572,0.5714285714285714,22370.0,13361.142857142857,6129.0
2014-05-06,3.857142857142857,2.142857142857143,0.42857142857142855,22373.85714285714,13363.285714285714,6129.428571428572
2014-05-07,3.5714285714285716,2.142857142857143,0.5714285714285714,22377.428571428572,13365.42857142857,6130.0
2014-05-08,3.7142857142857144,2.2857142857142856,0.5714285714285714,22381.14285714286,13367.714285714286,6130.571428571428
2014-05-09,3.7142857142857144,2.4285714285714284,0.5714285714285714,22384.85714285714,13370.142857142857,6131.142857142857
2014-05-10,3.857142857142857,2.5714285714285716,0.5714285714285714,22388.714285714286,13372.714285714286,6131.714285714285
2014-05-11,3.4285714285714284,2.4285714285714284,0.7142857142857143,22392.14285714286,13375.142857142857,6132.428571428572
2014-05-12,3.142857142857143,2.2857142857142856,0.5714285714285714,22395.285714285714,13377.42857142857,6133.0
2014-05-13,3.0,2.0,0.5714285714285714,22398.285714285714,13379.42857142857,6133.571428571428
2014-05-14,3.857142857142857,2.5714285714285716,0.7142857142857143,22402.14285714286,13382.0,6134.285714285715
2014-05-15,4.857142857142857,2.5714285714285716,0.7142857142857143,22407.0,13384.57142857143,6135.0
2014-05-16,4.714285714285714,2.142857142857143,0.5714285714285714,22411.714285714286,13386.714285714286,6135.571428571428
2014-05-17,4.571428571428571,2.2857142857142856,0.5714285714285714,22416.285714285714,13389.0,6136.142857142857
2014-05-18,4.714285714285714,2.2857142857142856,0.2857142857142857,22421.0,13391.285714285714,6136.428571428572
2014-05-19,5.571428571428571,2.2857142857142856,0.2857142857142857,22426.571428571428,13393.57142857143,6136.714285714285
2014-05-20,5.714285714285714,2.4285714285714284,0.2857142857142857,22432.285714285714,13396.0,6137.0
2014-05-21,5.571428571428571,2.2857142857142856,0.2857142857142857,22437.85714285714,13398.285714285714,6137.285714285715
2014-05-22,4.857142857142857,2.5714285714285716,0.2857142857142857,22442.714285714286,13400.857142857143,6137.571428571428
2014-05-23,4.285714285714286,2.4285714285714284,0.2857142857142857,22447.0,13403.285714285714,6137.857142857143
2014-05-24,4.0,2.142857142857143,0.2857142857142857,22451.0,13405.42857142857,6138.142857142857
2014-05-25,3.7142857142857144,1.7142857142857142,0.2857142857142857,22454.714285714286,13407.142857142857,6138.428571428572
2014-05-26,2.857142857142857,1.4285714285714286,0.2857142857142857,22457.571428571428,13408.57142857143,6138.714285714285
2014-05-27,2.5714285714285716,1.4285714285714286,0.42857142857142855,22460.14285714286,13410.0,6139.142857142857
2014-05-28,1.8571428571428572,1.0,0.14285714285714285,22462.0,13411.0,6139.285714285715
2014-05-29,1.4285714285714286,0.5714285714285714,0.14285714285714285,22463.428571428572,13411.57142857143,6139.428571428572
2014-05-30,1.4285714285714286,0.5714285714285714,0.14285714285714285,22464.85714285714,13412.142857142857,6139.571428571428
2014-05-31,1.4285714285714286,0.7142857142857143,0.14285714285714285,22466.285714285714,13412.857142857143,6139.714285714285
2014-06-01,1.5714285714285714,0.8571428571428571,0.14285714285714285,22467.85714285714,13413.714285714286,6139.857142857143
2014-06-02,1.2857142857142858,0.8571428571428571,0.14285714285714285,22469.14285714286,13414.57142857143,6140.0
2014-06-03,0.8571428571428571,0.5714285714285714,0.0,22470.0,13415.142857142857,6140.0
2014-06-04,0.8571428571428571,0.5714285714285714,0.14285714285714285,22470.85714285714,13415.714285714286,6140.142857142857
2014-06-05,1.1428571428571428,0.8571428571428571,0.2857142857142857,22472.0,13416.57142857143,6140.428571428572
2014-06-06,1.4285714285714286,0.8571428571428571,0.2857142857142857,22473.428571428572,13417.42857142857,6140.714285714285
2014-06-07,1.4285714285714286,0.7142857142857143,0.2857142857142857,22474.85714285714,13418.142857142857,6141.0
2014-06-08,1.0,0.5714285714285714,0.2857142857142857,22475.85714285714,13418.714285714286,6141.285714285715
2014-06-09,1.7142857142857142,0.7142857142857143,0.2857142857142857,22477.571428571428,13419.42857142857,6141.571428571428
2014-06-10,1.7142857142857142,0.5714285714285714,0.2857142857142857,22479.285714285714,13420.0,6141.857142857143
2014-06-11,1.8571428571428572,0.42857142857142855,0.14285714285714285,22481.14285714286,13420.42857142857,6142.0
2014-06-12,1.8571428571428572,0.42857142857142855,0.0,22483.0,13420.857142857143,6142.0
2014-06-13,2.2857142857142856,0.8571428571428571,0.0,22485.285714285714,13421.714285714286,6142.0
2014-06-14,2.2857142857142856,0.8571428571428571,0.0,22487.571428571428,13422.57142857143,6142.0
2014-06-15,2.5714285714285716,1.0,0.0,22490.14285714286,13423.57142857143,6142.0
2014-06-16,2.2857142857142856,0.8571428571428571,0.0,22492.428571428572,13424.42857142857,6142.0
2014-06-17,2.142857142857143,0.8571428571428571,0.0,22494.571428571428,13425.285714285714,6142.0
2014-06-18,2.142857142857143,0.8571428571428571,0.0,22496.714285714286,13426.142857142857,6142.0
2014-06-19,2.0,0.5714285714285714,0.0,22498.714285714286,13426.714285714286,6142.0
2014-06-20,1.4285714285714286,0.14285714285714285,0.0,22500.14285714286,13426.857142857143,6142.0
2014-06-21,1.2857142857142858,0.14285714285714285,0.0,22501.428571428572,13427.0,6142.0
2014-06-22,1.0,0.0,0.0,22502.428571428572,13427.0,6142.0
2014-06-23,0.5714285714285714,0.0,0.0,22503.0,13427.0,6142.0
2014-06-24,0.5714285714285714,0.0,0.0,22503.571428571428,13427.0,6142.0
2014-06-25,0.42857142857142855,0.0,0.0,22504.0,13427.0,6142.0
2014-06-26,0.5714285714285714,0.0,0.0,22504.571428571428,13427.0,6142.0
2014-06-27,0.8571428571428571,0.14285714285714285,0.0,22505.428571428572,13427.142857142857,6142.0
2014-06-28,1.0,0.2857142857142857,0.0,22506.428571428572,13427.42857142857,6142.0
2014-06-29,1.0,0.2857142857142857,0.0,22507.428571428572,13427.714285714286,6142.0
2014-06-30,1.1428571428571428,0.42857142857142855,0.0,22508.571428571428,13428.142857142857,6142.0
2014-07-01,1.4285714285714286,0.5714285714285714,0.0,22510.0,13428.714285714286,6142.0
2014-07-02,1.4285714285714286,0.7142857142857143,0.0,22511.428571428572,13429.42857142857,6142.0
2014-07-03,1.1428571428571428,0.7142857142857143,0.0,22512.571428571428,13430.142857142857,6142.0
2014-07-04,0.7142857142857143,0.5714285714285714,0.0,22513.285714285714,13430.714285714286,6142.0
2014-07-05,0.7142857142857143,0.5714285714285714,0.0,22514.0,13431.285714285714,6142.0
2014-07-06,1.0,0.7142857142857143,0.0,22515.0,13432.0,6142.0
2014-07-07,1.2857142857142858,0.7142857142857143,0.0,22516.285714285714,13432.714285714286,6142.0
2014-07-08,1.2857142857142858,0.5714285714285714,0.0,22517.571428571428,13433.285714285714,6142.0
2014-07-09,1.5714285714285714,0.7142857142857143,0.0,22519.14285714286,13434.0,6142.0
2014-07-10,1.8571428571428572,1.0,0.0,22521.0,13435.0,6142.0
2014-07-11,2.0,1.0,0.0,22523.0,13436.0,6142.0
2014-07-12,1.8571428571428572,0.8571428571428571,0.0,22524.85714285714,13436.857142857143,6142.0
2014-07-13,1.7142857142857142,0.7142857142857143,0.0,22526.571428571428,13437.57142857143,6142.0
2014-07-14,1.2857142857142858,0.5714285714285714,0.0,22527.85714285714,13438.142857142857,6142.0
2014-07-15,1.0,0.5714285714285714,0.0,22528.85714285714,13438.714285714286,6142.0
2014-07-16,0.5714285714285714,0.2857142857142857,0.0,22529.428571428572,13439.0,6142.0
2014-07-17,0.2857142857142857,0.0,0.0,22529.714285714286,13439.0,6142.0
2014-07-18,0.14285714285714285,0.0,0.0,22529.85714285714,13439.0,6142.0
2014-07-19,0.2857142857142857,0.14285714285714285,0.0,22530.14285714286,13439.142857142857,6142.0
2014-07-20,0.42857142857142855,0.14285714285714285,0.0,22530.571428571428,13439.285714285714,6142.0
2014-07-21,0.7142857142857143,0.14285714285714285,0.0,22531.285714285714,13439.42857142857,6142.0
2014-07-22,0.8571428571428571,0.14285714285714285,0.0,22532.14285714286,13439.57142857143,6142.0
2014-07-23,1.0,0.14285714285714285,0.0,22533.14285714286,13439.714285714286,6142.0
2014-07-24,1.1428571428571428,0.14285714285714285,0.0,22534.285714285714,13439.857142857143,6142.0
2014-07-25,1.1428571428571428,0.14285714285714285,0.0,22535.428571428572,13440.0,6142.0
2014-07-26,1.1428571428571428,0.0,0.0,22536.571428571428,13440.0,6142.0
2014-07-27,1.2857142857142858,0.14285714285714285,0.0,22537.85714285714,13440.142857142857,6142.0
2014-07-28,1.0,0.14285714285714285,0.0,22538.85714285714,13440.285714285714,6142.0
2014-07-29,0.8571428571428571,0.14285714285714285,0.0,22539.714285714286,13440.42857142857,6142.0
2014-07-30,1.0,0.2857142857142857,0.0,22540.714285714286,13440.714285714286,6142.0
2014-07-31,1.0,0.2857142857142857,0.0,22541.714285714286,13441.0,6142.0
2014-08-01,1.1428571428571428,0.2857142857142857,0.0,22542.85714285714,13441.285714285714,6142.0
2014-08-02,1.0,0.2857142857142857,0.0,22543.85714285714,13441.57142857143,6142.0
2014-08-03,0.5714285714285714,0.14285714285714285,0.0,22544.428571428572,13441.714285714286,6142.0
2014-08-04,0.8571428571428571,0.14285714285714285,0.0,22545.285714285714,13441.857142857143,6142.0
2014-08-05,1.2857142857142858,0.2857142857142857,0.0,22546.571428571428,13442.142857142857,6142.0
2014-08-06,1.4285714285714286,0.42857142857142855,0.0,22548.0,13442.57142857143,6142.0
2014-08-07,1.2857142857142858,0.42857142857142855,0.0,22549.285714285714,13443.0,6142.0
2014-08-08,1.2857142857142858,0.5714285714285714,0.0,22550.571428571428,13443.57142857143,6142.0
2014-08-09,1.4285714285714286,0.5714285714285714,0.0,22552.0,13444.142857142857,6142.0
2014-08-10,1.7142857142857142,0.8571428571428571,0.0,22553.714285714286,13445.0,6142.0
2014-08-11,1.4285714285714286,0.8571428571428571,0.0,22555.14285714286,13445.857142857143,6142.0
2014-08-12,1.1428571428571428,0.8571428571428571,0.0,22556.285714285714,13446.714285714286,6142.0
2014-08-13,0.7142857142857143,0.5714285714285714,0.0,22557.0,13447.285714285714,6142.0
2014-08-14,1.0,0.7142857142857143,0.0,22558.0,13448.0,6142.0
2014-08-15,1.0,0.7142857142857143,0.0,22559.0,13448.714285714286,6142.0
2014-08-16,1.1428571428571428,0.8571428571428571,0.0,22560.14285714286,13449.57142857143,6142.0
2014-08-17,0.8571428571428571,0.5714285714285714,0.0,22561.0,13450.142857142857,6142.0
2014-08-18,1.1428571428571428,0.7142857142857143,0.0,22562.14285714286,13450.857142857143,6142.0
2014-08-19,1.0,0.5714285714285714,0.0,22563.14285714286,13451.42857142857,6142.0
2014-08-20,1.0,0.5714285714285714,0.0,22564.14285714286,13452.0,6142.0
2014-08-21,0.8571428571428571,0.5714285714285714,0.0,22565.0,13452.57142857143,6142.0
2014-08-22,1.0,0.7142857142857143,0.0,22566.0,13453.285714285714,6142.0
2014-08-23,0.8571428571428571,0.7142857142857143,0.0,22566.85714285714,13454.0,6142.0
2014-08-24,1.2857142857142858,1.0,0.0,22568.14285714286,13455.0,6142.0
2014-08-25,1.1428571428571428,1.0,0.0,22569.285714285714,13456.0,6142.0
2014-08-26,1.1428571428571428,1.0,0.0,22570.428571428572,13457.0,6142.0
2014-08-27,1.1428571428571428,1.0,0.0,22571.571428571428,13458.0,6142.0
2014-08-28,1.1428571428571428,1.0,0.0,22572.714285714286,13459.0,6142.0
2014-08-29,1.0,0.7142857142857143,0.0,22573.714285714286,13459.714285714286,6142.0
2014-08-30,1.0,0.7142857142857143,0.0,22574.714285714286,13460.42857142857,6142.0
2014-08-31,0.8571428571428571,0.7142857142857143,0.14285714285714285,22575.571428571428,13461.142857142857,6142.142857142857
2014-09-01,0.8571428571428571,0.7142857142857143,0.14285714285714285,22576.428571428572,13461.857142857143,6142.285714285715
2014-09-02,1.4285714285714286,1.1428571428571428,0.14285714285714285,22577.85714285714,13463.0,6142.428571428572
2014-09-03,2.0,1.5714285714285714,0.14285714285714285,22579.85714285714,13464.57142857143,6142.571428571428
2014-09-04,2.142857142857143,1.7142857142857142,0.14285714285714285,22582.0,13466.285714285714,6142.714285714285
2014-09-05,2.2857142857142856,2.0,0.14285714285714285,22584.285714285714,13468.285714285714,6142.857142857143
2014-09-06,2.2857142857142856,1.8571428571428572,0.14285714285714285,22586.571428571428,13470.142857142857,6143.0
2014-09-07,2.142857142857143,1.7142857142857142,0.0,22588.714285714286,13471.857142857143,6143.0
2014-09-08,2.5714285714285716,2.0,0.0,22591.285714285714,13473.857142857143,6143.0
2014-09-09,2.0,1.5714285714285714,0.0,22593.285714285714,13475.42857142857,6143.0
2014-09-10,1.4285714285714286,1.1428571428571428,0.0,22594.714285714286,13476.57142857143,6143.0
2014-09-11,1.2857142857142858,0.8571428571428571,0.0,22596.0,13477.42857142857,6143.0
2014-09-12,1.0,0.5714285714285714,0.0,22597.0,13478.0,6143.0
2014-09-13,0.8571428571428571,0.5714285714285714,0.0,22597.85714285714,13478.57142857143,6143.0
2014-09-14,0.7142857142857143,0.42857142857142855,0.0,22598.571428571428,13479.0,6143.0
2014-09-15,0.14285714285714285,0.0,0.0,22598.714285714286,13479.0,6143.0
2014-09-16,0.2857142857142857,0.0,0.0,22599.0,13479.0,6143.0
2014-09-17,0.2857142857142857,0.0,0.0,22599.285714285714,13479.0,6143.0
2014-09-18,0.42857142857142855,0.0,0.0,22599.714285714286,13479.0,6143.0
2014-09-19,0.7142857142857143,0.2857142857142857,0.0,22600.428571428572,13479.285714285714,6143.0
2014-09-20,1.0,0.42857142857142855,0.0,22601.428571428572,13479.714285714286,6143.0
2014-09-21,1.0,0.42857142857142855,0.0,22602.428571428572,13480.142857142857,6143.0
2014-09-22,1.1428571428571428,0.5714285714285714,0.0,22603.571428571428,13480.714285714286,6143.0
2014-09-23,1.1428571428571428,0.7142857142857143,0.0,22604.714285714286,13481.42857142857,6143.0
2014-09-24,1.1428571428571428,0.7142857142857143,0.0,22605.85714285714,13482.142857142857,6143.0
2014-09-25,0.8571428571428571,0.7142857142857143,0.0,22606.714285714286,13482.857142857143,6143.0
2014-09-26,0.7142857142857143,0.42857142857142855,0.0,22607.428571428572,13483.285714285714,6143.0
2014-09-27,0.5714285714285714,0.42857142857142855,0.0,22608.0,13483.714285714286,6143.0
2014-09-28,1.0,0.7142857142857143,0.0,22609.0,13484.42857142857,6143.0
2014-09-29,1.0,0.7142857142857143,0.0,22610.0,13485.142857142857,6143.0
2014-09-30,1.0,0.5714285714285714,0.0,22611.0,13485.714285714286,6143.0
2014-10-01,1.1428571428571428,0.7142857142857143,0.0,22612.14285714286,13486.42857142857,6143.0
2014-10-02,1.4285714285714286,0.8571428571428571,0.0,22613.571428571428,13487.285714285714,6143.0
2014-10-03,1.4285714285714286,0.8571428571428571,0.0,22615.0,13488.142857142857,6143.0
2014-10-04,1.7142857142857142,1.1428571428571428,0.0,22616.714285714286,13489.285714285714,6143.0
2014-10-05,1.5714285714285714,1.1428571428571428,0.0,22618.285714285714,13490.42857142857,6143.0
2014-10-06,2.2857142857142856,1.5714285714285714,0.0,22620.571428571428,13492.0,6143.0
2014-10-07,2.2857142857142856,1.7142857142857142,0.0,22622.85714285714,13493.714285714286,6143.0
2014-10-08,2.142857142857143,1.5714285714285714,0.0,22625.0,13495.285714285714,6143.0
2014-10-09,1.8571428571428572,1.4285714285714286,0.0,22626.85714285714,13496.714285714286,6143.0
2014-10-10,1.8571428571428572,1.4285714285714286,0.0,22628.714285714286,13498.142857142857,6143.0
2014-10-11,1.5714285714285714,1.0,0.0,22630.285714285714,13499.142857142857,6143.0
2014-10-12,1.7142857142857142,0.7142857142857143,0.0,22632.0,13499.857142857143,6143.0
2014-10-13,1.0,0.14285714285714285,0.0,22633.0,13500.0,6143.0
2014-10-14,1.2857142857142858,0.14285714285714285,0.0,22634.285714285714,13500.142857142857,6143.0
2014-10-15,1.4285714285714286,0.2857142857142857,0.0,22635.714285714286,13500.42857142857,6143.0
2014-10-16,1.5714285714285714,0.2857142857142857,0.0,22637.285714285714,13500.714285714286,6143.0
2014-10-17,1.7142857142857142,0.5714285714285714,0.0,22639.0,13501.285714285714,6143.0
2014-10-18,1.7142857142857142,0.7142857142857143,0.0,22640.714285714286,13502.0,6143.0
2014-10-19,1.5714285714285714,0.8571428571428571,0.0,22642.285714285714,13502.857142857143,6143.0
2014-10-20,1.7142857142857142,1.1428571428571428,0.14285714285714285,22644.0,13504.0,6143.142857142857
2014-10-21,1.2857142857142858,1.0,0.14285714285714285,22645.285714285714,13505.0,6143.285714285715
2014-10-22,1.4285714285714286,1.1428571428571428,0.14285714285714285,22646.714285714286,13506.142857142857,6143.428571428572
2014-10-23,1.4285714285714286,1.1428571428571428,0.14285714285714285,22648.14285714286,13507.285714285714,6143.571428571428
2014-10-24,1.2857142857142858,0.8571428571428571,0.14285714285714285,22649.428571428572,13508.142857142857,6143.714285714285
2014-10-25,1.4285714285714286,0.7142857142857143,0.14285714285714285,22650.85714285714,13508.857142857143,6143.857142857143
2014-10-26,1.1428571428571428,0.5714285714285714,0.14285714285714285,22652.0,13509.42857142857,6144.0
2014-10-27,1.0,0.2857142857142857,0.0,22653.0,13509.714285714286,6144.0
2014-10-28,1.0,0.2857142857142857,0.0,22654.0,13510.0,6144.0
2014-10-29,0.7142857142857143,0.0,0.0,22654.714285714286,13510.0,6144.0
2014-10-30,0.5714285714285714,0.0,0.0,22655.285714285714,13510.0,6144.0
2014-10-31,0.42857142857142855,0.0,0.0,22655.714285714286,13510.0,6144.0
2014-11-01,0.2857142857142857,0.0,0.0,22656.0,13510.0,6144.0
2014-11-02,0.2857142857142857,0.0,0.0,22656.285714285714,13510.0,6144.0
2014-11-03,0.2857142857142857,0.0,0.0,22656.571428571428,13510.0,6144.0
2014-11-04,0.2857142857142857,0.0,0.0,22656.85714285714,13510.0,6144.0
2014-11-05,0.2857142857142857,0.0,0.0,22657.14285714286,13510.0,6144.0
2014-11-06,0.2857142857142857,0.0,0.0,22657.428571428572,13510.0,6144.0
2014-11-07,0.2857142857142857,0.0,0.0,22657.714285714286,13510.0,6144.0
2014-11-08,0.14285714285714285,0.0,0.0,22657.85714285714,13510.0,6144.0
2014-11-09,0.2857142857142857,0.0,0.0,22658.14285714286,13510.0,6144.0
2014-11-10,0.14285714285714285,0.0,0.0,22658.285714285714,13510.0,6144.0
2014-11-11,0.14285714285714285,0.0,0.0,22658.428571428572,13510.0,6144.0
2014-11-12,0.14285714285714285,0.0,0.0,22658.571428571428,13510.0,6144.0
2014-11-13,0.14285714285714285,0.0,0.0,22658.714285714286,13510.0,6144.0
2014-11-14,0.14285714285714285,0.0,0.0,22658.85714285714,13510.0,6144.0
2014-11-15,0.14285714285714285,0.0,0.0,22659.0,13510.0,6144.0
2014-11-16,0.0,0.0,0.0,22659.0,13510.0,6144.0
2014-11-17,0.0,0.0,0.0,22659.0,13510.0,6144.0
2014-11-18,0.0,0.0,0.0,22659.0,13510.0,6144.0
2014-11-19,0.0,0.0,0.0,22659.0,13510.0,6144.0
2014-11-20,0.0,0.0,0.0,22659.0,13510.0,6144.0
2014-11-21,0.0,0.0,0.0,22659.0,13510.0,6144.0
2014-11-22,0.14285714285714285,0.0,0.0,22659.14285714286,13510.0,6144.0
2014-11-23,0.14285714285714285,0.0,0.0,22659.285714285714,13510.0,6144.0
2014-11-24,0.14285714285714285,0.0,0.0,22659.428571428572,13510.0,6144.0
2014-11-25,0.14285714285714285,0.0,0.0,22659.571428571428,13510.0,6144.0
2014-11-26,0.14285714285714285,0.0,0.0,22659.714285714286,13510.0,6144.0
2014-11-27,0.14285714285714285,0.0,0.0,22659.85714285714,13510.0,6144.0
2014-11-28,0.14285714285714285,0.0,0.0,22660.0,13510.0,6144.0
2014-11-29,0.0,0.0,0.0,22660.0,13510.0,6144.0
2014-11-30,0.0,0.0,0.0,22660.0,13510.0,6144.0
2014-12-01,0.0,0.0,0.0,22660.0,13510.0,6144.0
2014-12-02,0.0,0.0,0.0,22660.0,13510.0,6144.0
2014-12-03,0.0,0.0,0.0,22660.0,13510.0,6144.0
2014-12-04,0.0,0.0,0.0,22660.0,13510.0,6144.0
2014-12-05,0.0,0.0,0.0,22660.0,13510.0,6144.0
2014-12-06,0.0,0.0,0.0,22660.0,13510.0,6144.0
2014-12-07,0.0,0.0,0.0,22660.0,13510.0,6144.0
2014-12-08,0.0,0.0,0.0,22660.0,13510.0,6144.0
2014-12-09,0.0,0.0,0.0,22660.0,13510.0,6144.0
2014-12-10,0.0,0.0,0.0,22660.0,13510.0,6144.0
2014-12-11,0.0,0.0,0.0,22660.0,13510.0,6144.0
2014-12-12,0.0,0.0,0.0,22660.0,13510.0,6144.0
2014-12-13,0.0,0.0,0.0,22660.0,13510.0,6144.0
2014-12-14,0.0,0.0,0.0,22660.0,13510.0,6144.0
2014-12-15,0.0,0.0,0.0,22660.0,13510.0,6144.0
2014-12-16,0.0,0.0,0.0,22660.0,13510.0,6144.0
2014-12-17,0.0,0.0,0.0,22660.0,13510.0,6144.0
2014-12-18,0.0,0.0,0.0,22660.0,13510.0,6144.0
2014-12-19,0.0,0.0,0.0,22660.0,13510.0,6144.0
2014-12-20,0.0,0.0,0.0,22660.0,13510.0,6144.0
2014-12-21,0.0,0.0,0.0,22660.0,13510.0,6144.0
2014-12-22,0.0,0.0,0.0,22660.0,13510.0,6144.0
2014-12-23,0.0,0.0,0.0,22660.0,13510.0,6144.0
2014-12-24,0.0,0.0,0.0,22660.0,13510.0,6144.0
2014-12-25,0.0,0.0,0.0,22660.0,13510.0,6144.0
2014-12-26,0.2857142857142857,0.0,0.0,22660.285714285714,13510.0,6144.0
2014-12-27,0.2857142857142857,0.0,0.0,22660.571428571428,13510.0,6144.0
2014-12-28,0.2857142857142857,0.0,0.0,22660.85714285714,13510.0,6144.0
2014-12-29,0.42857142857142855,0.0,0.0,22661.285714285714,13510.0,6144.0
2014-12-30,0.42857142857142855,0.0,0.0,22661.714285714286,13510.0,6144.0
2014-12-31,0.5714285714285714,0.0,0.0,22662.285714285714,13510.0,6144.0
2015-01-01,1.1428571428571428,0.14285714285714285,0.0,22663.428571428572,13510.142857142857,6144.0
2015-01-02,1.5714285714285714,0.14285714285714285,0.0,22665.0,13510.285714285714,6144.0
2015-01-03,1.8571428571428572,0.14285714285714285,0.0,22666.85714285714,13510.42857142857,6144.0
2015-01-04,2.5714285714285716,0.2857142857142857,0.14285714285714285,22669.428571428572,13510.714285714286,6144.142857142857
2015-01-05,3.142857142857143,0.2857142857142857,0.14285714285714285,22672.571428571428,13511.0,6144.285714285715
2015-01-06,3.4285714285714284,0.2857142857142857,0.14285714285714285,22676.0,13511.285714285714,6144.428571428572
2015-01-07,3.5714285714285716,0.2857142857142857,0.14285714285714285,22679.571428571428,13511.57142857143,6144.571428571428
2015-01-08,3.142857142857143,0.14285714285714285,0.14285714285714285,22682.714285714286,13511.714285714286,6144.714285714285
2015-01-09,2.5714285714285716,0.14285714285714285,0.14285714285714285,22685.285714285714,13511.857142857143,6144.857142857143
2015-01-10,2.5714285714285716,0.2857142857142857,0.2857142857142857,22687.85714285714,13512.142857142857,6145.142857142857
2015-01-11,1.8571428571428572,0.14285714285714285,0.14285714285714285,22689.714285714286,13512.285714285714,6145.285714285715
2015-01-12,1.2857142857142858,0.14285714285714285,0.14285714285714285,22691.0,13512.42857142857,6145.428571428572
2015-01-13,1.7142857142857142,0.14285714285714285,0.14285714285714285,22692.714285714286,13512.57142857143,6145.571428571428
2015-01-14,2.0,0.2857142857142857,0.2857142857142857,22694.714285714286,13512.857142857143,6145.857142857143
2015-01-15,1.8571428571428572,0.2857142857142857,0.2857142857142857,22696.571428571428,13513.142857142857,6146.142857142857
2015-01-16,2.142857142857143,0.2857142857142857,0.2857142857142857,22698.714285714286,13513.42857142857,6146.428571428572
2015-01-17,2.0,0.14285714285714285,0.14285714285714285,22700.714285714286,13513.57142857143,6146.571428571428
2015-01-18,2.2857142857142856,0.14285714285714285,0.14285714285714285,22703.0,13513.714285714286,6146.714285714285
2015-01-19,2.7142857142857144,0.2857142857142857,0.2857142857142857,22705.714285714286,13514.0,6147.0
2015-01-20,2.5714285714285716,0.2857142857142857,0.2857142857142857,22708.285714285714,13514.285714285714,6147.285714285715
2015-01-21,2.857142857142857,0.14285714285714285,0.14285714285714285,22711.14285714286,13514.42857142857,6147.428571428572
2015-01-22,2.857142857142857,0.14285714285714285,0.14285714285714285,22714.0,13514.57142857143,6147.571428571428
2015-01-23,3.4285714285714284,0.2857142857142857,0.2857142857142857,22717.428571428572,13514.857142857143,6147.857142857143
2015-01-24,3.857142857142857,0.42857142857142855,0.42857142857142855,22721.285714285714,13515.285714285714,6148.285714285715
2015-01-25,4.714285714285714,0.5714285714285714,0.5714285714285714,22726.0,13515.857142857143,6148.857142857143
2015-01-26,5.0,0.8571428571428571,0.7142857142857143,22731.0,13516.714285714286,6149.571428571428
2015-01-27,5.0,1.1428571428571428,1.0,22736.0,13517.857142857143,6150.571428571428
2015-01-28,4.571428571428571,1.4285714285714286,1.2857142857142858,22740.571428571428,13519.285714285714,6151.857142857143
2015-01-29,5.285714285714286,1.5714285714285714,1.4285714285714286,22745.85714285714,13520.857142857143,6153.285714285715
2015-01-30,4.857142857142857,1.5714285714285714,1.4285714285714286,22750.714285714286,13522.42857142857,6154.714285714285
2015-01-31,4.428571428571429,1.5714285714285714,1.4285714285714286,22755.14285714286,13524.0,6156.142857142857
2015-02-01,4.0,1.4285714285714286,1.2857142857142858,22759.14285714286,13525.42857142857,6157.428571428572
2015-02-02,3.7142857142857144,1.0,1.0,22762.85714285714,13526.42857142857,6158.428571428572
2015-02-03,3.2857142857142856,0.7142857142857143,0.7142857142857143,22766.14285714286,13527.142857142857,6159.142857142857
2015-02-04,3.5714285714285716,0.42857142857142855,0.42857142857142855,22769.714285714286,13527.57142857143,6159.571428571428
2015-02-05,2.857142857142857,0.2857142857142857,0.2857142857142857,22772.571428571428,13527.857142857143,6159.857142857143
2015-02-06,3.0,0.42857142857142855,0.42857142857142855,22775.571428571428,13528.285714285714,6160.285714285715
2015-02-07,3.5714285714285716,0.2857142857142857,0.2857142857142857,22779.14285714286,13528.57142857143,6160.571428571428
2015-02-08,3.5714285714285716,0.7142857142857143,0.7142857142857143,22782.714285714286,13529.285714285714,6161.285714285715
2015-02-09,3.857142857142857,1.2857142857142858,1.2857142857142858,22786.571428571428,13530.57142857143,6162.571428571428
2015-02-10,5.0,1.8571428571428572,1.8571428571428572,22791.571428571428,13532.42857142857,6164.428571428572
2015-02-11,5.142857142857143,2.0,1.8571428571428572,22796.714285714286,13534.42857142857,6166.285714285715
2015-02-12,6.428571428571429,2.2857142857142856,2.142857142857143,22803.14285714286,13536.714285714286,6168.428571428572
2015-02-13,6.714285714285714,2.5714285714285716,2.4285714285714284,22809.85714285714,13539.285714285714,6170.857142857143
2015-02-14,6.714285714285714,2.857142857142857,2.7142857142857144,22816.571428571428,13542.142857142857,6173.571428571428
2015-02-15,6.571428571428571,2.857142857142857,2.5714285714285716,22823.14285714286,13545.0,6176.142857142857
2015-02-16,7.0,2.4285714285714284,2.142857142857143,22830.14285714286,13547.42857142857,6178.285714285715
2015-02-17,6.285714285714286,2.0,1.5714285714285714,22836.428571428572,13549.42857142857,6179.857142857143
2015-02-18,6.285714285714286,2.142857142857143,1.8571428571428572,22842.714285714286,13551.57142857143,6181.714285714285
2015-02-19,6.0,2.142857142857143,1.8571428571428572,22848.714285714286,13553.714285714286,6183.571428571428
2015-02-20,6.714285714285714,2.142857142857143,1.8571428571428572,22855.428571428572,13555.857142857143,6185.428571428572
2015-02-21,7.571428571428571,2.2857142857142856,2.0,22863.0,13558.142857142857,6187.428571428572
2015-02-22,8.285714285714286,2.2857142857142856,2.142857142857143,22871.285714285714,13560.42857142857,6189.571428571428
2015-02-23,8.857142857142858,3.142857142857143,2.7142857142857144,22880.14285714286,13563.57142857143,6192.285714285715
2015-02-24,9.571428571428571,3.5714285714285716,3.2857142857142856,22889.714285714286,13567.142857142857,6195.571428571428
2015-02-25,9.714285714285714,4.0,3.4285714285714284,22899.428571428572,13571.142857142857,6199.0
2015-02-26,11.142857142857142,5.0,4.142857142857143,22910.571428571428,13576.142857142857,6203.142857142857
2015-02-27,11.857142857142858,5.571428571428571,4.714285714285714,22922.428571428572,13581.714285714286,6207.857142857143
2015-02-28,12.857142857142858,6.857142857142857,6.0,22935.285714285714,13588.57142857143,6213.857142857143
2015-03-01,13.857142857142858,7.714285714285714,6.571428571428571,22949.14285714286,13596.285714285714,6220.428571428572
2015-03-02,14.428571428571429,7.714285714285714,6.428571428571429,22963.571428571428,13604.0,6226.857142857143
2015-03-03,14.285714285714286,7.571428571428571,6.142857142857143,22977.85714285714,13611.57142857143,6233.0
2015-03-04,14.857142857142858,7.714285714285714,6.571428571428571,22992.714285714286,13619.285714285714,6239.571428571428
2015-03-05,15.285714285714286,7.857142857142857,6.428571428571429,23008.0,13627.142857142857,6246.0
2015-03-06,15.0,7.857142857142857,6.285714285714286,23023.0,13635.0,6252.285714285715
2015-03-07,14.0,6.714285714285714,5.142857142857143,23037.0,13641.714285714286,6257.428571428572
2015-03-08,13.714285714285714,6.428571428571429,4.714285714285714,23050.714285714286,13648.142857142857,6262.142857142857
2015-03-09,13.0,6.428571428571429,4.857142857142857,23063.714285714286,13654.57142857143,6267.0
2015-03-10,14.857142857142858,7.857142857142857,5.857142857142857,23078.571428571428,13662.42857142857,6272.857142857143
2015-03-11,16.285714285714285,8.714285714285714,6.0,23094.85714285714,13671.142857142857,6278.857142857143
2015-03-12,17.0,9.0,6.428571428571429,23111.85714285714,13680.142857142857,6285.285714285715
2015-03-13,19.0,10.285714285714286,7.571428571428571,23130.85714285714,13690.42857142857,6292.857142857143
2015-03-14,21.571428571428573,12.0,8.857142857142858,23152.428571428572,13702.42857142857,6301.714285714285
2015-03-15,23.857142857142858,13.285714285714286,9.714285714285714,23176.285714285714,13715.714285714286,6311.428571428572
2015-03-16,26.142857142857142,13.428571428571429,9.571428571428571,23202.428571428572,13729.142857142857,6321.0
2015-03-17,29.0,13.857142857142858,10.0,23231.428571428572,13743.0,6331.0
2015-03-18,31.428571428571427,14.714285714285714,11.0,23262.85714285714,13757.714285714286,6342.0
2015-03-19,32.42857142857143,16.0,11.571428571428571,23295.285714285714,13773.714285714286,6353.571428571428
2015-03-20,32.714285714285715,15.857142857142858,11.0,23328.0,13789.57142857143,6364.571428571428
2015-03-21,32.57142857142857,15.285714285714286,10.714285714285714,23360.571428571428,13804.857142857143,6375.285714285715
2015-03-22,33.142857142857146,14.714285714285714,10.0,23393.714285714286,13819.57142857143,6385.285714285715
2015-03-23,37.285714285714285,17.0,11.714285714285714,23431.0,13836.57142857143,6397.0
2015-03-24,35.714285714285715,16.0,10.428571428571429,23466.714285714286,13852.57142857143,6407.428571428572
2015-03-25,34.57142857142857,15.142857142857142,10.0,23501.285714285714,13867.714285714286,6417.428571428572
2015-03-26,36.285714285714285,15.714285714285714,10.428571428571429,23537.571428571428,13883.42857142857,6427.857142857143
2015-03-27,38.0,16.857142857142858,10.571428571428571,23575.571428571428,13900.285714285714,6438.428571428572
2015-03-28,40.42857142857143,18.142857142857142,11.0,23616.0,13918.42857142857,6449.428571428572
2015-03-29,43.0,20.857142857142858,13.142857142857142,23659.0,13939.285714285714,6462.571428571428
2015-03-30,45.142857142857146,22.285714285714285,13.714285714285714,23704.14285714286,13961.57142857143,6476.285714285715
2015-03-31,47.57142857142857,23.714285714285715,15.571428571428571,23751.714285714286,13985.285714285714,6491.857142857143
2015-04-01,51.0,25.285714285714285,16.571428571428573,23802.714285714286,14010.57142857143,6508.428571428572
2015-04-02,52.42857142857143,25.571428571428573,16.142857142857142,23855.14285714286,14036.142857142857,6524.571428571428
2015-04-03,55.285714285714285,25.857142857142858,16.857142857142858,23910.428571428572,14062.0,6541.428571428572
2015-04-04,55.857142857142854,26.285714285714285,17.285714285714285,23966.285714285714,14088.285714285714,6558.714285714285
2015-04-05,56.42857142857143,26.714285714285715,17.571428571428573,24022.714285714286,14115.0,6576.285714285715
2015-04-06,57.142857142857146,26.857142857142858,18.142857142857142,24079.85714285714,14141.857142857143,6594.428571428572
2015-04-07,62.0,30.142857142857142,18.857142857142858,24141.85714285714,14172.0,6613.285714285715
2015-04-08,63.42857142857143,31.285714285714285,20.0,24205.285714285714,14203.285714285714,6633.285714285715
2015-04-09,64.42857142857143,30.571428571428573,19.428571428571427,24269.714285714286,14233.857142857143,6652.714285714285
2015-04-10,65.85714285714286,31.428571428571427,19.857142857142858,24335.571428571428,14265.285714285714,6672.571428571428
2015-04-11,67.0,32.0,20.142857142857142,24402.571428571428,14297.285714285714,6692.714285714285
2015-04-12,66.85714285714286,30.0,18.142857142857142,24469.428571428572,14327.285714285714,6710.857142857143
2015-04-13,66.28571428571429,30.428571428571427,17.285714285714285,24535.714285714286,14357.714285714286,6728.142857142857
2015-04-14,62.857142857142854,26.857142857142858,15.857142857142858,24598.571428571428,14384.57142857143,6744.0
2015-04-15,61.714285714285715,26.428571428571427,14.571428571428571,24660.285714285714,14411.0,6758.571428571428
2015-04-16,59.42857142857143,25.714285714285715,15.0,24719.714285714286,14436.714285714286,6773.571428571428
2015-04-17,56.857142857142854,25.0,15.0,24776.571428571428,14461.714285714286,6788.571428571428
2015-04-18,54.285714285714285,23.285714285714285,13.285714285714286,24830.85714285714,14485.0,6801.857142857143
2015-04-19,56.42857142857143,25.571428571428573,15.428571428571429,24887.285714285714,14510.57142857143,6817.285714285715
2015-04-20,52.0,23.142857142857142,15.142857142857142,24939.285714285714,14533.714285714286,6832.428571428572
2015-04-21,51.57142857142857,23.428571428571427,15.142857142857142,24990.85714285714,14557.142857142857,6847.571428571428
2015-04-22,51.57142857142857,23.285714285714285,15.142857142857142,25042.428571428572,14580.42857142857,6862.714285714285
2015-04-23,52.57142857142857,24.857142857142858,16.142857142857142,25095.0,14605.285714285714,6878.857142857143
2015-04-24,54.142857142857146,24.857142857142858,15.714285714285714,25149.14285714286,14630.142857142857,6894.571428571428
2015-04-25,59.0,28.285714285714285,19.285714285714285,25208.14285714286,14658.42857142857,6913.857142857143
2015-04-26,59.57142857142857,28.285714285714285,19.571428571428573,25267.714285714286,14686.714285714286,6933.428571428572
2015-04-27,63.42857142857143,31.285714285714285,20.857142857142858,25331.14285714286,14718.0,6954.285714285715
2015-04-28,67.57142857142857,33.857142857142854,22.857142857142858,25398.714285714286,14751.857142857143,6977.142857142857
2015-04-29,68.0,34.142857142857146,22.571428571428573,25466.714285714286,14786.0,6999.714285714285
2015-04-30,70.28571428571429,35.0,23.571428571428573,25537.0,14821.0,7023.285714285715
2015-05-01,70.14285714285714,35.714285714285715,24.285714285714285,25607.14285714286,14856.714285714286,7047.571428571428
2015-05-02,67.0,34.0,22.714285714285715,25674.14285714286,14890.714285714286,7070.285714285715
2015-05-03,64.14285714285714,33.42857142857143,22.142857142857142,25738.285714285714,14924.142857142857,7092.428571428572
2015-05-04,65.42857142857143,34.0,23.285714285714285,25803.714285714286,14958.142857142857,7115.714285714285
2015-05-05,60.714285714285715,33.0,22.571428571428573,25864.428571428572,14991.142857142857,7138.285714285715
2015-05-06,62.285714285714285,33.857142857142854,24.0,25926.714285714286,15025.0,7162.285714285715
2015-05-07,59.857142857142854,33.0,22.428571428571427,25986.571428571428,15058.0,7184.714285714285
2015-05-08,55.857142857142854,31.285714285714285,21.714285714285715,26042.428571428572,15089.285714285714,7206.428571428572
2015-05-09,54.57142857142857,30.571428571428573,20.571428571428573,26097.0,15119.857142857143,7227.0
2015-05-10,50.857142857142854,28.142857142857142,19.142857142857142,26147.85714285714,15148.0,7246.142857142857
2015-05-11,45.285714285714285,24.285714285714285,16.571428571428573,26193.14285714286,15172.285714285714,7262.714285714285
2015-05-12,43.0,22.714285714285715,15.571428571428571,26236.14285714286,15195.0,7278.285714285715
2015-05-13,38.0,19.714285714285715,13.428571428571429,26274.14285714286,15214.714285714286,7291.714285714285
2015-05-14,36.285714285714285,18.0,13.142857142857142,26310.428571428572,15232.714285714286,7304.857142857143
2015-05-15,36.57142857142857,17.571428571428573,12.285714285714286,26347.0,15250.285714285714,7317.142857142857
2015-05-16,35.285714285714285,16.571428571428573,11.714285714285714,26382.285714285714,15266.857142857143,7328.857142857143
2015-05-17,36.714285714285715,16.428571428571427,11.0,26419.0,15283.285714285714,7339.857142857143
2015-05-18,36.714285714285715,15.714285714285714,9.714285714285714,26455.714285714286,15299.0,7349.571428571428
2015-05-19,37.57142857142857,15.285714285714286,9.285714285714286,26493.285714285714,15314.285714285714,7358.857142857143
2015-05-20,38.142857142857146,15.142857142857142,9.0,26531.428571428572,15329.42857142857,7367.857142857143
2015-05-21,35.714285714285715,14.0,7.857142857142857,26567.14285714286,15343.42857142857,7375.714285714285
2015-05-22,34.142857142857146,13.285714285714286,7.428571428571429,26601.285714285714,15356.714285714286,7383.142857142857
2015-05-23,33.142857142857146,13.142857142857142,7.571428571428571,26634.428571428572,15369.857142857143,7390.714285714285
2015-05-24,31.714285714285715,12.428571428571429,7.285714285714286,26666.14285714286,15382.285714285714,7398.0
2015-05-25,32.857142857142854,13.571428571428571,8.285714285714286,26699.0,15395.857142857143,7406.285714285715
2015-05-26,32.42857142857143,13.428571428571429,8.285714285714286,26731.428571428572,15409.285714285714,7414.571428571428
2015-05-27,31.285714285714285,13.857142857142858,8.857142857142858,26762.714285714286,15423.142857142857,7423.428571428572
2015-05-28,31.428571428571427,13.714285714285714,8.428571428571429,26794.14285714286,15436.857142857143,7431.857142857143
2015-05-29,30.142857142857142,12.857142857142858,7.714285714285714,26824.285714285714,15449.714285714286,7439.571428571428
2015-05-30,29.285714285714285,11.714285714285714,7.0,26853.571428571428,15461.42857142857,7446.571428571428
2015-05-31,30.0,12.428571428571429,7.428571428571429,26883.571428571428,15473.857142857143,7454.0
2015-06-01,26.714285714285715,10.714285714285714,6.285714285714286,26910.285714285714,15484.57142857143,7460.285714285715
2015-06-02,25.714285714285715,10.571428571428571,6.142857142857143,26936.0,15495.142857142857,7466.428571428572
2015-06-03,24.428571428571427,9.428571428571429,5.142857142857143,26960.428571428572,15504.57142857143,7471.571428571428
2015-06-04,23.428571428571427,9.142857142857142,5.142857142857143,26983.85714285714,15513.714285714286,7476.714285714285
2015-06-05,23.0,9.428571428571429,5.571428571428571,27006.85714285714,15523.142857142857,7482.285714285715
2015-06-06,24.142857142857142,9.714285714285714,5.571428571428571,27031.0,15532.857142857143,7487.857142857143
2015-06-07,21.428571428571427,8.0,4.714285714285714,27052.428571428572,15540.857142857143,7492.571428571428
2015-06-08,21.142857142857142,8.428571428571429,5.285714285714286,27073.571428571428,15549.285714285714,7497.857142857143
2015-06-09,19.571428571428573,8.0,4.857142857142857,27093.14285714286,15557.285714285714,7502.714285714285
2015-06-10,19.857142857142858,7.857142857142857,4.714285714285714,27113.0,15565.142857142857,7507.428571428572
2015-06-11,21.0,8.142857142857142,4.857142857142857,27134.0,15573.285714285714,7512.285714285715
2015-06-12,21.0,8.142857142857142,5.0,27155.0,15581.42857142857,7517.285714285715
2015-06-13,18.857142857142858,7.428571428571429,4.571428571428571,27173.85714285714,15588.857142857143,7521.857142857143
2015-06-14,18.571428571428573,8.0,5.285714285714286,27192.428571428572,15596.857142857143,7527.142857142857
2015-06-15,17.857142857142858,7.428571428571429,4.571428571428571,27210.285714285714,15604.285714285714,7531.714285714285
2015-06-16,16.571428571428573,6.571428571428571,4.0,27226.85714285714,15610.857142857143,7535.714285714285
2015-06-17,15.0,5.857142857142857,3.4285714285714284,27241.85714285714,15616.714285714286,7539.142857142857
2015-06-18,12.714285714285714,5.571428571428571,3.4285714285714284,27254.571428571428,15622.285714285714,7542.571428571428
2015-06-19,12.142857142857142,4.857142857142857,2.5714285714285716,27266.714285714286,15627.142857142857,7545.142857142857
2015-06-20,12.571428571428571,5.428571428571429,3.0,27279.285714285714,15632.57142857143,7548.142857142857
2015-06-21,12.714285714285714,5.428571428571429,2.4285714285714284,27292.0,15638.0,7550.571428571428
2015-06-22,11.714285714285714,4.142857142857143,1.8571428571428572,27303.714285714286,15642.142857142857,7552.428571428572
2015-06-23,11.714285714285714,4.285714285714286,1.7142857142857142,27315.428571428572,15646.42857142857,7554.142857142857
2015-06-24,10.285714285714286,4.142857142857143,1.8571428571428572,27325.714285714286,15650.57142857143,7556.0
2015-06-25,10.285714285714286,3.5714285714285716,1.5714285714285714,27336.0,15654.142857142857,7557.571428571428
2015-06-26,9.428571428571429,3.2857142857142856,1.5714285714285714,27345.428571428572,15657.42857142857,7559.142857142857
2015-06-27,8.428571428571429,2.7142857142857144,0.8571428571428571,27353.85714285714,15660.142857142857,7560.0
2015-06-28,7.714285714285714,1.8571428571428572,0.5714285714285714,27361.571428571428,15662.0,7560.571428571428
2015-06-29,7.0,2.142857142857143,0.8571428571428571,27368.571428571428,15664.142857142857,7561.428571428572
2015-06-30,6.428571428571429,1.4285714285714286,0.8571428571428571,27375.0,15665.57142857143,7562.285714285715
2015-07-01,7.428571428571429,2.142857142857143,1.1428571428571428,27382.428571428572,15667.714285714286,7563.428571428572
2015-07-02,6.571428571428571,2.142857142857143,1.0,27389.0,15669.857142857143,7564.428571428572
2015-07-03,6.142857142857143,2.2857142857142856,1.0,27395.14285714286,15672.142857142857,7565.428571428572
2015-07-04,5.571428571428571,1.8571428571428572,1.1428571428571428,27400.714285714286,15674.0,7566.571428571428
2015-07-05,5.428571428571429,2.2857142857142856,1.5714285714285714,27406.14285714286,15676.285714285714,7568.142857142857
2015-07-06,5.142857142857143,2.142857142857143,1.4285714285714286,27411.285714285714,15678.42857142857,7569.571428571428
2015-07-07,5.285714285714286,2.2857142857142856,1.4285714285714286,27416.571428571428,15680.714285714286,7571.0
2015-07-08,4.428571428571429,1.4285714285714286,1.0,27421.0,15682.142857142857,7572.0
2015-07-09,4.571428571428571,1.2857142857142858,1.0,27425.571428571428,15683.42857142857,7573.0
2015-07-10,5.571428571428571,1.1428571428571428,1.0,27431.14285714286,15684.57142857143,7574.0
2015-07-11,5.142857142857143,1.0,0.8571428571428571,27436.285714285714,15685.57142857143,7574.857142857143
2015-07-12,5.142857142857143,0.7142857142857143,0.5714285714285714,27441.428571428572,15686.285714285714,7575.428571428572
2015-07-13,5.857142857142857,0.7142857142857143,0.42857142857142855,27447.285714285714,15687.0,7575.857142857143
2015-07-14,5.857142857142857,0.42857142857142855,0.2857142857142857,27453.14285714286,15687.42857142857,7576.142857142857
2015-07-15,5.571428571428571,0.42857142857142855,0.2857142857142857,27458.714285714286,15687.857142857143,7576.428571428572
2015-07-16,5.428571428571429,0.42857142857142855,0.2857142857142857,27464.14285714286,15688.285714285714,7576.714285714285
2015-07-17,4.714285714285714,0.42857142857142855,0.2857142857142857,27468.85714285714,15688.714285714286,7577.0
2015-07-18,4.571428571428571,0.42857142857142855,0.2857142857142857,27473.428571428572,15689.142857142857,7577.285714285715
2015-07-19,4.714285714285714,0.8571428571428571,0.2857142857142857,27478.14285714286,15690.0,7577.571428571428
2015-07-20,4.142857142857143,1.0,0.42857142857142855,27482.285714285714,15691.0,7578.0
2015-07-21,3.7142857142857144,1.2857142857142858,0.7142857142857143,27486.0,15692.285714285714,7578.714285714285
2015-07-22,4.285714285714286,1.7142857142857142,1.0,27490.285714285714,15694.0,7579.714285714285
2015-07-23,4.0,1.7142857142857142,1.0,27494.285714285714,15695.714285714286,7580.714285714285
2015-07-24,3.857142857142857,2.0,1.1428571428571428,27498.14285714286,15697.714285714286,7581.857142857143
2015-07-25,3.857142857142857,2.0,1.1428571428571428,27502.0,15699.714285714286,7583.0
2015-07-26,4.571428571428571,2.0,1.2857142857142858,27506.571428571428,15701.714285714286,7584.285714285715
2015-07-27,4.428571428571429,1.7142857142857142,1.1428571428571428,27511.0,15703.42857142857,7585.428571428572
2015-07-28,4.714285714285714,1.5714285714285714,0.8571428571428571,27515.714285714286,15705.0,7586.285714285715
2015-07-29,4.428571428571429,1.1428571428571428,0.5714285714285714,27520.14285714286,15706.142857142857,7586.857142857143
2015-07-30,6.0,1.2857142857142858,0.7142857142857143,27526.14285714286,15707.42857142857,7587.571428571428
2015-07-31,6.0,1.0,0.5714285714285714,27532.14285714286,15708.42857142857,7588.142857142857
2015-08-01,6.428571428571429,1.0,0.5714285714285714,27538.571428571428,15709.42857142857,7588.714285714285
2015-08-02,5.571428571428571,0.42857142857142855,0.2857142857142857,27544.14285714286,15709.857142857143,7589.0
2015-08-03,6.428571428571429,0.7142857142857143,0.5714285714285714,27550.571428571428,15710.57142857143,7589.571428571428
2015-08-04,6.285714285714286,0.8571428571428571,0.8571428571428571,27556.85714285714,15711.42857142857,7590.428571428572
2015-08-05,6.428571428571429,1.0,1.0,27563.285714285714,15712.42857142857,7591.428571428572
2015-08-06,5.0,1.0,1.0,27568.285714285714,15713.42857142857,7592.428571428572
2015-08-07,5.571428571428571,1.1428571428571428,1.1428571428571428,27573.85714285714,15714.57142857143,7593.571428571428
2015-08-08,5.571428571428571,1.2857142857142858,1.2857142857142858,27579.428571428572,15715.857142857143,7594.857142857143
2015-08-09,5.714285714285714,1.5714285714285714,1.5714285714285714,27585.14285714286,15717.42857142857,7596.428571428572
2015-08-10,5.0,1.2857142857142858,1.2857142857142858,27590.14285714286,15718.714285714286,7597.714285714285
2015-08-11,5.0,1.1428571428571428,1.1428571428571428,27595.14285714286,15719.857142857143,7598.857142857143
2015-08-12,4.571428571428571,1.0,1.0,27599.714285714286,15720.857142857143,7599.857142857143
2015-08-13,4.857142857142857,1.1428571428571428,1.1428571428571428,27604.571428571428,15722.0,7601.0
2015-08-14,4.142857142857143,0.8571428571428571,0.8571428571428571,27608.714285714286,15722.857142857143,7601.857142857143
2015-08-15,4.142857142857143,0.7142857142857143,0.7142857142857143,27612.85714285714,15723.57142857143,7602.571428571428
2015-08-16,3.857142857142857,0.42857142857142855,0.42857142857142855,27616.714285714286,15724.0,7603.0
2015-08-17,3.7142857142857144,0.5714285714285714,0.42857142857142855,27620.428571428572,15724.57142857143,7603.428571428572
2015-08-18,3.857142857142857,0.42857142857142855,0.2857142857142857,27624.285714285714,15725.0,7603.714285714285
2015-08-19,4.428571428571429,0.5714285714285714,0.42857142857142855,27628.714285714286,15725.57142857143,7604.142857142857
2015-08-20,4.285714285714286,0.2857142857142857,0.14285714285714285,27633.0,15725.857142857143,7604.285714285715
2015-08-21,4.571428571428571,0.42857142857142855,0.2857142857142857,27637.571428571428,15726.285714285714,7604.571428571428
2015-08-22,5.0,0.5714285714285714,0.42857142857142855,27642.571428571428,15726.857142857143,7605.0
2015-08-23,4.857142857142857,0.8571428571428571,0.7142857142857143,27647.428571428572,15727.714285714286,7605.714285714285
2015-08-24,4.857142857142857,0.7142857142857143,0.7142857142857143,27652.285714285714,15728.42857142857,7606.428571428572
2015-08-25,4.428571428571429,0.7142857142857143,0.7142857142857143,27656.714285714286,15729.142857142857,7607.142857142857
2015-08-26,4.0,0.5714285714285714,0.5714285714285714,27660.714285714286,15729.714285714286,7607.714285714285
2015-08-27,4.142857142857143,0.5714285714285714,0.5714285714285714,27664.85714285714,15730.285714285714,7608.285714285715
2015-08-28,3.7142857142857144,0.42857142857142855,0.42857142857142855,27668.571428571428,15730.714285714286,7608.714285714285
2015-08-29,3.0,0.2857142857142857,0.2857142857142857,27671.571428571428,15731.0,7609.0
2015-08-30,2.5714285714285716,0.0,0.0,27674.14285714286,15731.0,7609.0
2015-08-31,2.7142857142857144,0.0,0.0,27676.85714285714,15731.0,7609.0
2015-09-01,2.5714285714285716,0.0,0.0,27679.428571428572,15731.0,7609.0
2015-09-02,3.142857142857143,0.0,0.0,27682.571428571428,15731.0,7609.0
2015-09-03,2.857142857142857,0.0,0.0,27685.428571428572,15731.0,7609.0
2015-09-04,2.857142857142857,0.0,0.0,27688.285714285714,15731.0,7609.0
2015-09-05,3.142857142857143,0.0,0.0,27691.428571428572,15731.0,7609.0
2015-09-06,3.142857142857143,0.0,0.0,27694.571428571428,15731.0,7609.0
2015-09-07,3.2857142857142856,0.0,0.0,27697.85714285714,15731.0,7609.0
2015-09-08,3.0,0.0,0.0,27700.85714285714,15731.0,7609.0
2015-09-09,2.4285714285714284,0.14285714285714285,0.14285714285714285,27703.285714285714,15731.142857142857,7609.142857142857
2015-09-10,2.2857142857142856,0.14285714285714285,0.14285714285714285,27705.571428571428,15731.285714285714,7609.285714285715
2015-09-11,2.7142857142857144,0.14285714285714285,0.14285714285714285,27708.285714285714,15731.42857142857,7609.428571428572
2015-09-12,2.4285714285714284,0.14285714285714285,0.14285714285714285,27710.714285714286,15731.57142857143,7609.571428571428
2015-09-13,2.2857142857142856,0.14285714285714285,0.14285714285714285,27713.0,15731.714285714286,7609.714285714285
2015-09-14,1.8571428571428572,0.14285714285714285,0.14285714285714285,27714.85714285714,15731.857142857143,7609.857142857143
2015-09-15,2.142857142857143,0.14285714285714285,0.14285714285714285,27717.0,15732.0,7610.0
2015-09-16,2.0,0.0,0.0,27719.0,15732.0,7610.0
2015-09-17,2.142857142857143,0.0,0.0,27721.14285714286,15732.0,7610.0
2015-09-18,2.0,0.14285714285714285,0.14285714285714285,27723.14285714286,15732.142857142857,7610.142857142857
2015-09-19,2.0,0.14285714285714285,0.14285714285714285,27725.14285714286,15732.285714285714,7610.285714285715
2015-09-20,1.8571428571428572,0.14285714285714285,0.14285714285714285,27727.0,15732.42857142857,7610.428571428572
2015-09-21,2.0,0.14285714285714285,0.14285714285714285,27729.0,15732.57142857143,7610.571428571428
2015-09-22,1.8571428571428572,0.14285714285714285,0.14285714285714285,27730.85714285714,15732.714285714286,7610.714285714285
2015-09-23,1.8571428571428572,0.14285714285714285,0.14285714285714285,27732.714285714286,15732.857142857143,7610.857142857143
2015-09-24,2.0,0.42857142857142855,0.2857142857142857,27734.714285714286,15733.285714285714,7611.142857142857
2015-09-25,2.0,0.2857142857142857,0.14285714285714285,27736.714285714286,15733.57142857143,7611.285714285715
2015-09-26,2.0,0.2857142857142857,0.14285714285714285,27738.714285714286,15733.857142857143,7611.428571428572
2015-09-27,2.4285714285714284,0.2857142857142857,0.14285714285714285,27741.14285714286,15734.142857142857,7611.571428571428
2015-09-28,2.2857142857142856,0.42857142857142855,0.2857142857142857,27743.428571428572,15734.57142857143,7611.857142857143
2015-09-29,2.2857142857142856,0.42857142857142855,0.2857142857142857,27745.714285714286,15735.0,7612.142857142857
2015-09-30,2.2857142857142856,0.42857142857142855,0.2857142857142857,27748.0,15735.42857142857,7612.428571428572
2015-10-01,2.0,0.14285714285714285,0.14285714285714285,27750.0,15735.57142857143,7612.571428571428
2015-10-02,1.8571428571428572,0.2857142857142857,0.2857142857142857,27751.85714285714,15735.857142857143,7612.857142857143
2015-10-03,2.0,0.2857142857142857,0.2857142857142857,27753.85714285714,15736.142857142857,7613.142857142857
2015-10-04,1.7142857142857142,0.2857142857142857,0.2857142857142857,27755.571428571428,15736.42857142857,7613.428571428572
2015-10-05,1.5714285714285714,0.14285714285714285,0.14285714285714285,27757.14285714286,15736.57142857143,7613.571428571428
2015-10-06,1.5714285714285714,0.14285714285714285,0.14285714285714285,27758.714285714286,15736.714285714286,7613.714285714285
2015-10-07,1.7142857142857142,0.14285714285714285,0.14285714285714285,27760.428571428572,15736.857142857143,7613.857142857143
2015-10-08,2.2857142857142856,0.14285714285714285,0.14285714285714285,27762.714285714286,15737.0,7614.0
2015-10-09,2.142857142857143,0.0,0.0,27764.85714285714,15737.0,7614.0
2015-10-10,2.2857142857142856,0.0,0.0,27767.14285714286,15737.0,7614.0
2015-10-11,2.7142857142857144,0.14285714285714285,0.14285714285714285,27769.85714285714,15737.142857142857,7614.142857142857
2015-10-12,3.142857142857143,0.14285714285714285,0.14285714285714285,27773.0,15737.285714285714,7614.285714285715
2015-10-13,3.5714285714285716,0.2857142857142857,0.14285714285714285,27776.571428571428,15737.57142857143,7614.428571428572
2015-10-14,3.4285714285714284,0.42857142857142855,0.2857142857142857,27780.0,15738.0,7614.714285714285
2015-10-15,3.2857142857142856,0.5714285714285714,0.42857142857142855,27783.285714285714,15738.57142857143,7615.142857142857
2015-10-16,4.285714285714286,0.7142857142857143,0.5714285714285714,27787.571428571428,15739.285714285714,7615.714285714285
2015-10-17,4.142857142857143,0.7142857142857143,0.5714285714285714,27791.714285714286,15740.0,7616.285714285715
2015-10-18,4.428571428571429,0.5714285714285714,0.42857142857142855,27796.14285714286,15740.57142857143,7616.714285714285
2015-10-19,4.857142857142857,0.7142857142857143,0.5714285714285714,27801.0,15741.285714285714,7617.285714285715
2015-10-20,5.0,0.5714285714285714,0.5714285714285714,27806.0,15741.857142857143,7617.857142857143
2015-10-21,5.857142857142857,0.7142857142857143,0.7142857142857143,27811.85714285714,15742.57142857143,7618.571428571428
2015-10-22,6.0,0.7142857142857143,0.7142857142857143,27817.85714285714,15743.285714285714,7619.285714285715
2015-10-23,5.571428571428571,0.8571428571428571,0.8571428571428571,27823.428571428572,15744.142857142857,7620.142857142857
2015-10-24,6.571428571428571,1.4285714285714286,1.4285714285714286,27830.0,15745.57142857143,7621.571428571428
2015-10-25,7.571428571428571,1.7142857142857142,1.7142857142857142,27837.571428571428,15747.285714285714,7623.285714285715
2015-10-26,7.714285714285714,1.8571428571428572,1.8571428571428572,27845.285714285714,15749.142857142857,7625.142857142857
2015-10-27,7.857142857142857,1.8571428571428572,1.8571428571428572,27853.14285714286,15751.0,7627.0
2015-10-28,8.0,1.8571428571428572,1.8571428571428572,27861.14285714286,15752.857142857143,7628.857142857143
2015-10-29,8.142857142857142,1.7142857142857142,1.7142857142857142,27869.285714285714,15754.57142857143,7630.571428571428
2015-10-30,7.428571428571429,1.4285714285714286,1.4285714285714286,27876.714285714286,15756.0,7632.0
2015-10-31,6.571428571428571,0.8571428571428571,0.8571428571428571,27883.285714285714,15756.857142857143,7632.857142857143
2015-11-01,5.571428571428571,1.0,1.0,27888.85714285714,15757.857142857143,7633.857142857143
2015-11-02,6.0,1.0,1.0,27894.85714285714,15758.857142857143,7634.857142857143
2015-11-03,5.714285714285714,1.0,1.0,27900.571428571428,15759.857142857143,7635.857142857143
2015-11-04,5.857142857142857,1.0,1.0,27906.428571428572,15760.857142857143,7636.857142857143
2015-11-05,6.142857142857143,1.1428571428571428,1.1428571428571428,27912.571428571428,15762.0,7638.0
2015-11-06,7.0,1.4285714285714286,1.4285714285714286,27919.571428571428,15763.42857142857,7639.428571428572
2015-11-07,7.285714285714286,1.5714285714285714,1.5714285714285714,27926.85714285714,15765.0,7641.0
2015-11-08,7.285714285714286,1.4285714285714286,1.4285714285714286,27934.14285714286,15766.42857142857,7642.428571428572
2015-11-09,6.428571428571429,1.2857142857142858,1.2857142857142858,27940.571428571428,15767.714285714286,7643.714285714285
2015-11-10,7.142857142857143,1.5714285714285714,1.5714285714285714,27947.714285714286,15769.285714285714,7645.285714285715
2015-11-11,6.285714285714286,1.5714285714285714,1.5714285714285714,27954.0,15770.857142857143,7646.857142857143
2015-11-12,6.571428571428571,1.8571428571428572,1.8571428571428572,27960.571428571428,15772.714285714286,7648.714285714285
2015-11-13,6.571428571428571,1.7142857142857142,1.7142857142857142,27967.14285714286,15774.42857142857,7650.428571428572
2015-11-14,6.285714285714286,1.5714285714285714,1.5714285714285714,27973.428571428572,15776.0,7652.0
2015-11-15,6.285714285714286,1.5714285714285714,1.5714285714285714,27979.714285714286,15777.57142857143,7653.571428571428
2015-11-16,6.857142857142857,2.0,2.0,27986.571428571428,15779.57142857143,7655.571428571428
2015-11-17,7.571428571428571,2.4285714285714284,2.4285714285714284,27994.14285714286,15782.0,7658.0
2015-11-18,7.571428571428571,2.142857142857143,2.142857142857143,28001.714285714286,15784.142857142857,7660.142857142857
2015-11-19,7.428571428571429,2.0,2.0,28009.14285714286,15786.142857142857,7662.142857142857
2015-11-20,8.142857142857142,2.2857142857142856,2.2857142857142856,28017.285714285714,15788.42857142857,7664.428571428572
2015-11-21,9.0,3.0,3.0,28026.285714285714,15791.42857142857,7667.428571428572
2015-11-22,10.285714285714286,3.7142857142857144,3.7142857142857144,28036.571428571428,15795.142857142857,7671.142857142857
2015-11-23,11.285714285714286,4.142857142857143,4.142857142857143,28047.85714285714,15799.285714285714,7675.285714285715
2015-11-24,11.857142857142858,4.571428571428571,4.571428571428571,28059.714285714286,15803.857142857143,7679.857142857143
2015-11-25,13.571428571428571,5.142857142857143,5.142857142857143,28073.285714285714,15809.0,7685.0
2015-11-26,14.142857142857142,5.0,5.0,28087.428571428572,15814.0,7690.0
2015-11-27,15.0,5.428571428571429,5.428571428571429,28102.428571428572,15819.42857142857,7695.428571428572
2015-11-28,16.285714285714285,6.857142857142857,6.857142857142857,28118.714285714286,15826.285714285714,7702.285714285715
2015-11-29,15.428571428571429,6.714285714285714,6.714285714285714,28134.14285714286,15833.0,7709.0
2015-11-30,16.428571428571427,7.285714285714286,7.285714285714286,28150.571428571428,15840.285714285714,7716.285714285715
2015-12-01,16.285714285714285,7.0,7.0,28166.85714285714,15847.285714285714,7723.285714285715
2015-12-02,16.285714285714285,7.428571428571429,7.428571428571429,28183.14285714286,15854.714285714286,7730.714285714285
2015-12-03,18.142857142857142,9.142857142857142,9.142857142857142,28201.285714285714,15863.857142857143,7739.857142857143
2015-12-04,19.0,10.142857142857142,10.142857142857142,28220.285714285714,15874.0,7750.0
2015-12-05,19.571428571428573,9.142857142857142,9.142857142857142,28239.85714285714,15883.142857142857,7759.142857142857
2015-12-06,21.714285714285715,9.142857142857142,9.142857142857142,28261.571428571428,15892.285714285714,7768.285714285715
2015-12-07,22.571428571428573,9.142857142857142,9.142857142857142,28284.14285714286,15901.42857142857,7777.428571428572
2015-12-08,23.857142857142858,10.142857142857142,10.142857142857142,28308.0,15911.57142857143,7787.571428571428
2015-12-09,25.142857142857142,10.428571428571429,10.428571428571429,28333.14285714286,15922.0,7798.0
2015-12-10,24.714285714285715,10.428571428571429,10.428571428571429,28357.85714285714,15932.42857142857,7808.428571428572
2015-12-11,25.0,9.285714285714286,9.285714285714286,28382.85714285714,15941.714285714286,7817.714285714285
2015-12-12,23.714285714285715,9.285714285714286,9.142857142857142,28406.571428571428,15951.0,7826.857142857143
2015-12-13,23.0,9.142857142857142,9.0,28429.571428571428,15960.142857142857,7835.857142857143
2015-12-14,20.428571428571427,8.285714285714286,8.0,28450.0,15968.42857142857,7843.857142857143
2015-12-15,18.428571428571427,7.142857142857143,6.857142857142857,28468.428571428572,15975.57142857143,7850.714285714285
2015-12-16,16.0,6.0,5.714285714285714,28484.428571428572,15981.57142857143,7856.428571428572
2015-12-17,14.857142857142858,4.857142857142857,4.571428571428571,28499.285714285714,15986.42857142857,7861.0
2015-12-18,12.428571428571429,4.428571428571429,4.142857142857143,28511.714285714286,15990.857142857143,7865.142857142857
2015-12-19,11.0,3.4285714285714284,3.2857142857142856,28522.714285714286,15994.285714285714,7868.428571428572
2015-12-20,8.571428571428571,2.857142857142857,2.7142857142857144,28531.285714285714,15997.142857142857,7871.142857142857
2015-12-21,7.142857142857143,2.142857142857143,2.142857142857143,28538.428571428572,15999.285714285714,7873.285714285715
2015-12-22,5.571428571428571,1.5714285714285714,1.5714285714285714,28544.0,16000.857142857143,7874.857142857143
2015-12-23,4.714285714285714,1.5714285714285714,1.5714285714285714,28548.714285714286,16002.42857142857,7876.428571428572
2015-12-24,2.857142857142857,0.8571428571428571,0.8571428571428571,28551.571428571428,16003.285714285714,7877.285714285715
2015-12-25,1.7142857142857142,0.5714285714285714,0.5714285714285714,28553.285714285714,16003.857142857143,7877.857142857143
2015-12-26,1.2857142857142858,0.42857142857142855,0.42857142857142855,28554.571428571428,16004.285714285714,7878.285714285715
2015-12-27,1.4285714285714286,0.2857142857142857,0.2857142857142857,28556.0,16004.57142857143,7878.571428571428
2015-12-28,1.8571428571428572,0.7142857142857143,0.7142857142857143,28557.85714285714,16005.285714285714,7879.285714285715
2015-12-29,1.8571428571428572,0.7142857142857143,0.7142857142857143,28559.714285714286,16006.0,7880.0
2015-12-30,3.7142857142857144,2.142857142857143,1.8571428571428572,28563.428571428572,16008.142857142857,7881.857142857143
2015-12-31,4.285714285714286,2.4285714285714284,2.142857142857143,28567.714285714286,16010.57142857143,7884.0
2016-01-01,5.857142857142857,3.4285714285714284,3.142857142857143,28573.571428571428,16014.0,7887.142857142857
2016-01-02,8.714285714285714,5.285714285714286,4.714285714285714,28582.285714285714,16019.285714285714,7891.857142857143
2016-01-03,10.857142857142858,6.571428571428571,5.428571428571429,28593.14285714286,16025.857142857143,7897.285714285715
2016-01-04,14.0,8.428571428571429,6.857142857142857,28607.14285714286,16034.285714285714,7904.142857142857
2016-01-05,17.0,9.857142857142858,7.571428571428571,28624.14285714286,16044.142857142857,7911.714285714285
2016-01-06,17.285714285714285,9.857142857142858,7.714285714285714,28641.428571428572,16054.0,7919.428571428572
2016-01-07,19.428571428571427,11.0,8.428571428571429,28660.85714285714,16065.0,7927.857142857143
2016-01-08,21.428571428571427,11.857142857142858,9.142857142857142,28682.285714285714,16076.857142857143,7937.0
2016-01-09,21.142857142857142,11.857142857142858,8.857142857142858,28703.428571428572,16088.714285714286,7945.857142857143
2016-01-10,22.142857142857142,12.571428571428571,9.857142857142858,28725.571428571428,16101.285714285714,7955.714285714285
2016-01-11,23.571428571428573,13.571428571428571,9.857142857142858,28749.14285714286,16114.857142857143,7965.571428571428
2016-01-12,27.142857142857142,15.714285714285714,11.714285714285714,28776.285714285714,16130.57142857143,7977.285714285715
2016-01-13,29.0,16.857142857142858,12.428571428571429,28805.285714285714,16147.42857142857,7989.714285714285
2016-01-14,33.714285714285715,20.285714285714285,15.571428571428571,28839.0,16167.714285714286,8005.285714285715
2016-01-15,34.714285714285715,21.714285714285715,16.571428571428573,28873.714285714286,16189.42857142857,8021.857142857143
2016-01-16,40.857142857142854,25.142857142857142,18.428571428571427,28914.571428571428,16214.57142857143,8040.285714285715
2016-01-17,45.714285714285715,28.714285714285715,21.0,28960.285714285714,16243.285714285714,8061.285714285715
2016-01-18,52.142857142857146,33.142857142857146,25.0,29012.428571428572,16276.42857142857,8086.285714285715
2016-01-19,54.0,35.42857142857143,26.285714285714285,29066.428571428572,16311.857142857143,8112.571428571428
2016-01-20,60.857142857142854,39.857142857142854,28.714285714285715,29127.285714285714,16351.714285714286,8141.285714285715
2016-01-21,63.42857142857143,41.857142857142854,29.142857142857142,29190.714285714286,16393.571428571428,8170.428571428572
2016-01-22,70.85714285714286,46.285714285714285,32.42857142857143,29261.571428571428,16439.85714285714,8202.857142857143
2016-01-23,73.57142857142857,48.57142857142857,35.142857142857146,29335.14285714286,16488.428571428572,8238.0
2016-01-24,79.0,52.57142857142857,37.42857142857143,29414.14285714286,16541.0,8275.42857142857
2016-01-25,79.28571428571429,53.714285714285715,36.857142857142854,29493.428571428572,16594.714285714286,8312.285714285714
2016-01-26,84.85714285714286,58.285714285714285,38.714285714285715,29578.285714285714,16653.0,8351.0
2016-01-27,86.85714285714286,60.0,38.714285714285715,29665.14285714286,16713.0,8389.714285714286
2016-01-28,92.71428571428571,63.285714285714285,40.42857142857143,29757.85714285714,16776.285714285714,8430.142857142857
2016-01-29,93.42857142857143,64.71428571428571,38.714285714285715,29851.285714285714,16841.0,8468.857142857143
2016-01-30,94.14285714285714,66.42857142857143,38.142857142857146,29945.428571428572,16907.428571428572,8507.0
2016-01-31,97.14285714285714,69.14285714285714,36.857142857142854,30042.571428571428,16976.571428571428,8543.857142857143
2016-02-01,103.57142857142857,73.71428571428571,37.42857142857143,30146.14285714286,17050.285714285714,8581.285714285714
2016-02-02,105.71428571428571,75.71428571428571,37.714285714285715,30251.85714285714,17126.0,8619.0
2016-02-03,109.42857142857143,79.42857142857143,39.142857142857146,30361.285714285714,17205.428571428572,8658.142857142857
2016-02-04,111.42857142857143,83.42857142857143,40.0,30472.714285714286,17288.85714285714,8698.142857142857
2016-02-05,113.0,86.28571428571429,42.0,30585.714285714286,17375.14285714286,8740.142857142857
2016-02-06,112.28571428571429,85.14285714285714,42.0,30698.0,17460.285714285714,8782.142857142857
2016-02-07,111.85714285714286,85.57142857142857,42.57142857142857,30809.85714285714,17545.85714285714,8824.714285714286
2016-02-08,110.85714285714286,85.0,44.285714285714285,30920.714285714286,17630.85714285714,8869.0
2016-02-09,114.28571428571429,86.85714285714286,47.0,31035.0,17717.714285714286,8916.0
2016-02-10,120.57142857142857,89.85714285714286,48.857142857142854,31155.571428571428,17807.571428571428,8964.857142857143
2016-02-11,123.85714285714286,90.14285714285714,48.714285714285715,31279.428571428572,17897.714285714286,9013.57142857143
2016-02-12,129.14285714285714,93.42857142857143,51.714285714285715,31408.571428571428,17991.14285714286,9065.285714285714
2016-02-13,135.85714285714286,100.42857142857143,57.57142857142857,31544.428571428572,18091.571428571428,9122.857142857143
2016-02-14,141.85714285714286,103.42857142857143,61.0,31686.285714285714,18195.0,9183.857142857143
2016-02-15,147.14285714285714,107.71428571428571,63.142857142857146,31833.428571428572,18302.714285714286,9247.0
2016-02-16,145.85714285714286,108.0,62.285714285714285,31979.285714285714,18410.714285714286,9309.285714285714
2016-02-17,140.42857142857142,106.85714285714286,61.285714285714285,32119.714285714286,18517.571428571428,9370.57142857143
2016-02-18,139.0,107.28571428571429,62.857142857142854,32258.714285714286,18624.85714285714,9433.42857142857
2016-02-19,139.42857142857142,106.85714285714286,64.0,32398.14285714286,18731.714285714286,9497.42857142857
2016-02-20,139.28571428571428,106.14285714285714,60.857142857142854,32537.428571428572,18837.85714285714,9558.285714285714
2016-02-21,138.85714285714286,106.14285714285714,60.42857142857143,32676.285714285714,18944.0,9618.714285714286
2016-02-22,143.14285714285714,108.0,59.57142857142857,32819.42857142857,19052.0,9678.285714285714
2016-02-23,151.28571428571428,112.71428571428571,62.57142857142857,32970.71428571428,19164.714285714286,9740.857142857143
2016-02-24,157.71428571428572,116.42857142857143,66.28571428571429,33128.42857142857,19281.14285714286,9807.142857142857
2016-02-25,164.0,121.28571428571429,69.57142857142857,33292.42857142857,19402.428571428572,9876.714285714286
2016-02-26,165.28571428571428,122.0,68.57142857142857,33457.71428571428,19524.428571428572,9945.285714285714
2016-02-27,169.0,123.71428571428571,68.71428571428571,33626.71428571428,19648.14285714286,10014.0
2016-02-28,168.42857142857142,125.14285714285714,67.71428571428571,33795.142857142855,19773.285714285714,10081.714285714286
2016-02-29,165.71428571428572,124.28571428571429,67.28571428571429,33960.857142857145,19897.571428571428,10149.0
2016-03-01,165.57142857142858,125.0,65.42857142857143,34126.42857142857,20022.571428571428,10214.42857142857
2016-03-02,162.71428571428572,124.28571428571429,61.42857142857143,34289.142857142855,20146.85714285714,10275.857142857143
2016-03-03,157.71428571428572,119.57142857142857,55.42857142857143,34446.857142857145,20266.428571428572,10331.285714285714
2016-03-04,158.57142857142858,120.28571428571429,52.285714285714285,34605.42857142857,20386.714285714286,10383.57142857143
2016-03-05,155.28571428571428,119.0,49.57142857142857,34760.71428571428,20505.714285714286,10433.142857142857
2016-03-06,151.28571428571428,115.71428571428571,45.142857142857146,34912.0,20621.428571428572,10478.285714285714
2016-03-07,147.14285714285714,114.0,40.857142857142854,35059.142857142855,20735.428571428572,10519.142857142857
2016-03-08,136.0,107.14285714285714,34.0,35195.142857142855,20842.571428571428,10553.142857142857
2016-03-09,128.85714285714286,100.42857142857143,29.142857142857142,35324.0,20943.0,10582.285714285714
2016-03-10,126.71428571428571,102.42857142857143,27.142857142857142,35450.71428571428,21045.428571428572,10609.42857142857
2016-03-11,120.85714285714286,98.42857142857143,24.428571428571427,35571.57142857143,21143.85714285714,10633.857142857143
2016-03-12,118.0,97.14285714285714,22.428571428571427,35689.57142857143,21241.0,10656.285714285714
2016-03-13,116.71428571428571,96.42857142857143,21.857142857142858,35806.28571428572,21337.428571428572,10678.142857142857
2016-03-14,113.14285714285714,93.57142857142857,20.285714285714285,35919.42857142857,21431.0,10698.42857142857
2016-03-15,113.85714285714286,93.28571428571429,20.714285714285715,36033.28571428572,21524.285714285714,10719.142857142857
2016-03-16,113.42857142857143,93.0,21.285714285714285,36146.71428571428,21617.285714285714,10740.42857142857
2016-03-17,106.85714285714286,85.71428571428571,20.285714285714285,36253.57142857143,21703.0,10760.714285714286
2016-03-18,102.0,82.42857142857143,18.714285714285715,36355.57142857143,21785.428571428572,10779.42857142857
2016-03-19,97.85714285714286,77.71428571428571,17.714285714285715,36453.42857142857,21863.14285714286,10797.142857142857
2016-03-20,94.28571428571429,75.0,17.0,36547.71428571428,21938.14285714286,10814.142857142857
2016-03-21,88.28571428571429,70.14285714285714,16.714285714285715,36636.0,22008.285714285714,10830.857142857143
2016-03-22,84.14285714285714,67.14285714285714,16.714285714285715,36720.142857142855,22075.428571428572,10847.57142857143
2016-03-23,82.85714285714286,66.28571428571429,16.428571428571427,36803.0,22141.714285714286,10864.0
2016-03-24,81.71428571428571,65.71428571428571,16.0,36884.71428571428,22207.428571428572,10880.0
2016-03-25,82.14285714285714,66.71428571428571,15.857142857142858,36966.857142857145,22274.14285714286,10895.857142857143
2016-03-26,81.14285714285714,67.14285714285714,16.714285714285715,37048.0,22341.285714285714,10912.57142857143
2016-03-27,78.0,64.28571428571429,16.714285714285715,37126.0,22405.571428571428,10929.285714285714
2016-03-28,81.28571428571429,66.71428571428571,17.571428571428573,37207.28571428572,22472.285714285714,10946.857142857143
2016-03-29,79.0,64.28571428571429,17.142857142857142,37286.28571428572,22536.571428571428,10964.0
2016-03-30,77.28571428571429,62.857142857142854,17.857142857142858,37363.57142857143,22599.428571428572,10981.857142857143
2016-03-31,72.71428571428571,58.142857142857146,16.714285714285715,37436.28571428572,22657.571428571428,10998.57142857143
2016-04-01,73.0,57.857142857142854,17.428571428571427,37509.28571428572,22715.428571428572,11016.0
2016-04-02,73.85714285714286,58.285714285714285,15.857142857142858,37583.142857142855,22773.714285714286,11031.857142857143
2016-04-03,74.28571428571429,58.142857142857146,16.142857142857142,37657.42857142857,22831.85714285714,11048.0
2016-04-04,72.71428571428571,56.57142857142857,15.571428571428571,37730.142857142855,22888.428571428572,11063.57142857143
2016-04-05,71.71428571428571,55.714285714285715,15.0,37801.857142857145,22944.14285714286,11078.57142857143
2016-04-06,68.71428571428571,52.857142857142854,14.428571428571429,37870.57142857143,22997.0,11093.0
2016-04-07,70.71428571428571,55.42857142857143,15.0,37941.28571428572,23052.428571428572,11108.0
2016-04-08,66.42857142857143,52.285714285714285,13.714285714285714,38007.71428571428,23104.714285714286,11121.714285714286
2016-04-09,61.142857142857146,47.42857142857143,12.714285714285714,38068.857142857145,23152.14285714286,11134.42857142857
2016-04-10,57.714285714285715,45.42857142857143,11.714285714285714,38126.57142857143,23197.571428571428,11146.142857142857
2016-04-11,53.57142857142857,42.57142857142857,11.142857142857142,38180.142857142855,23240.14285714286,11157.285714285714
2016-04-12,49.57142857142857,39.857142857142854,10.857142857142858,38229.71428571428,23280.0,11168.142857142857
2016-04-13,47.0,38.0,9.714285714285714,38276.71428571428,23318.0,11177.857142857143
2016-04-14,42.714285714285715,33.714285714285715,8.857142857142858,38319.42857142857,23351.714285714286,11186.714285714286
2016-04-15,39.285714285714285,29.857142857142858,8.285714285714286,38358.71428571428,23381.571428571428,11195.0
2016-04-16,38.142857142857146,28.142857142857142,9.142857142857142,38396.857142857145,23409.714285714286,11204.142857142857
2016-04-17,38.285714285714285,27.0,8.714285714285714,38435.142857142855,23436.714285714286,11212.857142857143
2016-04-18,37.0,24.571428571428573,8.285714285714286,38472.142857142855,23461.285714285714,11221.142857142857
2016-04-19,37.285714285714285,23.857142857142858,8.0,38509.42857142857,23485.14285714286,11229.142857142857
2016-04-20,37.857142857142854,25.0,9.285714285714286,38547.28571428572,23510.14285714286,11238.42857142857
2016-04-21,36.285714285714285,24.142857142857142,8.714285714285714,38583.57142857143,23534.285714285714,11247.142857142857
2016-04-22,35.142857142857146,24.0,9.142857142857142,38618.71428571428,23558.285714285714,11256.285714285714
2016-04-23,32.714285714285715,22.857142857142858,8.714285714285714,38651.42857142857,23581.14285714286,11265.0
2016-04-24,28.714285714285715,20.571428571428573,8.571428571428571,38680.142857142855,23601.714285714286,11273.57142857143
2016-04-25,24.714285714285715,18.428571428571427,8.571428571428571,38704.857142857145,23620.14285714286,11282.142857142857
2016-04-26,22.571428571428573,17.142857142857142,8.285714285714286,38727.42857142857,23637.285714285714,11290.42857142857
2016-04-27,19.714285714285715,14.285714285714286,6.571428571428571,38747.142857142855,23651.571428571428,11297.0
2016-04-28,18.428571428571427,13.428571428571429,6.571428571428571,38765.57142857143,23665.0,11303.57142857143
2016-04-29,16.857142857142858,12.0,5.571428571428571,38782.42857142857,23677.0,11309.142857142857
2016-04-30,17.142857142857142,12.0,5.857142857142857,38799.57142857143,23689.0,11315.0
2016-05-01,17.0,11.142857142857142,5.714285714285714,38816.57142857143,23700.14285714286,11320.714285714286
2016-05-02,17.428571428571427,10.142857142857142,5.0,38834.0,23710.285714285714,11325.714285714286
2016-05-03,16.857142857142858,8.428571428571429,4.428571428571429,38850.857142857145,23718.714285714286,11330.142857142857
2016-05-04,16.857142857142858,7.285714285714286,4.142857142857143,38867.71428571428,23726.0,11334.285714285714
2016-05-05,17.0,6.857142857142857,3.857142857142857,38884.71428571428,23732.85714285714,11338.142857142857
2016-05-06,16.142857142857142,6.142857142857143,4.0,38900.857142857145,23739.0,11342.142857142857
2016-05-07,15.285714285714286,4.571428571428571,2.7142857142857144,38916.142857142855,23743.571428571428,11344.857142857143
2016-05-08,14.142857142857142,3.5714285714285716,2.142857142857143,38930.28571428572,23747.14285714286,11347.0
2016-05-09,13.142857142857142,3.2857142857142856,1.5714285714285714,38943.42857142857,23750.428571428572,11348.57142857143
2016-05-10,12.142857142857142,3.142857142857143,1.4285714285714286,38955.57142857143,23753.571428571428,11350.0
2016-05-11,12.571428571428571,3.2857142857142856,1.5714285714285714,38968.142857142855,23756.85714285714,11351.57142857143
2016-05-12,12.142857142857142,3.0,1.7142857142857142,38980.28571428572,23759.85714285714,11353.285714285714
2016-05-13,12.571428571428571,3.0,1.8571428571428572,38992.857142857145,23762.85714285714,11355.142857142857
2016-05-14,11.714285714285714,2.7142857142857144,1.8571428571428572,39004.57142857143,23765.571428571428,11357.0
2016-05-15,12.142857142857142,2.7142857142857144,1.7142857142857142,39016.71428571428,23768.285714285714,11358.714285714286
2016-05-16,10.571428571428571,2.0,1.4285714285714286,39027.28571428572,23770.285714285714,11360.142857142857
2016-05-17,10.857142857142858,2.2857142857142856,1.4285714285714286,39038.142857142855,23772.571428571428,11361.57142857143
2016-05-18,8.714285714285714,1.7142857142857142,1.0,39046.857142857145,23774.285714285714,11362.57142857143
2016-05-19,8.142857142857142,1.5714285714285714,0.8571428571428571,39055.0,23775.85714285714,11363.42857142857
2016-05-20,7.571428571428571,1.1428571428571428,0.42857142857142855,39062.57142857143,23777.0,11363.857142857143
2016-05-21,6.857142857142857,1.1428571428571428,0.42857142857142855,39069.42857142857,23778.14285714286,11364.285714285714
2016-05-22,6.142857142857143,1.0,0.42857142857142855,39075.57142857143,23779.14285714286,11364.714285714286
2016-05-23,5.857142857142857,0.8571428571428571,0.42857142857142855,39081.42857142857,23780.0,11365.142857142857
2016-05-24,4.571428571428571,0.42857142857142855,0.2857142857142857,39086.0,23780.428571428572,11365.42857142857
2016-05-25,3.5714285714285716,0.2857142857142857,0.2857142857142857,39089.57142857143,23780.714285714286,11365.714285714286
2016-05-26,3.2857142857142856,0.14285714285714285,0.14285714285714285,39092.857142857145,23780.85714285714,11365.857142857143
2016-05-27,3.142857142857143,0.14285714285714285,0.14285714285714285,39096.0,23781.0,11366.0
2016-05-28,3.2857142857142856,0.0,0.0,39099.28571428572,23781.0,11366.0
2016-05-29,2.857142857142857,0.0,0.0,39102.142857142855,23781.0,11366.0
2016-05-30,2.857142857142857,0.0,0.0,39105.0,23781.0,11366.0
2016-05-31,3.142857142857143,0.14285714285714285,0.0,39108.142857142855,23781.14285714286,11366.0
2016-06-01,3.857142857142857,0.42857142857142855,0.14285714285714285,39112.0,23781.571428571428,11366.142857142857
2016-06-02,3.4285714285714284,0.42857142857142855,0.14285714285714285,39115.42857142857,23782.0,11366.285714285714
2016-06-03,3.0,0.5714285714285714,0.14285714285714285,39118.42857142857,23782.571428571428,11366.42857142857
2016-06-04,2.857142857142857,0.5714285714285714,0.14285714285714285,39121.28571428572,23783.14285714286,11366.57142857143
2016-06-05,2.2857142857142856,0.5714285714285714,0.14285714285714285,39123.57142857143,23783.714285714286,11366.714285714286
2016-06-06,2.142857142857143,0.5714285714285714,0.14285714285714285,39125.71428571428,23784.285714285714,11366.857142857143
2016-06-07,2.0,0.42857142857142855,0.14285714285714285,39127.71428571428,23784.714285714286,11367.0
2016-06-08,1.1428571428571428,0.14285714285714285,0.0,39128.857142857145,23784.85714285714,11367.0
2016-06-09,1.1428571428571428,0.14285714285714285,0.0,39130.0,23785.0,11367.0
2016-06-10,1.4285714285714286,0.14285714285714285,0.0,39131.42857142857,23785.14285714286,11367.0
2016-06-11,1.0,0.14285714285714285,0.0,39132.42857142857,23785.285714285714,11367.0
2016-06-12,1.7142857142857142,0.14285714285714285,0.0,39134.142857142855,23785.428571428572,11367.0
2016-06-13,1.5714285714285714,0.14285714285714285,0.0,39135.71428571428,23785.571428571428,11367.0
2016-06-14,1.7142857142857142,0.42857142857142855,0.14285714285714285,39137.42857142857,23786.0,11367.142857142857
2016-06-15,1.8571428571428572,0.42857142857142855,0.14285714285714285,39139.28571428572,23786.428571428572,11367.285714285714
2016-06-16,2.2857142857142856,0.42857142857142855,0.14285714285714285,39141.57142857143,23786.85714285714,11367.42857142857
2016-06-17,1.8571428571428572,0.2857142857142857,0.14285714285714285,39143.42857142857,23787.14285714286,11367.57142857143
2016-06-18,2.0,0.2857142857142857,0.14285714285714285,39145.42857142857,23787.428571428572,11367.714285714286
2016-06-19,1.4285714285714286,0.2857142857142857,0.14285714285714285,39146.857142857145,23787.714285714286,11367.857142857143
2016-06-20,2.0,0.42857142857142855,0.14285714285714285,39148.857142857145,23788.14285714286,11368.0
2016-06-21,1.5714285714285714,0.14285714285714285,0.0,39150.42857142857,23788.285714285714,11368.0
2016-06-22,1.5714285714285714,0.14285714285714285,0.0,39152.0,23788.428571428572,11368.0
2016-06-23,1.2857142857142858,0.14285714285714285,0.0,39153.28571428572,23788.571428571428,11368.0
2016-06-24,1.1428571428571428,0.14285714285714285,0.0,39154.42857142857,23788.714285714286,11368.0
2016-06-25,1.0,0.14285714285714285,0.0,39155.42857142857,23788.85714285714,11368.0
2016-06-26,0.8571428571428571,0.14285714285714285,0.0,39156.28571428572,23789.0,11368.0
2016-06-27,0.5714285714285714,0.0,0.0,39156.857142857145,23789.0,11368.0
2016-06-28,0.5714285714285714,0.0,0.0,39157.42857142857,23789.0,11368.0
2016-06-29,0.5714285714285714,0.0,0.0,39158.0,23789.0,11368.0
2016-06-30,0.7142857142857143,0.0,0.0,39158.71428571428,23789.0,11368.0
2016-07-01,1.1428571428571428,0.14285714285714285,0.14285714285714285,39159.857142857145,23789.14285714286,11368.142857142857
2016-07-02,1.1428571428571428,0.14285714285714285,0.14285714285714285,39161.0,23789.285714285714,11368.285714285714
2016-07-03,1.1428571428571428,0.14285714285714285,0.14285714285714285,39162.142857142855,23789.428571428572,11368.42857142857
2016-07-04,1.0,0.14285714285714285,0.14285714285714285,39163.142857142855,23789.571428571428,11368.57142857143
2016-07-05,1.1428571428571428,0.14285714285714285,0.14285714285714285,39164.28571428572,23789.714285714286,11368.714285714286
2016-07-06,1.1428571428571428,0.14285714285714285,0.14285714285714285,39165.42857142857,23789.85714285714,11368.857142857143
2016-07-07,1.2857142857142858,0.14285714285714285,0.14285714285714285,39166.71428571428,23790.0,11369.0
2016-07-08,1.0,0.0,0.0,39167.71428571428,23790.0,11369.0
2016-07-09,1.0,0.0,0.0,39168.71428571428,23790.0,11369.0
2016-07-10,1.2857142857142858,0.14285714285714285,0.14285714285714285,39170.0,23790.14285714286,11369.142857142857
2016-07-11,1.5714285714285714,0.2857142857142857,0.14285714285714285,39171.57142857143,23790.428571428572,11369.285714285714
2016-07-12,1.5714285714285714,0.2857142857142857,0.14285714285714285,39173.142857142855,23790.714285714286,11369.42857142857
2016-07-13,1.5714285714285714,0.42857142857142855,0.14285714285714285,39174.71428571428,23791.14285714286,11369.57142857143
2016-07-14,1.2857142857142858,0.5714285714285714,0.14285714285714285,39176.0,23791.714285714286,11369.714285714286
2016-07-15,1.4285714285714286,0.7142857142857143,0.14285714285714285,39177.42857142857,23792.428571428572,11369.857142857143
2016-07-16,1.4285714285714286,0.7142857142857143,0.14285714285714285,39178.857142857145,23793.14285714286,11370.0
2016-07-17,1.5714285714285714,0.7142857142857143,0.0,39180.42857142857,23793.85714285714,11370.0
2016-07-18,1.2857142857142858,0.5714285714285714,0.0,39181.71428571428,23794.428571428572,11370.0
2016-07-19,1.4285714285714286,0.5714285714285714,0.0,39183.142857142855,23795.0,11370.0
2016-07-20,1.4285714285714286,0.42857142857142855,0.0,39184.57142857143,23795.428571428572,11370.0
2016-07-21,1.2857142857142858,0.2857142857142857,0.0,39185.857142857145,23795.714285714286,11370.0
2016-07-22,1.0,0.14285714285714285,0.0,39186.857142857145,23795.85714285714,11370.0
2016-07-23,1.1428571428571428,0.14285714285714285,0.0,39188.0,23796.0,11370.0
2016-07-24,1.0,0.14285714285714285,0.0,39189.0,23796.14285714286,11370.0
2016-07-25,1.2857142857142858,0.2857142857142857,0.14285714285714285,39190.28571428572,23796.428571428572,11370.142857142857
2016-07-26,1.1428571428571428,0.2857142857142857,0.14285714285714285,39191.42857142857,23796.714285714286,11370.285714285714
2016-07-27,1.1428571428571428,0.2857142857142857,0.14285714285714285,39192.57142857143,23797.0,11370.42857142857
2016-07-28,1.5714285714285714,0.2857142857142857,0.14285714285714285,39194.142857142855,23797.285714285714,11370.57142857143
2016-07-29,1.7142857142857142,0.2857142857142857,0.14285714285714285,39195.857142857145,23797.571428571428,11370.714285714286
2016-07-30,1.5714285714285714,0.2857142857142857,0.14285714285714285,39197.42857142857,23797.85714285714,11370.857142857143
2016-07-31,1.2857142857142858,0.14285714285714285,0.14285714285714285,39198.71428571428,23798.0,11371.0
2016-08-01,1.1428571428571428,0.0,0.0,39199.857142857145,23798.0,11371.0
2016-08-02,1.1428571428571428,0.0,0.0,39201.0,23798.0,11371.0
2016-08-03,1.0,0.0,0.0,39202.0,23798.0,11371.0
2016-08-04,0.7142857142857143,0.0,0.0,39202.71428571428,23798.0,11371.0
2016-08-05,0.8571428571428571,0.0,0.0,39203.57142857143,23798.0,11371.0
2016-08-06,1.1428571428571428,0.0,0.0,39204.71428571428,23798.0,11371.0
2016-08-07,1.4285714285714286,0.0,0.0,39206.142857142855,23798.0,11371.0
2016-08-08,1.1428571428571428,0.0,0.0,39207.28571428572,23798.0,11371.0
2016-08-09,1.1428571428571428,0.0,0.0,39208.42857142857,23798.0,11371.0
2016-08-10,1.1428571428571428,0.0,0.0,39209.57142857143,23798.0,11371.0
2016-08-11,1.2857142857142858,0.0,0.0,39210.857142857145,23798.0,11371.0
2016-08-12,1.2857142857142858,0.0,0.0,39212.142857142855,23798.0,11371.0
2016-08-13,1.4285714285714286,0.0,0.0,39213.57142857143,23798.0,11371.0
2016-08-14,1.4285714285714286,0.0,0.0,39215.0,23798.0,11371.0
2016-08-15,1.5714285714285714,0.0,0.0,39216.57142857143,23798.0,11371.0
2016-08-16,1.4285714285714286,0.0,0.0,39218.0,23798.0,11371.0
2016-08-17,1.5714285714285714,0.0,0.0,39219.57142857143,23798.0,11371.0
2016-08-18,1.5714285714285714,0.0,0.0,39221.142857142855,23798.0,11371.0
2016-08-19,1.2857142857142858,0.0,0.0,39222.42857142857,23798.0,11371.0
2016-08-20,1.0,0.0,0.0,39223.42857142857,23798.0,11371.0
2016-08-21,0.8571428571428571,0.0,0.0,39224.28571428572,23798.0,11371.0
2016-08-22,1.0,0.0,0.0,39225.28571428572,23798.0,11371.0
2016-08-23,1.5714285714285714,0.0,0.0,39226.857142857145,23798.0,11371.0
2016-08-24,1.5714285714285714,0.0,0.0,39228.42857142857,23798.0,11371.0
2016-08-25,1.4285714285714286,0.0,0.0,39229.857142857145,23798.0,11371.0
2016-08-26,1.5714285714285714,0.0,0.0,39231.42857142857,23798.0,11371.0
2016-08-27,1.8571428571428572,0.0,0.0,39233.28571428572,23798.0,11371.0
2016-08-28,1.7142857142857142,0.0,0.0,39235.0,23798.0,11371.0
2016-08-29,1.4285714285714286,0.0,0.0,39236.42857142857,23798.0,11371.0
2016-08-30,0.8571428571428571,0.0,0.0,39237.28571428572,23798.0,11371.0
2016-08-31,0.8571428571428571,0.0,0.0,39238.142857142855,23798.0,11371.0
2016-09-01,0.7142857142857143,0.0,0.0,39238.857142857145,23798.0,11371.0
2016-09-02,0.7142857142857143,0.0,0.0,39239.57142857143,23798.0,11371.0
2016-09-03,0.42857142857142855,0.0,0.0,39240.0,23798.0,11371.0
2016-09-04,0.42857142857142855,0.0,0.0,39240.42857142857,23798.0,11371.0
2016-09-05,0.42857142857142855,0.0,0.0,39240.857142857145,23798.0,11371.0
2016-09-06,0.7142857142857143,0.0,0.0,39241.57142857143,23798.0,11371.0
2016-09-07,1.0,0.0,0.0,39242.57142857143,23798.0,11371.0
2016-09-08,1.4285714285714286,0.0,0.0,39244.0,23798.0,11371.0
2016-09-09,1.4285714285714286,0.0,0.0,39245.42857142857,23798.0,11371.0
2016-09-10,1.7142857142857142,0.0,0.0,39247.142857142855,23798.0,11371.0
2016-09-11,1.8571428571428572,0.0,0.0,39249.0,23798.0,11371.0
2016-09-12,2.142857142857143,0.0,0.0,39251.142857142855,23798.0,11371.0
2016-09-13,2.2857142857142856,0.0,0.0,39253.42857142857,23798.0,11371.0
2016-09-14,2.142857142857143,0.0,0.0,39255.57142857143,23798.0,11371.0
2016-09-15,2.142857142857143,0.0,0.0,39257.71428571428,23798.0,11371.0
2016-09-16,2.142857142857143,0.0,0.0,39259.857142857145,23798.0,11371.0
2016-09-17,2.4285714285714284,0.14285714285714285,0.0,39262.28571428572,23798.14285714286,11371.0
2016-09-18,2.2857142857142856,0.14285714285714285,0.0,39264.57142857143,23798.285714285714,11371.0
2016-09-19,2.0,0.14285714285714285,0.0,39266.57142857143,23798.428571428572,11371.0
2016-09-20,2.0,0.14285714285714285,0.0,39268.57142857143,23798.571428571428,11371.0
2016-09-21,2.0,0.2857142857142857,0.14285714285714285,39270.57142857143,23798.85714285714,11371.142857142857
2016-09-22,2.0,0.2857142857142857,0.14285714285714285,39272.57142857143,23799.14285714286,11371.285714285714
2016-09-23,2.0,0.2857142857142857,0.14285714285714285,39274.57142857143,23799.428571428572,11371.42857142857
2016-09-24,1.4285714285714286,0.14285714285714285,0.14285714285714285,39276.0,23799.571428571428,11371.57142857143
2016-09-25,1.5714285714285714,0.14285714285714285,0.14285714285714285,39277.57142857143,23799.714285714286,11371.714285714286
2016-09-26,2.142857142857143,0.14285714285714285,0.14285714285714285,39279.71428571428,23799.85714285714,11371.857142857143
2016-09-27,2.4285714285714284,0.14285714285714285,0.14285714285714285,39282.142857142855,23800.0,11372.0
2016-09-28,2.5714285714285716,0.0,0.0,39284.71428571428,23800.0,11372.0
2016-09-29,2.5714285714285716,0.0,0.0,39287.28571428572,23800.0,11372.0
2016-09-30,2.4285714285714284,0.0,0.0,39289.71428571428,23800.0,11372.0
2016-10-01,3.0,0.0,0.0,39292.71428571428,23800.0,11372.0
2016-10-02,3.4285714285714284,0.0,0.0,39296.142857142855,23800.0,11372.0
2016-10-03,3.2857142857142856,0.0,0.0,39299.42857142857,23800.0,11372.0
2016-10-04,3.0,0.0,0.0,39302.42857142857,23800.0,11372.0
2016-10-05,2.857142857142857,0.0,0.0,39305.28571428572,23800.0,11372.0
2016-10-06,2.4285714285714284,0.0,0.0,39307.71428571428,23800.0,11372.0
2016-10-07,3.0,0.0,0.0,39310.71428571428,23800.0,11372.0
2016-10-08,2.4285714285714284,0.0,0.0,39313.142857142855,23800.0,11372.0
2016-10-09,2.4285714285714284,0.0,0.0,39315.57142857143,23800.0,11372.0
2016-10-10,3.142857142857143,0.0,0.0,39318.71428571428,23800.0,11372.0
2016-10-11,3.4285714285714284,0.0,0.0,39322.142857142855,23800.0,11372.0
2016-10-12,4.0,0.0,0.0,39326.142857142855,23800.0,11372.0
2016-10-13,4.142857142857143,0.0,0.0,39330.28571428572,23800.0,11372.0
2016-10-14,4.571428571428571,0.0,0.0,39334.857142857145,23800.0,11372.0
2016-10-15,4.714285714285714,0.0,0.0,39339.57142857143,23800.0,11372.0
2016-10-16,5.0,0.0,0.0,39344.57142857143,23800.0,11372.0
2016-10-17,4.285714285714286,0.0,0.0,39348.857142857145,23800.0,11372.0
2016-10-18,4.571428571428571,0.0,0.0,39353.42857142857,23800.0,11372.0
2016-10-19,4.142857142857143,0.0,0.0,39357.57142857143,23800.0,11372.0
2016-10-20,4.285714285714286,0.0,0.0,39361.857142857145,23800.0,11372.0
2016-10-21,4.285714285714286,0.0,0.0,39366.142857142855,23800.0,11372.0
2016-10-22,4.285714285714286,0.0,0.0,39370.42857142857,23800.0,11372.0
2016-10-23,4.0,0.0,0.0,39374.42857142857,23800.0,11372.0
2016-10-24,4.0,0.0,0.0,39378.42857142857,23800.0,11372.0
2016-10-25,3.5714285714285716,0.0,0.0,39382.0,23800.0,11372.0
2016-10-26,3.4285714285714284,0.0,0.0,39385.42857142857,23800.0,11372.0
2016-10-27,3.4285714285714284,0.0,0.0,39388.857142857145,23800.0,11372.0
2016-10-28,2.857142857142857,0.0,0.0,39391.71428571428,23800.0,11372.0
2016-10-29,3.4285714285714284,0.0,0.0,39395.142857142855,23800.0,11372.0
2016-10-30,3.142857142857143,0.0,0.0,39398.28571428572,23800.0,11372.0
2016-10-31,3.857142857142857,0.0,0.0,39402.142857142855,23800.0,11372.0
2016-11-01,4.714285714285714,0.0,0.0,39406.857142857145,23800.0,11372.0
2016-11-02,5.285714285714286,0.0,0.0,39412.142857142855,23800.0,11372.0
2016-11-03,6.142857142857143,0.0,0.0,39418.28571428572,23800.0,11372.0
2016-11-04,6.285714285714286,0.0,0.0,39424.57142857143,23800.0,11372.0
2016-11-05,6.142857142857143,0.0,0.0,39430.71428571428,23800.0,11372.0
2016-11-06,6.0,0.0,0.0,39436.71428571428,23800.0,11372.0
2016-11-07,5.285714285714286,0.0,0.0,39442.0,23800.0,11372.0
2016-11-08,3.857142857142857,0.0,0.0,39445.857142857145,23800.0,11372.0
2016-11-09,3.7142857142857144,0.0,0.0,39449.57142857143,23800.0,11372.0
2016-11-10,2.7142857142857144,0.0,0.0,39452.28571428572,23800.0,11372.0
2016-11-11,2.4285714285714284,0.0,0.0,39454.71428571428,23800.0,11372.0
2016-11-12,2.0,0.0,0.0,39456.71428571428,23800.0,11372.0
2016-11-13,2.4285714285714284,0.0,0.0,39459.142857142855,23800.0,11372.0
2016-11-14,2.0,0.0,0.0,39461.142857142855,23800.0,11372.0
2016-11-15,2.5714285714285716,0.14285714285714285,0.0,39463.71428571428,23800.14285714286,11372.0
2016-11-16,3.142857142857143,0.14285714285714285,0.0,39466.857142857145,23800.285714285714,11372.0
2016-11-17,3.2857142857142856,0.14285714285714285,0.0,39470.142857142855,23800.428571428572,11372.0
2016-11-18,3.5714285714285716,0.14285714285714285,0.0,39473.71428571428,23800.571428571428,11372.0
2016-11-19,4.0,0.14285714285714285,0.0,39477.71428571428,23800.714285714286,11372.0
2016-11-20,4.428571428571429,0.14285714285714285,0.0,39482.142857142855,23800.85714285714,11372.0
2016-11-21,6.142857142857143,0.14285714285714285,0.0,39488.28571428572,23801.0,11372.0
2016-11-22,6.0,0.0,0.0,39494.28571428572,23801.0,11372.0
2016-11-23,5.857142857142857,0.0,0.0,39500.142857142855,23801.0,11372.0
2016-11-24,6.0,0.0,0.0,39506.142857142855,23801.0,11372.0
2016-11-25,5.714285714285714,0.0,0.0,39511.857142857145,23801.0,11372.0
2016-11-26,5.571428571428571,0.0,0.0,39517.42857142857,23801.0,11372.0
2016-11-27,5.428571428571429,0.0,0.0,39522.857142857145,23801.0,11372.0
2016-11-28,4.857142857142857,0.0,0.0,39527.71428571428,23801.0,11372.0
2016-11-29,5.285714285714286,0.0,0.0,39533.0,23801.0,11372.0
2016-11-30,5.285714285714286,0.0,0.0,39538.28571428572,23801.0,11372.0
2016-12-01,5.857142857142857,0.0,0.0,39544.142857142855,23801.0,11372.0
2016-12-02,6.428571428571429,0.0,0.0,39550.57142857143,23801.0,11372.0
2016-12-03,6.714285714285714,0.0,0.0,39557.28571428572,23801.0,11372.0
2016-12-04,6.428571428571429,0.0,0.0,39563.71428571428,23801.0,11372.0
2016-12-05,6.285714285714286,0.0,0.0,39570.0,23801.0,11372.0
2016-12-06,5.857142857142857,0.0,0.0,39575.857142857145,23801.0,11372.0
2016-12-07,5.571428571428571,0.0,0.0,39581.42857142857,23801.0,11372.0
2016-12-08,5.142857142857143,0.0,0.0,39586.57142857143,23801.0,11372.0
2016-12-09,4.285714285714286,0.0,0.0,39590.857142857145,23801.0,11372.0
2016-12-10,3.857142857142857,0.0,0.0,39594.71428571428,23801.0,11372.0
2016-12-11,3.2857142857142856,0.0,0.0,39598.0,23801.0,11372.0
2016-12-12,2.2857142857142856,0.0,0.0,39600.28571428572,23801.0,11372.0
2016-12-13,1.8571428571428572,0.0,0.0,39602.142857142855,23801.0,11372.0
2016-12-14,1.0,0.0,0.0,39603.142857142855,23801.0,11372.0
2016-12-15,0.42857142857142855,0.0,0.0,39603.57142857143,23801.0,11372.0
2016-12-16,0.42857142857142855,0.0,0.0,39604.0,23801.0,11372.0
2016-12-17,0.0,0.0,0.0,39604.0,23801.0,11372.0
2016-12-18,0.0,0.0,0.0,39604.0,23801.0,11372.0
2016-12-19,0.0,0.0,0.0,39604.0,23801.0,11372.0
2016-12-20,0.2857142857142857,0.0,0.0,39604.28571428572,23801.0,11372.0
2016-12-21,0.2857142857142857,0.0,0.0,39604.57142857143,23801.0,11372.0
2016-12-22,0.2857142857142857,0.0,0.0,39604.857142857145,23801.0,11372.0
2016-12-23,0.42857142857142855,0.0,0.0,39605.28571428572,23801.0,11372.0
2016-12-24,0.5714285714285714,0.0,0.0,39605.857142857145,23801.0,11372.0
2016-12-25,0.8571428571428571,0.0,0.0,39606.71428571428,23801.0,11372.0
2016-12-26,0.8571428571428571,0.0,0.0,39607.57142857143,23801.0,11372.0
2016-12-27,0.5714285714285714,0.0,0.0,39608.142857142855,23801.0,11372.0
2016-12-28,0.5714285714285714,0.0,0.0,39608.71428571428,23801.0,11372.0
2016-12-29,0.7142857142857143,0.0,0.0,39609.42857142857,23801.0,11372.0
2016-12-30,1.0,0.0,0.0,39610.42857142857,23801.0,11372.0
2016-12-31,1.1428571428571428,0.0,0.0,39611.57142857143,23801.0,11372.0
2017-01-01,1.8571428571428572,0.0,0.0,39613.42857142857,23801.0,11372.0
2017-01-02,2.7142857142857144,0.0,0.0,39616.142857142855,23801.0,11372.0
2017-01-03,3.4285714285714284,0.0,0.0,39619.57142857143,23801.0,11372.0
2017-01-04,4.0,0.0,0.0,39623.57142857143,23801.0,11372.0
2017-01-05,4.142857142857143,0.0,0.0,39627.71428571428,23801.0,11372.0
2017-01-06,4.285714285714286,0.0,0.0,39632.0,23801.0,11372.0
2017-01-07,4.571428571428571,0.0,0.0,39636.57142857143,23801.0,11372.0
2017-01-08,4.857142857142857,0.0,0.0,39641.42857142857,23801.0,11372.0
2017-01-09,4.857142857142857,0.0,0.0,39646.28571428572,23801.0,11372.0
2017-01-10,5.571428571428571,0.0,0.0,39651.857142857145,23801.0,11372.0
2017-01-11,5.714285714285714,0.0,0.0,39657.57142857143,23801.0,11372.0
2017-01-12,6.571428571428571,0.0,0.0,39664.142857142855,23801.0,11372.0
2017-01-13,6.857142857142857,0.14285714285714285,0.14285714285714285,39671.0,23801.14285714286,11372.142857142857
2017-01-14,7.285714285714286,0.2857142857142857,0.2857142857142857,39678.28571428572,23801.428571428572,11372.42857142857
2017-01-15,6.714285714285714,0.2857142857142857,0.2857142857142857,39685.0,23801.714285714286,11372.714285714286
2017-01-16,7.0,0.42857142857142855,0.2857142857142857,39692.0,23802.14285714286,11373.0
2017-01-17,6.142857142857143,0.42857142857142855,0.2857142857142857,39698.142857142855,23802.571428571428,11373.285714285714
2017-01-18,6.714285714285714,0.42857142857142855,0.2857142857142857,39704.857142857145,23803.0,11373.57142857143
2017-01-19,6.142857142857143,0.42857142857142855,0.2857142857142857,39711.0,23803.428571428572,11373.857142857143
2017-01-20,5.571428571428571,0.2857142857142857,0.14285714285714285,39716.57142857143,23803.714285714286,11374.0
2017-01-21,5.285714285714286,0.14285714285714285,0.0,39721.857142857145,23803.85714285714,11374.0
2017-01-22,5.714285714285714,0.14285714285714285,0.0,39727.57142857143,23804.0,11374.0
2017-01-23,5.142857142857143,0.0,0.0,39732.71428571428,23804.0,11374.0
2017-01-24,5.0,0.0,0.0,39737.71428571428,23804.0,11374.0
2017-01-25,4.714285714285714,0.0,0.0,39742.42857142857,23804.0,11374.0
2017-01-26,4.285714285714286,0.0,0.0,39746.71428571428,23804.0,11374.0
2017-01-27,4.714285714285714,0.0,0.0,39751.42857142857,23804.0,11374.0
2017-01-28,4.285714285714286,0.0,0.0,39755.71428571428,23804.0,11374.0
2017-01-29,4.428571428571429,0.0,0.0,39760.142857142855,23804.0,11374.0
2017-01-30,4.571428571428571,0.0,0.0,39764.71428571428,23804.0,11374.0
2017-01-31,5.142857142857143,0.0,0.0,39769.857142857145,23804.0,11374.0
2017-02-01,4.428571428571429,0.0,0.0,39774.28571428572,23804.0,11374.0
2017-02-02,4.857142857142857,0.0,0.0,39779.142857142855,23804.0,11374.0
2017-02-03,5.0,0.0,0.0,39784.142857142855,23804.0,11374.0
2017-02-04,5.142857142857143,0.0,0.0,39789.28571428572,23804.0,11374.0
2017-02-05,4.857142857142857,0.14285714285714285,0.14285714285714285,39794.142857142855,23804.14285714286,11374.142857142857
2017-02-06,5.142857142857143,0.14285714285714285,0.14285714285714285,39799.28571428572,23804.285714285714,11374.285714285714
2017-02-07,4.857142857142857,0.14285714285714285,0.14285714285714285,39804.142857142855,23804.428571428572,11374.42857142857
2017-02-08,4.714285714285714,0.14285714285714285,0.14285714285714285,39808.857142857145,23804.571428571428,11374.57142857143
2017-02-09,4.571428571428571,0.14285714285714285,0.14285714285714285,39813.42857142857,23804.714285714286,11374.714285714286
2017-02-10,4.285714285714286,0.14285714285714285,0.14285714285714285,39817.71428571428,23804.85714285714,11374.857142857143
2017-02-11,4.142857142857143,0.14285714285714285,0.14285714285714285,39821.857142857145,23805.0,11375.0
2017-02-12,3.857142857142857,0.0,0.0,39825.71428571428,23805.0,11375.0
2017-02-13,3.7142857142857144,0.0,0.0,39829.42857142857,23805.0,11375.0
2017-02-14,3.7142857142857144,0.0,0.0,39833.142857142855,23805.0,11375.0
2017-02-15,3.857142857142857,0.0,0.0,39837.0,23805.0,11375.0
2017-02-16,3.5714285714285716,0.0,0.0,39840.57142857143,23805.0,11375.0
2017-02-17,3.7142857142857144,0.0,0.0,39844.28571428572,23805.0,11375.0
2017-02-18,4.0,0.0,0.0,39848.28571428572,23805.0,11375.0
2017-02-19,3.4285714285714284,0.0,0.0,39851.71428571428,23805.0,11375.0
2017-02-20,3.5714285714285716,0.0,0.0,39855.28571428572,23805.0,11375.0
2017-02-21,3.857142857142857,0.0,0.0,39859.142857142855,23805.0,11375.0
2017-02-22,4.142857142857143,0.0,0.0,39863.28571428572,23805.0,11375.0
2017-02-23,4.428571428571429,0.14285714285714285,0.14285714285714285,39867.71428571428,23805.14285714286,11375.142857142857
2017-02-24,5.142857142857143,0.14285714285714285,0.14285714285714285,39872.857142857145,23805.285714285714,11375.285714285714
2017-02-25,6.0,0.2857142857142857,0.2857142857142857,39878.857142857145,23805.571428571428,11375.57142857143
2017-02-26,6.857142857142857,0.2857142857142857,0.2857142857142857,39885.71428571428,23805.85714285714,11375.857142857143
2017-02-27,6.857142857142857,0.2857142857142857,0.2857142857142857,39892.57142857143,23806.14285714286,11376.142857142857
2017-02-28,8.142857142857142,0.2857142857142857,0.2857142857142857,39900.71428571428,23806.428571428572,11376.42857142857
2017-03-01,9.0,0.2857142857142857,0.2857142857142857,39909.71428571428,23806.714285714286,11376.714285714286
2017-03-02,9.714285714285714,0.14285714285714285,0.14285714285714285,39919.42857142857,23806.85714285714,11376.857142857143
2017-03-03,8.857142857142858,0.14285714285714285,0.14285714285714285,39928.28571428572,23807.0,11377.0
2017-03-04,8.0,0.0,0.0,39936.28571428572,23807.0,11377.0
2017-03-05,7.857142857142857,0.0,0.0,39944.142857142855,23807.0,11377.0
2017-03-06,8.142857142857142,0.0,0.0,39952.28571428572,23807.0,11377.0
2017-03-07,6.857142857142857,0.0,0.0,39959.142857142855,23807.0,11377.0
2017-03-08,6.428571428571429,0.14285714285714285,0.14285714285714285,39965.57142857143,23807.14285714286,11377.142857142857
2017-03-09,6.428571428571429,0.14285714285714285,0.14285714285714285,39972.0,23807.285714285714,11377.285714285714
2017-03-10,7.0,0.14285714285714285,0.14285714285714285,39979.0,23807.428571428572,11377.42857142857
2017-03-11,7.142857142857143,0.14285714285714285,0.14285714285714285,39986.142857142855,23807.571428571428,11377.57142857143
2017-03-12,7.285714285714286,0.14285714285714285,0.14285714285714285,39993.42857142857,23807.714285714286,11377.714285714286
2017-03-13,7.428571428571429,0.14285714285714285,0.14285714285714285,40000.857142857145,23807.85714285714,11377.857142857143
2017-03-14,7.428571428571429,0.14285714285714285,0.14285714285714285,40008.28571428572,23808.0,11378.0
2017-03-15,7.285714285714286,0.0,0.0,40015.57142857143,23808.0,11378.0
2017-03-16,7.857142857142857,0.0,0.0,40023.42857142857,23808.0,11378.0
2017-03-17,7.428571428571429,0.0,0.0,40030.857142857145,23808.0,11378.0
2017-03-18,7.571428571428571,0.0,0.0,40038.42857142857,23808.0,11378.0
2017-03-19,7.428571428571429,0.14285714285714285,0.14285714285714285,40045.857142857145,23808.14285714286,11378.142857142857
2017-03-20,7.571428571428571,0.14285714285714285,0.14285714285714285,40053.42857142857,23808.285714285714,11378.285714285714
2017-03-21,7.142857142857143,0.14285714285714285,0.14285714285714285,40060.57142857143,23808.428571428572,11378.42857142857
2017-03-22,8.0,0.14285714285714285,0.14285714285714285,40068.57142857143,23808.571428571428,11378.57142857143
2017-03-23,7.0,0.14285714285714285,0.14285714285714285,40075.57142857143,23808.714285714286,11378.714285714286
2017-03-24,7.571428571428571,0.14285714285714285,0.14285714285714285,40083.142857142855,23808.85714285714,11378.857142857143
2017-03-25,8.0,0.2857142857142857,0.2857142857142857,40091.142857142855,23809.14285714286,11379.142857142857
2017-03-26,7.428571428571429,0.14285714285714285,0.14285714285714285,40098.57142857143,23809.285714285714,11379.285714285714
2017-03-27,7.0,0.2857142857142857,0.2857142857142857,40105.57142857143,23809.571428571428,11379.57142857143
2017-03-28,7.428571428571429,0.2857142857142857,0.2857142857142857,40113.0,23809.85714285714,11379.857142857143
2017-03-29,6.428571428571429,0.2857142857142857,0.2857142857142857,40119.42857142857,23810.14285714286,11380.142857142857
2017-03-30,6.428571428571429,0.2857142857142857,0.2857142857142857,40125.857142857145,23810.428571428572,11380.42857142857
2017-03-31,6.0,0.42857142857142855,0.42857142857142855,40131.857142857145,23810.85714285714,11380.857142857143
2017-04-01,5.857142857142857,0.2857142857142857,0.2857142857142857,40137.71428571428,23811.14285714286,11381.142857142857
2017-04-02,6.857142857142857,0.2857142857142857,0.2857142857142857,40144.57142857143,23811.428571428572,11381.42857142857
2017-04-03,7.714285714285714,0.2857142857142857,0.2857142857142857,40152.28571428572,23811.714285714286,11381.714285714286
2017-04-04,7.285714285714286,0.2857142857142857,0.2857142857142857,40159.57142857143,23812.0,11382.0
2017-04-05,7.142857142857143,0.2857142857142857,0.2857142857142857,40166.71428571428,23812.285714285714,11382.285714285714
2017-04-06,7.0,0.2857142857142857,0.2857142857142857,40173.71428571428,23812.571428571428,11382.57142857143
2017-04-07,7.142857142857143,0.14285714285714285,0.14285714285714285,40180.857142857145,23812.714285714286,11382.714285714286
2017-04-08,6.571428571428571,0.14285714285714285,0.14285714285714285,40187.42857142857,23812.85714285714,11382.857142857143
2017-04-09,6.142857142857143,0.14285714285714285,0.14285714285714285,40193.57142857143,23813.0,11383.0
2017-04-10,5.285714285714286,0.0,0.0,40198.857142857145,23813.0,11383.0
2017-04-11,5.142857142857143,0.0,0.0,40204.0,23813.0,11383.0
2017-04-12,5.0,0.0,0.0,40209.0,23813.0,11383.0
2017-04-13,4.571428571428571,0.0,0.0,40213.57142857143,23813.0,11383.0
2017-04-14,4.142857142857143,0.0,0.0,40217.71428571428,23813.0,11383.0
2017-04-15,4.285714285714286,0.14285714285714285,0.14285714285714285,40222.0,23813.14285714286,11383.142857142857
2017-04-16,4.142857142857143,0.14285714285714285,0.14285714285714285,40226.142857142855,23813.285714285714,11383.285714285714
2017-04-17,4.142857142857143,0.14285714285714285,0.14285714285714285,40230.28571428572,23813.428571428572,11383.42857142857
2017-04-18,4.285714285714286,0.14285714285714285,0.14285714285714285,40234.57142857143,23813.571428571428,11383.57142857143
2017-04-19,5.0,0.14285714285714285,0.14285714285714285,40239.57142857143,23813.714285714286,11383.714285714286
2017-04-20,5.857142857142857,0.14285714285714285,0.14285714285714285,40245.42857142857,23813.85714285714,11383.857142857143
2017-04-21,6.571428571428571,0.14285714285714285,0.14285714285714285,40252.0,23814.0,11384.0
2017-04-22,6.714285714285714,0.0,0.0,40258.71428571428,23814.0,11384.0
2017-04-23,7.571428571428571,0.0,0.0,40266.28571428572,23814.0,11384.0
2017-04-24,7.285714285714286,0.0,0.0,40273.57142857143,23814.0,11384.0
2017-04-25,7.142857142857143,0.0,0.0,40280.71428571428,23814.0,11384.0
2017-04-26,6.428571428571429,0.0,0.0,40287.142857142855,23814.0,11384.0
2017-04-27,5.714285714285714,0.0,0.0,40292.857142857145,23814.0,11384.0
2017-04-28,4.571428571428571,0.0,0.0,40297.42857142857,23814.0,11384.0
2017-04-29,4.428571428571429,0.14285714285714285,0.14285714285714285,40301.857142857145,23814.14285714286,11384.142857142857
2017-04-30,2.857142857142857,0.14285714285714285,0.14285714285714285,40304.71428571428,23814.285714285714,11384.285714285714
2017-05-01,2.5714285714285716,0.14285714285714285,0.14285714285714285,40307.28571428572,23814.428571428572,11384.42857142857
2017-05-02,2.5714285714285716,0.14285714285714285,0.14285714285714285,40309.857142857145,23814.571428571428,11384.57142857143
2017-05-03,3.142857142857143,0.14285714285714285,0.14285714285714285,40313.0,23814.714285714286,11384.714285714286
2017-05-04,3.7142857142857144,0.14285714285714285,0.14285714285714285,40316.71428571428,23814.85714285714,11384.857142857143
2017-05-05,4.142857142857143,0.14285714285714285,0.14285714285714285,40320.857142857145,23815.0,11385.0
2017-05-06,3.857142857142857,0.14285714285714285,0.14285714285714285,40324.71428571428,23815.14285714286,11385.142857142857
2017-05-07,4.285714285714286,0.14285714285714285,0.14285714285714285,40329.0,23815.285714285714,11385.285714285714
2017-05-08,4.428571428571429,0.14285714285714285,0.14285714285714285,40333.42857142857,23815.428571428572,11385.42857142857
2017-05-09,4.571428571428571,0.14285714285714285,0.14285714285714285,40338.0,23815.571428571428,11385.57142857143
2017-05-10,4.285714285714286,0.14285714285714285,0.14285714285714285,40342.28571428572,23815.714285714286,11385.714285714286
2017-05-11,4.0,0.14285714285714285,0.14285714285714285,40346.28571428572,23815.85714285714,11385.857142857143
2017-05-12,3.857142857142857,0.14285714285714285,0.14285714285714285,40350.142857142855,23816.0,11386.0
2017-05-13,3.7142857142857144,0.0,0.0,40353.857142857145,23816.0,11386.0
2017-05-14,3.2857142857142856,0.0,0.0,40357.142857142855,23816.0,11386.0
2017-05-15,3.7142857142857144,0.0,0.0,40360.857142857145,23816.0,11386.0
2017-05-16,3.5714285714285716,0.0,0.0,40364.42857142857,23816.0,11386.0
2017-05-17,3.7142857142857144,0.2857142857142857,0.2857142857142857,40368.142857142855,23816.285714285714,11386.285714285714
2017-05-18,3.5714285714285716,0.2857142857142857,0.2857142857142857,40371.71428571428,23816.571428571428,11386.57142857143
2017-05-19,3.7142857142857144,0.42857142857142855,0.42857142857142855,40375.42857142857,23817.0,11387.0
2017-05-20,4.571428571428571,0.5714285714285714,0.5714285714285714,40380.0,23817.571428571428,11387.57142857143
2017-05-21,5.428571428571429,0.5714285714285714,0.5714285714285714,40385.42857142857,23818.14285714286,11388.142857142857
2017-05-22,5.0,0.5714285714285714,0.5714285714285714,40390.42857142857,23818.714285714286,11388.714285714286
2017-05-23,4.857142857142857,0.5714285714285714,0.5714285714285714,40395.28571428572,23819.285714285714,11389.285714285714
2017-05-24,4.857142857142857,0.2857142857142857,0.2857142857142857,40400.142857142855,23819.571428571428,11389.57142857143
2017-05-25,5.0,0.2857142857142857,0.2857142857142857,40405.142857142855,23819.85714285714,11389.857142857143
2017-05-26,5.0,0.14285714285714285,0.14285714285714285,40410.142857142855,23820.0,11390.0
2017-05-27,4.285714285714286,0.14285714285714285,0.14285714285714285,40414.42857142857,23820.14285714286,11390.142857142857
2017-05-28,3.857142857142857,0.14285714285714285,0.14285714285714285,40418.28571428572,23820.285714285714,11390.285714285714
2017-05-29,3.5714285714285716,0.14285714285714285,0.14285714285714285,40421.857142857145,23820.428571428572,11390.42857142857
2017-05-30,3.4285714285714284,0.14285714285714285,0.14285714285714285,40425.28571428572,23820.571428571428,11390.57142857143
2017-05-31,3.142857142857143,0.14285714285714285,0.14285714285714285,40428.42857142857,23820.714285714286,11390.714285714286
2017-06-01,2.7142857142857144,0.14285714285714285,0.14285714285714285,40431.142857142855,23820.85714285714,11390.857142857143
2017-06-02,2.2857142857142856,0.14285714285714285,0.14285714285714285,40433.42857142857,23821.0,11391.0
2017-06-03,2.0,0.0,0.0,40435.42857142857,23821.0,11391.0
2017-06-04,2.0,0.0,0.0,40437.42857142857,23821.0,11391.0
2017-06-05,1.7142857142857142,0.0,0.0,40439.142857142855,23821.0,11391.0
2017-06-06,1.8571428571428572,0.14285714285714285,0.0,40441.0,23821.14285714286,11391.0
2017-06-07,1.7142857142857142,0.14285714285714285,0.0,40442.71428571428,23821.285714285714,11391.0
2017-06-08,1.5714285714285714,0.14285714285714285,0.0,40444.28571428572,23821.428571428572,11391.0
2017-06-09,2.142857142857143,0.14285714285714285,0.0,40446.42857142857,23821.571428571428,11391.0
2017-06-10,2.7142857142857144,0.14285714285714285,0.0,40449.142857142855,23821.714285714286,11391.0
2017-06-11,2.5714285714285716,0.14285714285714285,0.0,40451.71428571428,23821.85714285714,11391.0
2017-06-12,2.7142857142857144,0.14285714285714285,0.0,40454.42857142857,23822.0,11391.0
2017-06-13,2.7142857142857144,0.0,0.0,40457.142857142855,23822.0,11391.0
2017-06-14,2.5714285714285716,0.0,0.0,40459.71428571428,23822.0,11391.0
2017-06-15,2.5714285714285716,0.0,0.0,40462.28571428572,23822.0,11391.0
2017-06-16,2.2857142857142856,0.0,0.0,40464.57142857143,23822.0,11391.0
2017-06-17,1.8571428571428572,0.0,0.0,40466.42857142857,23822.0,11391.0
2017-06-18,1.5714285714285714,0.0,0.0,40468.0,23822.0,11391.0
2017-06-19,1.5714285714285714,0.0,0.0,40469.57142857143,23822.0,11391.0
2017-06-20,2.2857142857142856,0.14285714285714285,0.14285714285714285,40471.857142857145,23822.14285714286,11391.142857142857
2017-06-21,2.4285714285714284,0.14285714285714285,0.14285714285714285,40474.28571428572,23822.285714285714,11391.285714285714
2017-06-22,2.857142857142857,0.14285714285714285,0.14285714285714285,40477.142857142855,23822.428571428572,11391.42857142857
2017-06-23,2.4285714285714284,0.14285714285714285,0.14285714285714285,40479.57142857143,23822.571428571428,11391.57142857143
2017-06-24,3.0,0.14285714285714285,0.14285714285714285,40482.57142857143,23822.714285714286,11391.714285714286
2017-06-25,3.2857142857142856,0.14285714285714285,0.14285714285714285,40485.857142857145,23822.85714285714,11391.857142857143
2017-06-26,3.142857142857143,0.14285714285714285,0.14285714285714285,40489.0,23823.0,11392.0
2017-06-27,2.2857142857142856,0.0,0.0,40491.28571428572,23823.0,11392.0
2017-06-28,2.0,0.0,0.0,40493.28571428572,23823.0,11392.0
2017-06-29,1.8571428571428572,0.0,0.0,40495.142857142855,23823.0,11392.0
2017-06-30,1.8571428571428572,0.0,0.0,40497.0,23823.0,11392.0
2017-07-01,1.4285714285714286,0.0,0.0,40498.42857142857,23823.0,11392.0
2017-07-02,1.2857142857142858,0.0,0.0,40499.71428571428,23823.0,11392.0
2017-07-03,1.7142857142857142,0.2857142857142857,0.2857142857142857,40501.42857142857,23823.285714285714,11392.285714285714
2017-07-04,1.8571428571428572,0.2857142857142857,0.2857142857142857,40503.28571428572,23823.571428571428,11392.57142857143
2017-07-05,1.8571428571428572,0.2857142857142857,0.2857142857142857,40505.142857142855,23823.85714285714,11392.857142857143
2017-07-06,1.8571428571428572,0.42857142857142855,0.42857142857142855,40507.0,23824.285714285714,11393.285714285714
2017-07-07,2.142857142857143,0.42857142857142855,0.42857142857142855,40509.142857142855,23824.714285714286,11393.714285714286
2017-07-08,1.8571428571428572,0.42857142857142855,0.42857142857142855,40511.0,23825.14285714286,11394.142857142857
2017-07-09,1.8571428571428572,0.42857142857142855,0.42857142857142855,40512.857142857145,23825.571428571428,11394.57142857143
2017-07-10,1.8571428571428572,0.14285714285714285,0.14285714285714285,40514.71428571428,23825.714285714286,11394.714285714286
2017-07-11,3.0,0.42857142857142855,0.42857142857142855,40517.71428571428,23826.14285714286,11395.142857142857
2017-07-12,2.857142857142857,0.42857142857142855,0.42857142857142855,40520.57142857143,23826.571428571428,11395.57142857143
2017-07-13,2.857142857142857,0.2857142857142857,0.2857142857142857,40523.42857142857,23826.85714285714,11395.857142857143
2017-07-14,3.2857142857142856,0.42857142857142855,0.42857142857142855,40526.71428571428,23827.285714285714,11396.285714285714
2017-07-15,3.7142857142857144,0.42857142857142855,0.42857142857142855,40530.42857142857,23827.714285714286,11396.714285714286
2017-07-16,3.5714285714285716,0.42857142857142855,0.42857142857142855,40534.0,23828.14285714286,11397.142857142857
2017-07-17,3.0,0.42857142857142855,0.42857142857142855,40537.0,23828.571428571428,11397.57142857143
2017-07-18,2.0,0.14285714285714285,0.14285714285714285,40539.0,23828.714285714286,11397.714285714286
2017-07-19,2.142857142857143,0.14285714285714285,0.14285714285714285,40541.142857142855,23828.85714285714,11397.857142857143
2017-07-20,2.4285714285714284,0.14285714285714285,0.14285714285714285,40543.57142857143,23829.0,11398.0
2017-07-21,2.0,0.0,0.0,40545.57142857143,23829.0,11398.0
2017-07-22,1.4285714285714286,0.0,0.0,40547.0,23829.0,11398.0
2017-07-23,1.8571428571428572,0.0,0.0,40548.857142857145,23829.0,11398.0
2017-07-24,2.0,0.0,0.0,40550.857142857145,23829.0,11398.0
2017-07-25,1.8571428571428572,0.0,0.0,40552.71428571428,23829.0,11398.0
2017-07-26,2.0,0.14285714285714285,0.0,40554.71428571428,23829.14285714286,11398.0
2017-07-27,1.5714285714285714,0.14285714285714285,0.0,40556.28571428572,23829.285714285714,11398.0
2017-07-28,2.0,0.14285714285714285,0.0,40558.28571428572,23829.428571428572,11398.0
2017-07-29,2.7142857142857144,0.14285714285714285,0.0,40561.0,23829.571428571428,11398.0
2017-07-30,2.857142857142857,0.14285714285714285,0.0,40563.857142857145,23829.714285714286,11398.0
2017-07-31,2.857142857142857,0.14285714285714285,0.0,40566.71428571428,23829.85714285714,11398.0
2017-08-01,3.7142857142857144,0.2857142857142857,0.14285714285714285,40570.42857142857,23830.14285714286,11398.142857142857
2017-08-02,4.285714285714286,0.14285714285714285,0.14285714285714285,40574.71428571428,23830.285714285714,11398.285714285714
2017-08-03,4.571428571428571,0.2857142857142857,0.14285714285714285,40579.28571428572,23830.571428571428,11398.42857142857
2017-08-04,4.571428571428571,0.42857142857142855,0.2857142857142857,40583.857142857145,23831.0,11398.714285714286
2017-08-05,4.142857142857143,0.42857142857142855,0.2857142857142857,40588.0,23831.428571428572,11399.0
2017-08-06,4.428571428571429,0.5714285714285714,0.42857142857142855,40592.42857142857,23832.0,11399.42857142857
2017-08-07,5.0,0.5714285714285714,0.42857142857142855,40597.42857142857,23832.571428571428,11399.857142857143
2017-08-08,4.571428571428571,0.42857142857142855,0.2857142857142857,40602.0,23833.0,11400.142857142857
2017-08-09,4.142857142857143,0.5714285714285714,0.42857142857142855,40606.142857142855,23833.571428571428,11400.57142857143
2017-08-10,4.0,0.42857142857142855,0.42857142857142855,40610.142857142855,23834.0,11401.0
2017-08-11,3.7142857142857144,0.2857142857142857,0.2857142857142857,40613.857142857145,23834.285714285714,11401.285714285714
2017-08-12,4.142857142857143,0.42857142857142855,0.42857142857142855,40618.0,23834.714285714286,11401.714285714286
2017-08-13,3.2857142857142856,0.2857142857142857,0.2857142857142857,40621.28571428572,23835.0,11402.0
2017-08-14,3.2857142857142856,0.2857142857142857,0.2857142857142857,40624.57142857143,23835.285714285714,11402.285714285714
2017-08-15,4.142857142857143,0.42857142857142855,0.42857142857142855,40628.71428571428,23835.714285714286,11402.714285714286
2017-08-16,4.428571428571429,0.2857142857142857,0.2857142857142857,40633.142857142855,23836.0,11403.0
2017-08-17,4.571428571428571,0.2857142857142857,0.2857142857142857,40637.71428571428,23836.285714285714,11403.285714285714
2017-08-18,4.428571428571429,0.2857142857142857,0.2857142857142857,40642.142857142855,23836.571428571428,11403.57142857143
2017-08-19,5.285714285714286,0.14285714285714285,0.14285714285714285,40647.42857142857,23836.714285714286,11403.714285714286
2017-08-20,5.857142857142857,0.14285714285714285,0.14285714285714285,40653.28571428572,23836.85714285714,11403.857142857143
2017-08-21,6.0,0.14285714285714285,0.14285714285714285,40659.28571428572,23837.0,11404.0
2017-08-22,4.714285714285714,0.0,0.0,40664.0,23837.0,11404.0
2017-08-23,5.285714285714286,0.14285714285714285,0.0,40669.28571428572,23837.14285714286,11404.0
2017-08-24,5.428571428571429,0.2857142857142857,0.14285714285714285,40674.71428571428,23837.428571428572,11404.142857142857
2017-08-25,6.0,0.2857142857142857,0.14285714285714285,40680.71428571428,23837.714285714286,11404.285714285714
2017-08-26,5.285714285714286,0.2857142857142857,0.14285714285714285,40686.0,23838.0,11404.42857142857
2017-08-27,5.714285714285714,0.2857142857142857,0.14285714285714285,40691.71428571428,23838.285714285714,11404.57142857143
2017-08-28,5.571428571428571,0.2857142857142857,0.14285714285714285,40697.28571428572,23838.571428571428,11404.714285714286
2017-08-29,6.142857142857143,0.2857142857142857,0.14285714285714285,40703.42857142857,23838.85714285714,11404.857142857143
2017-08-30,5.714285714285714,0.14285714285714285,0.14285714285714285,40709.142857142855,23839.0,11405.0
2017-08-31,6.571428571428571,0.0,0.0,40715.71428571428,23839.0,11405.0
2017-09-01,6.857142857142857,0.14285714285714285,0.14285714285714285,40722.57142857143,23839.14285714286,11405.142857142857
2017-09-02,7.428571428571429,0.14285714285714285,0.14285714285714285,40730.0,23839.285714285714,11405.285714285714
2017-09-03,8.0,0.2857142857142857,0.2857142857142857,40738.0,23839.571428571428,11405.57142857143
2017-09-04,8.0,0.2857142857142857,0.2857142857142857,40746.0,23839.85714285714,11405.857142857143
2017-09-05,7.714285714285714,0.2857142857142857,0.2857142857142857,40753.71428571428,23840.14285714286,11406.142857142857
2017-09-06,7.571428571428571,0.42857142857142855,0.42857142857142855,40761.28571428572,23840.571428571428,11406.57142857143
2017-09-07,6.571428571428571,0.42857142857142855,0.42857142857142855,40767.857142857145,23841.0,11407.0
2017-09-08,6.0,0.2857142857142857,0.2857142857142857,40773.857142857145,23841.285714285714,11407.285714285714
2017-09-09,5.285714285714286,0.2857142857142857,0.2857142857142857,40779.142857142855,23841.571428571428,11407.57142857143
2017-09-10,4.428571428571429,0.42857142857142855,0.42857142857142855,40783.57142857143,23842.0,11408.0
2017-09-11,4.714285714285714,0.42857142857142855,0.42857142857142855,40788.28571428572,23842.428571428572,11408.42857142857
2017-09-12,5.142857142857143,0.5714285714285714,0.5714285714285714,40793.42857142857,23843.0,11409.0
2017-09-13,5.428571428571429,0.42857142857142855,0.42857142857142855,40798.857142857145,23843.428571428572,11409.42857142857
2017-09-14,6.0,0.42857142857142855,0.42857142857142855,40804.857142857145,23843.85714285714,11409.857142857143
2017-09-15,6.714285714285714,0.42857142857142855,0.42857142857142855,40811.57142857143,23844.285714285714,11410.285714285714
2017-09-16,7.142857142857143,0.42857142857142855,0.42857142857142855,40818.71428571428,23844.714285714286,11410.714285714286
2017-09-17,7.571428571428571,0.7142857142857143,0.7142857142857143,40826.28571428572,23845.428571428572,11411.42857142857
2017-09-18,8.0,0.7142857142857143,0.7142857142857143,40834.28571428572,23846.14285714286,11412.142857142857
2017-09-19,9.142857142857142,0.8571428571428571,0.8571428571428571,40843.42857142857,23847.0,11413.0
2017-09-20,9.714285714285714,1.2857142857142858,1.2857142857142858,40853.142857142855,23848.285714285714,11414.285714285714
2017-09-21,9.857142857142858,1.4285714285714286,1.4285714285714286,40863.0,23849.714285714286,11415.714285714286
2017-09-22,10.0,2.0,2.0,40873.0,23851.714285714286,11417.714285714286
2017-09-23,9.857142857142858,2.142857142857143,2.142857142857143,40882.857142857145,23853.85714285714,11419.857142857143
2017-09-24,9.428571428571429,1.5714285714285714,1.5714285714285714,40892.28571428572,23855.428571428572,11421.42857142857
2017-09-25,9.428571428571429,1.7142857142857142,1.7142857142857142,40901.71428571428,23857.14285714286,11423.142857142857
2017-09-26,7.857142857142857,1.4285714285714286,1.4285714285714286,40909.57142857143,23858.571428571428,11424.57142857143
2017-09-27,7.142857142857143,1.0,1.0,40916.71428571428,23859.571428571428,11425.57142857143
2017-09-28,6.571428571428571,0.8571428571428571,0.8571428571428571,40923.28571428572,23860.428571428572,11426.42857142857
2017-09-29,5.714285714285714,0.2857142857142857,0.2857142857142857,40929.0,23860.714285714286,11426.714285714286
2017-09-30,5.428571428571429,0.14285714285714285,0.14285714285714285,40934.42857142857,23860.85714285714,11426.857142857143
2017-10-01,5.285714285714286,0.14285714285714285,0.14285714285714285,40939.71428571428,23861.0,11427.0
2017-10-02,4.571428571428571,0.0,0.0,40944.28571428572,23861.0,11427.0
2017-10-03,5.142857142857143,0.0,0.0,40949.42857142857,23861.0,11427.0
2017-10-04,4.714285714285714,0.0,0.0,40954.142857142855,23861.0,11427.0
2017-10-05,5.142857142857143,0.14285714285714285,0.14285714285714285,40959.28571428572,23861.14285714286,11427.142857142857
2017-10-06,5.0,0.14285714285714285,0.14285714285714285,40964.28571428572,23861.285714285714,11427.285714285714
2017-10-07,5.285714285714286,0.14285714285714285,0.14285714285714285,40969.57142857143,23861.428571428572,11427.42857142857
2017-10-08,5.428571428571429,0.14285714285714285,0.14285714285714285,40975.0,23861.571428571428,11427.57142857143
2017-10-09,5.0,0.14285714285714285,0.14285714285714285,40980.0,23861.714285714286,11427.714285714286
2017-10-10,4.0,0.14285714285714285,0.14285714285714285,40984.0,23861.85714285714,11427.857142857143
2017-10-11,4.857142857142857,0.14285714285714285,0.14285714285714285,40988.857142857145,23862.0,11428.0
2017-10-12,4.857142857142857,0.0,0.0,40993.71428571428,23862.0,11428.0
2017-10-13,5.142857142857143,0.0,0.0,40998.857142857145,23862.0,11428.0
2017-10-14,5.142857142857143,0.0,0.0,41004.0,23862.0,11428.0
2017-10-15,5.571428571428571,0.0,0.0,41009.57142857143,23862.0,11428.0
2017-10-16,7.0,0.0,0.0,41016.57142857143,23862.0,11428.0
2017-10-17,7.428571428571429,0.0,0.0,41024.0,23862.0,11428.0
2017-10-18,7.571428571428571,0.0,0.0,41031.57142857143,23862.0,11428.0
2017-10-19,7.428571428571429,0.0,0.0,41039.0,23862.0,11428.0
2017-10-20,8.0,0.0,0.0,41047.0,23862.0,11428.0
2017-10-21,7.714285714285714,0.0,0.0,41054.71428571428,23862.0,11428.0
2017-10-22,7.285714285714286,0.0,0.0,41062.0,23862.0,11428.0
2017-10-23,6.428571428571429,0.0,0.0,41068.42857142857,23862.0,11428.0
2017-10-24,6.571428571428571,0.0,0.0,41075.0,23862.0,11428.0
2017-10-25,6.0,0.0,0.0,41081.0,23862.0,11428.0
2017-10-26,6.571428571428571,0.14285714285714285,0.14285714285714285,41087.57142857143,23862.14285714286,11428.142857142857
2017-10-27,6.428571428571429,0.14285714285714285,0.14285714285714285,41094.0,23862.285714285714,11428.285714285714
2017-10-28,6.714285714285714,0.14285714285714285,0.14285714285714285,41100.71428571428,23862.428571428572,11428.42857142857
2017-10-29,6.571428571428571,0.14285714285714285,0.14285714285714285,41107.28571428572,23862.571428571428,11428.57142857143
2017-10-30,6.428571428571429,0.14285714285714285,0.14285714285714285,41113.71428571428,23862.714285714286,11428.714285714286
2017-10-31,6.714285714285714,0.14285714285714285,0.14285714285714285,41120.42857142857,23862.85714285714,11428.857142857143
2017-11-01,6.571428571428571,0.14285714285714285,0.14285714285714285,41127.0,23863.0,11429.0
2017-11-02,6.0,0.0,0.0,41133.0,23863.0,11429.0
2017-11-03,5.857142857142857,0.0,0.0,41138.857142857145,23863.0,11429.0
2017-11-04,5.571428571428571,0.0,0.0,41144.42857142857,23863.0,11429.0
2017-11-05,5.571428571428571,0.0,0.0,41150.0,23863.0,11429.0
2017-11-06,6.0,0.0,0.0,41156.0,23863.0,11429.0
2017-11-07,6.428571428571429,0.0,0.0,41162.42857142857,23863.0,11429.0
2017-11-08,6.857142857142857,0.0,0.0,41169.28571428572,23863.0,11429.0
2017-11-09,7.571428571428571,0.14285714285714285,0.14285714285714285,41176.857142857145,23863.14285714286,11429.142857142857
2017-11-10,7.285714285714286,0.14285714285714285,0.14285714285714285,41184.142857142855,23863.285714285714,11429.285714285714
2017-11-11,7.714285714285714,0.14285714285714285,0.14285714285714285,41191.857142857145,23863.428571428572,11429.42857142857
2017-11-12,7.714285714285714,0.14285714285714285,0.14285714285714285,41199.57142857143,23863.571428571428,11429.57142857143
2017-11-13,7.714285714285714,0.14285714285714285,0.14285714285714285,41207.28571428572,23863.714285714286,11429.714285714286
2017-11-14,7.571428571428571,0.14285714285714285,0.14285714285714285,41214.857142857145,23863.85714285714,11429.857142857143
2017-11-15,7.285714285714286,0.14285714285714285,0.14285714285714285,41222.142857142855,23864.0,11430.0
2017-11-16,6.571428571428571,0.0,0.0,41228.71428571428,23864.0,11430.0
2017-11-17,7.142857142857143,0.0,0.0,41235.857142857145,23864.0,11430.0
2017-11-18,6.857142857142857,0.0,0.0,41242.71428571428,23864.0,11430.0
2017-11-19,7.428571428571429,0.0,0.0,41250.142857142855,23864.0,11430.0
2017-11-20,8.285714285714286,0.0,0.0,41258.42857142857,23864.0,11430.0
2017-11-21,7.857142857142857,0.0,0.0,41266.28571428572,23864.0,11430.0
2017-11-22,7.857142857142857,0.0,0.0,41274.142857142855,23864.0,11430.0
2017-11-23,8.285714285714286,0.0,0.0,41282.42857142857,23864.0,11430.0
2017-11-24,8.0,0.14285714285714285,0.0,41290.42857142857,23864.14285714286,11430.0
2017-11-25,8.0,0.14285714285714285,0.0,41298.42857142857,23864.285714285714,11430.0
2017-11-26,7.285714285714286,0.14285714285714285,0.0,41305.71428571428,23864.428571428572,11430.0
2017-11-27,6.142857142857143,0.14285714285714285,0.0,41311.857142857145,23864.571428571428,11430.0
2017-11-28,6.0,0.14285714285714285,0.0,41317.857142857145,23864.714285714286,11430.0
2017-11-29,5.714285714285714,0.14285714285714285,0.0,41323.57142857143,23864.85714285714,11430.0
2017-11-30,6.428571428571429,0.2857142857142857,0.14285714285714285,41330.0,23865.14285714286,11430.142857142857
2017-12-01,6.142857142857143,0.14285714285714285,0.14285714285714285,41336.142857142855,23865.285714285714,11430.285714285714
2017-12-02,5.857142857142857,0.2857142857142857,0.2857142857142857,41342.0,23865.571428571428,11430.57142857143
2017-12-03,6.571428571428571,0.2857142857142857,0.2857142857142857,41348.57142857143,23865.85714285714,11430.857142857143
2017-12-04,6.857142857142857,0.42857142857142855,0.42857142857142855,41355.42857142857,23866.285714285714,11431.285714285714
2017-12-05,7.428571428571429,0.42857142857142855,0.42857142857142855,41362.857142857145,23866.714285714286,11431.714285714286
2017-12-06,8.142857142857142,0.42857142857142855,0.42857142857142855,41371.0,23867.14285714286,11432.142857142857
2017-12-07,7.571428571428571,0.42857142857142855,0.42857142857142855,41378.57142857143,23867.571428571428,11432.57142857143
2017-12-08,7.714285714285714,0.42857142857142855,0.42857142857142855,41386.28571428572,23868.0,11433.0
2017-12-09,7.857142857142857,0.2857142857142857,0.2857142857142857,41394.142857142855,23868.285714285714,11433.285714285714
2017-12-10,7.571428571428571,0.2857142857142857,0.2857142857142857,41401.71428571428,23868.571428571428,11433.57142857143
2017-12-11,7.714285714285714,0.14285714285714285,0.14285714285714285,41409.42857142857,23868.714285714286,11433.714285714286
2017-12-12,7.0,0.14285714285714285,0.14285714285714285,41416.42857142857,23868.85714285714,11433.857142857143
2017-12-13,6.571428571428571,0.14285714285714285,0.14285714285714285,41423.0,23869.0,11434.0
2017-12-14,6.142857142857143,0.0,0.0,41429.142857142855,23869.0,11434.0
2017-12-15,5.428571428571429,0.0,0.0,41434.57142857143,23869.0,11434.0
2017-12-16,5.428571428571429,0.0,0.0,41440.0,23869.0,11434.0
2017-12-17,5.571428571428571,0.0,0.0,41445.57142857143,23869.0,11434.0
2017-12-18,5.142857142857143,0.0,0.0,41450.71428571428,23869.0,11434.0
2017-12-19,5.142857142857143,0.0,0.0,41455.857142857145,23869.0,11434.0
2017-12-20,4.714285714285714,0.0,0.0,41460.57142857143,23869.0,11434.0
2017-12-21,4.428571428571429,0.0,0.0,41465.0,23869.0,11434.0
2017-12-22,5.571428571428571,0.2857142857142857,0.2857142857142857,41470.57142857143,23869.285714285714,11434.285714285714
2017-12-23,5.857142857142857,0.42857142857142855,0.42857142857142855,41476.42857142857,23869.714285714286,11434.714285714286
2017-12-24,5.0,0.42857142857142855,0.42857142857142855,41481.42857142857,23870.14285714286,11435.142857142857
2017-12-25,5.142857142857143,0.5714285714285714,0.5714285714285714,41486.57142857143,23870.714285714286,11435.714285714286
2017-12-26,5.285714285714286,0.5714285714285714,0.5714285714285714,41491.857142857145,23871.285714285714,11436.285714285714
2017-12-27,6.142857142857143,0.5714285714285714,0.5714285714285714,41498.0,23871.85714285714,11436.857142857143
2017-12-28,6.857142857142857,0.7142857142857143,0.5714285714285714,41504.857142857145,23872.571428571428,11437.42857142857
2017-12-29,5.857142857142857,0.42857142857142855,0.2857142857142857,41510.71428571428,23873.0,11437.714285714286
2017-12-30,5.857142857142857,0.2857142857142857,0.14285714285714285,41516.57142857143,23873.285714285714,11437.857142857143
2017-12-31,5.714285714285714,0.2857142857142857,0.14285714285714285,41522.28571428572,23873.571428571428,11438.0
2018-01-01,6.142857142857143,0.14285714285714285,0.0,41528.42857142857,23873.714285714286,11438.0
2018-01-02,6.571428571428571,0.2857142857142857,0.14285714285714285,41535.0,23874.0,11438.142857142857
2018-01-03,6.142857142857143,0.2857142857142857,0.14285714285714285,41541.142857142855,23874.285714285714,11438.285714285714
2018-01-04,5.285714285714286,0.14285714285714285,0.14285714285714285,41546.42857142857,23874.428571428572,11438.42857142857
2018-01-05,6.0,0.14285714285714285,0.14285714285714285,41552.42857142857,23874.571428571428,11438.57142857143
2018-01-06,6.142857142857143,0.14285714285714285,0.14285714285714285,41558.57142857143,23874.714285714286,11438.714285714286
2018-01-07,6.571428571428571,0.14285714285714285,0.14285714285714285,41565.142857142855,23874.85714285714,11438.857142857143
2018-01-08,6.0,0.2857142857142857,0.14285714285714285,41571.142857142855,23875.14285714286,11439.0
2018-01-09,6.142857142857143,0.14285714285714285,0.0,41577.28571428572,23875.285714285714,11439.0
2018-01-10,6.571428571428571,0.14285714285714285,0.0,41583.857142857145,23875.428571428572,11439.0
2018-01-11,7.142857142857143,0.2857142857142857,0.14285714285714285,41591.0,23875.714285714286,11439.142857142857
2018-01-12,6.571428571428571,0.2857142857142857,0.14285714285714285,41597.57142857143,23876.0,11439.285714285714
2018-01-13,6.142857142857143,0.2857142857142857,0.14285714285714285,41603.71428571428,23876.285714285714,11439.42857142857
2018-01-14,6.857142857142857,0.42857142857142855,0.2857142857142857,41610.57142857143,23876.714285714286,11439.714285714286
2018-01-15,7.285714285714286,0.2857142857142857,0.2857142857142857,41617.857142857145,23877.0,11440.0
2018-01-16,7.0,0.2857142857142857,0.2857142857142857,41624.857142857145,23877.285714285714,11440.285714285714
2018-01-17,6.571428571428571,0.2857142857142857,0.2857142857142857,41631.42857142857,23877.571428571428,11440.57142857143
2018-01-18,6.714285714285714,0.14285714285714285,0.14285714285714285,41638.142857142855,23877.714285714286,11440.714285714286
2018-01-19,6.714285714285714,0.14285714285714285,0.14285714285714285,41644.857142857145,23877.85714285714,11440.857142857143
2018-01-20,7.571428571428571,0.2857142857142857,0.2857142857142857,41652.42857142857,23878.14285714286,11441.142857142857
2018-01-21,7.0,0.2857142857142857,0.14285714285714285,41659.42857142857,23878.428571428572,11441.285714285714
2018-01-22,7.571428571428571,0.2857142857142857,0.14285714285714285,41667.0,23878.714285714286,11441.42857142857
2018-01-23,7.285714285714286,0.2857142857142857,0.14285714285714285,41674.28571428572,23879.0,11441.57142857143
2018-01-24,7.285714285714286,0.2857142857142857,0.14285714285714285,41681.57142857143,23879.285714285714,11441.714285714286
2018-01-25,7.142857142857143,0.2857142857142857,0.14285714285714285,41688.71428571428,23879.571428571428,11441.857142857143
2018-01-26,7.142857142857143,0.42857142857142855,0.2857142857142857,41695.857142857145,23880.0,11442.142857142857
2018-01-27,6.428571428571429,0.2857142857142857,0.14285714285714285,41702.28571428572,23880.285714285714,11442.285714285714
2018-01-28,7.285714285714286,0.5714285714285714,0.5714285714285714,41709.57142857143,23880.85714285714,11442.857142857143
2018-01-29,6.285714285714286,0.5714285714285714,0.5714285714285714,41715.857142857145,23881.428571428572,11443.42857142857
2018-01-30,6.571428571428571,0.5714285714285714,0.5714285714285714,41722.42857142857,23882.0,11444.0
2018-01-31,6.285714285714286,0.5714285714285714,0.5714285714285714,41728.71428571428,23882.571428571428,11444.57142857143
2018-02-01,6.0,0.5714285714285714,0.5714285714285714,41734.71428571428,23883.14285714286,11445.142857142857
2018-02-02,6.571428571428571,0.42857142857142855,0.42857142857142855,41741.28571428572,23883.571428571428,11445.57142857143
2018-02-03,6.571428571428571,0.5714285714285714,0.5714285714285714,41747.857142857145,23884.14285714286,11446.142857142857
2018-02-04,6.428571428571429,0.2857142857142857,0.14285714285714285,41754.28571428572,23884.428571428572,11446.285714285714
2018-02-05,6.571428571428571,0.2857142857142857,0.14285714285714285,41760.857142857145,23884.714285714286,11446.42857142857
2018-02-06,5.714285714285714,0.2857142857142857,0.14285714285714285,41766.57142857143,23885.0,11446.57142857143
2018-02-07,5.714285714285714,0.2857142857142857,0.14285714285714285,41772.28571428572,23885.285714285714,11446.714285714286
2018-02-08,5.428571428571429,0.2857142857142857,0.14285714285714285,41777.71428571428,23885.571428571428,11446.857142857143
2018-02-09,4.857142857142857,0.2857142857142857,0.14285714285714285,41782.57142857143,23885.85714285714,11447.0
2018-02-10,4.857142857142857,0.14285714285714285,0.0,41787.42857142857,23886.0,11447.0
2018-02-11,4.0,0.0,0.0,41791.42857142857,23886.0,11447.0
2018-02-12,3.4285714285714284,0.0,0.0,41794.857142857145,23886.0,11447.0
2018-02-13,3.857142857142857,0.0,0.0,41798.71428571428,23886.0,11447.0
2018-02-14,4.285714285714286,0.14285714285714285,0.0,41803.0,23886.14285714286,11447.0
2018-02-15,3.7142857142857144,0.14285714285714285,0.0,41806.71428571428,23886.285714285714,11447.0
2018-02-16,3.4285714285714284,0.14285714285714285,0.0,41810.142857142855,23886.428571428572,11447.0
2018-02-17,3.2857142857142856,0.2857142857142857,0.0,41813.42857142857,23886.714285714286,11447.0
2018-02-18,3.5714285714285716,0.2857142857142857,0.0,41817.0,23887.0,11447.0
2018-02-19,3.5714285714285716,0.42857142857142855,0.14285714285714285,41820.57142857143,23887.428571428572,11447.142857142857
2018-02-20,3.4285714285714284,0.42857142857142855,0.14285714285714285,41824.0,23887.85714285714,11447.285714285714
2018-02-21,3.142857142857143,0.42857142857142855,0.2857142857142857,41827.142857142855,23888.285714285714,11447.57142857143
2018-02-22,3.4285714285714284,0.42857142857142855,0.2857142857142857,41830.57142857143,23888.714285714286,11447.857142857143
2018-02-23,3.857142857142857,0.42857142857142855,0.2857142857142857,41834.42857142857,23889.14285714286,11448.142857142857
2018-02-24,3.857142857142857,0.2857142857142857,0.2857142857142857,41838.28571428572,23889.428571428572,11448.42857142857
2018-02-25,3.5714285714285716,0.2857142857142857,0.2857142857142857,41841.857142857145,23889.714285714286,11448.714285714286
2018-02-26,3.857142857142857,0.14285714285714285,0.14285714285714285,41845.71428571428,23889.85714285714,11448.857142857143
2018-02-27,4.285714285714286,0.14285714285714285,0.14285714285714285,41850.0,23890.0,11449.0
2018-02-28,3.857142857142857,0.0,0.0,41853.857142857145,23890.0,11449.0
2018-03-01,4.571428571428571,0.0,0.0,41858.42857142857,23890.0,11449.0
2018-03-02,4.857142857142857,0.14285714285714285,0.14285714285714285,41863.28571428572,23890.14285714286,11449.142857142857
2018-03-03,5.142857142857143,0.2857142857142857,0.2857142857142857,41868.42857142857,23890.428571428572,11449.42857142857
2018-03-04,6.0,0.2857142857142857,0.2857142857142857,41874.42857142857,23890.714285714286,11449.714285714286
2018-03-05,6.571428571428571,0.2857142857142857,0.2857142857142857,41881.0,23891.0,11450.0
2018-03-06,7.142857142857143,0.5714285714285714,0.5714285714285714,41888.142857142855,23891.571428571428,11450.57142857143
2018-03-07,7.142857142857143,0.5714285714285714,0.5714285714285714,41895.28571428572,23892.14285714286,11451.142857142857
2018-03-08,6.428571428571429,0.5714285714285714,0.5714285714285714,41901.71428571428,23892.714285714286,11451.714285714286
2018-03-09,6.571428571428571,0.42857142857142855,0.42857142857142855,41908.28571428572,23893.14285714286,11452.142857142857
2018-03-10,6.571428571428571,0.2857142857142857,0.2857142857142857,41914.857142857145,23893.428571428572,11452.42857142857
2018-03-11,6.428571428571429,0.2857142857142857,0.2857142857142857,41921.28571428572,23893.714285714286,11452.714285714286
2018-03-12,6.0,0.42857142857142855,0.42857142857142855,41927.28571428572,23894.14285714286,11453.142857142857
2018-03-13,5.142857142857143,0.14285714285714285,0.14285714285714285,41932.42857142857,23894.285714285714,11453.285714285714
2018-03-14,5.857142857142857,0.14285714285714285,0.14285714285714285,41938.28571428572,23894.428571428572,11453.42857142857
2018-03-15,6.428571428571429,0.2857142857142857,0.2857142857142857,41944.71428571428,23894.714285714286,11453.714285714286
2018-03-16,6.285714285714286,0.42857142857142855,0.42857142857142855,41951.0,23895.14285714286,11454.142857142857
2018-03-17,6.428571428571429,0.42857142857142855,0.42857142857142855,41957.42857142857,23895.571428571428,11454.57142857143
2018-03-18,6.285714285714286,0.42857142857142855,0.42857142857142855,41963.71428571428,23896.0,11455.0
2018-03-19,6.0,0.2857142857142857,0.2857142857142857,41969.71428571428,23896.285714285714,11455.285714285714
2018-03-20,6.142857142857143,0.42857142857142855,0.42857142857142855,41975.857142857145,23896.714285714286,11455.714285714286
2018-03-21,5.857142857142857,0.42857142857142855,0.42857142857142855,41981.71428571428,23897.14285714286,11456.142857142857
2018-03-22,5.857142857142857,0.2857142857142857,0.2857142857142857,41987.57142857143,23897.428571428572,11456.42857142857
2018-03-23,6.285714285714286,0.14285714285714285,0.14285714285714285,41993.857142857145,23897.571428571428,11456.57142857143
2018-03-24,6.0,0.2857142857142857,0.2857142857142857,41999.857142857145,23897.85714285714,11456.857142857143
2018-03-25,6.142857142857143,0.42857142857142855,0.42857142857142855,42006.0,23898.285714285714,11457.285714285714
2018-03-26,6.0,0.42857142857142855,0.42857142857142855,42012.0,23898.714285714286,11457.714285714286
2018-03-27,6.0,0.42857142857142855,0.42857142857142855,42018.0,23899.14285714286,11458.142857142857
2018-03-28,6.285714285714286,0.42857142857142855,0.42857142857142855,42024.28571428572,23899.571428571428,11458.57142857143
2018-03-29,5.857142857142857,0.42857142857142855,0.42857142857142855,42030.142857142855,23900.0,11459.0
2018-03-30,5.285714285714286,0.42857142857142855,0.42857142857142855,42035.42857142857,23900.428571428572,11459.42857142857
2018-03-31,5.857142857142857,0.2857142857142857,0.2857142857142857,42041.28571428572,23900.714285714286,11459.714285714286
2018-04-01,5.857142857142857,0.2857142857142857,0.2857142857142857,42047.142857142855,23901.0,11460.0
2018-04-02,7.714285714285714,0.42857142857142855,0.42857142857142855,42054.857142857145,23901.428571428572,11460.42857142857
2018-04-03,8.142857142857142,0.42857142857142855,0.42857142857142855,42063.0,23901.85714285714,11460.857142857143
2018-04-04,8.142857142857142,0.7142857142857143,0.7142857142857143,42071.142857142855,23902.571428571428,11461.57142857143
2018-04-05,8.285714285714286,0.7142857142857143,0.7142857142857143,42079.42857142857,23903.285714285714,11462.285714285714
2018-04-06,9.428571428571429,0.8571428571428571,0.8571428571428571,42088.857142857145,23904.14285714286,11463.142857142857
2018-04-07,9.714285714285714,0.8571428571428571,0.8571428571428571,42098.57142857143,23905.0,11464.0
2018-04-08,10.571428571428571,0.7142857142857143,0.7142857142857143,42109.142857142855,23905.714285714286,11464.714285714286
2018-04-09,11.0,1.2857142857142858,1.1428571428571428,42120.142857142855,23907.0,11465.857142857143
2018-04-10,11.714285714285714,1.1428571428571428,1.0,42131.857142857145,23908.14285714286,11466.857142857143
2018-04-11,12.428571428571429,0.8571428571428571,0.7142857142857143,42144.28571428572,23909.0,11467.57142857143
2018-04-12,14.142857142857142,1.2857142857142858,1.1428571428571428,42158.42857142857,23910.285714285714,11468.714285714286
2018-04-13,13.0,1.1428571428571428,1.0,42171.42857142857,23911.428571428572,11469.714285714286
2018-04-14,13.428571428571429,1.4285714285714286,1.1428571428571428,42184.857142857145,23912.85714285714,11470.857142857143
2018-04-15,12.857142857142858,1.4285714285714286,1.1428571428571428,42197.71428571428,23914.285714285714,11472.0
2018-04-16,11.857142857142858,0.7142857142857143,0.5714285714285714,42209.57142857143,23915.0,11472.57142857143
2018-04-17,12.285714285714286,1.0,0.7142857142857143,42221.857142857145,23916.0,11473.285714285714
2018-04-18,12.285714285714286,1.4285714285714286,1.0,42234.142857142855,23917.428571428572,11474.285714285714
2018-04-19,11.285714285714286,1.1428571428571428,0.5714285714285714,42245.42857142857,23918.571428571428,11474.857142857143
2018-04-20,11.571428571428571,1.1428571428571428,0.5714285714285714,42257.0,23919.714285714286,11475.42857142857
2018-04-21,10.285714285714286,0.8571428571428571,0.42857142857142855,42267.28571428572,23920.571428571428,11475.857142857143
2018-04-22,10.428571428571429,1.0,0.5714285714285714,42277.71428571428,23921.571428571428,11476.42857142857
2018-04-23,10.285714285714286,1.4285714285714286,0.8571428571428571,42288.0,23923.0,11477.285714285714
2018-04-24,10.0,1.4285714285714286,1.0,42298.0,23924.428571428572,11478.285714285714
2018-04-25,8.857142857142858,1.0,0.7142857142857143,42306.857142857145,23925.428571428572,11479.0
2018-04-26,8.428571428571429,1.1428571428571428,1.0,42315.28571428572,23926.571428571428,11480.0
2018-04-27,8.428571428571429,1.2857142857142858,1.1428571428571428,42323.71428571428,23927.85714285714,11481.142857142857
2018-04-28,8.857142857142858,1.4285714285714286,1.2857142857142858,42332.57142857143,23929.285714285714,11482.42857142857
2018-04-29,8.428571428571429,1.2857142857142858,1.1428571428571428,42341.0,23930.571428571428,11483.57142857143
2018-04-30,8.714285714285714,1.1428571428571428,1.0,42349.71428571428,23931.714285714286,11484.57142857143
2018-05-01,8.857142857142858,1.2857142857142858,1.0,42358.57142857143,23933.0,11485.57142857143
2018-05-02,9.428571428571429,1.5714285714285714,1.2857142857142858,42368.0,23934.571428571428,11486.857142857143
2018-05-03,9.428571428571429,1.5714285714285714,1.1428571428571428,42377.42857142857,23936.14285714286,11488.0
2018-05-04,10.0,1.8571428571428572,1.4285714285714286,42387.42857142857,23938.0,11489.42857142857
2018-05-05,10.0,1.7142857142857142,1.2857142857142858,42397.42857142857,23939.714285714286,11490.714285714286
2018-05-06,10.714285714285714,1.8571428571428572,1.4285714285714286,42408.142857142855,23941.571428571428,11492.142857142857
2018-05-07,10.428571428571429,1.7142857142857142,1.4285714285714286,42418.57142857143,23943.285714285714,11493.57142857143
2018-05-08,9.428571428571429,1.5714285714285714,1.4285714285714286,42428.0,23944.85714285714,11495.0
2018-05-09,9.714285714285714,1.4285714285714286,1.1428571428571428,42437.71428571428,23946.285714285714,11496.142857142857
2018-05-10,9.714285714285714,1.2857142857142858,1.1428571428571428,42447.42857142857,23947.571428571428,11497.285714285714
2018-05-11,8.571428571428571,0.8571428571428571,0.7142857142857143,42456.0,23948.428571428572,11498.0
2018-05-12,8.0,1.0,0.8571428571428571,42464.0,23949.428571428572,11498.857142857143
2018-05-13,7.0,1.1428571428571428,0.8571428571428571,42471.0,23950.571428571428,11499.714285714286
2018-05-14,6.571428571428571,1.0,0.7142857142857143,42477.57142857143,23951.571428571428,11500.42857142857
2018-05-15,6.0,0.8571428571428571,0.5714285714285714,42483.57142857143,23952.428571428572,11501.0
2018-05-16,5.857142857142857,0.7142857142857143,0.5714285714285714,42489.42857142857,23953.14285714286,11501.57142857143
2018-05-17,5.142857142857143,0.5714285714285714,0.42857142857142855,42494.57142857143,23953.714285714286,11502.0
2018-05-18,5.0,0.5714285714285714,0.42857142857142855,42499.57142857143,23954.285714285714,11502.42857142857
2018-05-19,4.714285714285714,0.42857142857142855,0.2857142857142857,42504.28571428572,23954.714285714286,11502.714285714286
2018-05-20,4.571428571428571,0.42857142857142855,0.42857142857142855,42508.857142857145,23955.14285714286,11503.142857142857
2018-05-21,4.142857142857143,0.5714285714285714,0.42857142857142855,42513.0,23955.714285714286,11503.57142857143
2018-05-22,4.0,0.42857142857142855,0.2857142857142857,42517.0,23956.14285714286,11503.857142857143
2018-05-23,3.142857142857143,0.42857142857142855,0.2857142857142857,42520.142857142855,23956.571428571428,11504.142857142857
2018-05-24,4.142857142857143,0.5714285714285714,0.42857142857142855,42524.28571428572,23957.14285714286,11504.57142857143
2018-05-25,4.142857142857143,0.5714285714285714,0.42857142857142855,42528.42857142857,23957.714285714286,11505.0
2018-05-26,4.285714285714286,0.5714285714285714,0.42857142857142855,42532.71428571428,23958.285714285714,11505.42857142857
2018-05-27,3.857142857142857,0.2857142857142857,0.14285714285714285,42536.57142857143,23958.571428571428,11505.57142857143
2018-05-28,3.857142857142857,0.14285714285714285,0.14285714285714285,42540.42857142857,23958.714285714286,11505.714285714286
2018-05-29,4.142857142857143,0.2857142857142857,0.2857142857142857,42544.57142857143,23959.0,11506.0
2018-05-30,4.0,0.2857142857142857,0.2857142857142857,42548.57142857143,23959.285714285714,11506.285714285714
2018-05-31,3.0,0.14285714285714285,0.14285714285714285,42551.57142857143,23959.428571428572,11506.42857142857
2018-06-01,3.142857142857143,0.14285714285714285,0.14285714285714285,42554.71428571428,23959.571428571428,11506.57142857143
2018-06-02,3.0,0.14285714285714285,0.14285714285714285,42557.71428571428,23959.714285714286,11506.714285714286
2018-06-03,2.7142857142857144,0.14285714285714285,0.14285714285714285,42560.42857142857,23959.85714285714,11506.857142857143
2018-06-04,2.4285714285714284,0.42857142857142855,0.42857142857142855,42562.857142857145,23960.285714285714,11507.285714285714
2018-06-05,1.8571428571428572,0.2857142857142857,0.2857142857142857,42564.71428571428,23960.571428571428,11507.57142857143
2018-06-06,1.8571428571428572,0.2857142857142857,0.2857142857142857,42566.57142857143,23960.85714285714,11507.857142857143
2018-06-07,1.8571428571428572,0.2857142857142857,0.2857142857142857,42568.42857142857,23961.14285714286,11508.142857142857
2018-06-08,1.8571428571428572,0.42857142857142855,0.42857142857142855,42570.28571428572,23961.571428571428,11508.57142857143
2018-06-09,2.0,0.5714285714285714,0.5714285714285714,42572.28571428572,23962.14285714286,11509.142857142857
2018-06-10,2.7142857142857144,0.7142857142857143,0.7142857142857143,42575.0,23962.85714285714,11509.857142857143
2018-06-11,2.4285714285714284,0.42857142857142855,0.42857142857142855,42577.42857142857,23963.285714285714,11510.285714285714
2018-06-12,2.4285714285714284,0.5714285714285714,0.5714285714285714,42579.857142857145,23963.85714285714,11510.857142857143
2018-06-13,2.4285714285714284,0.5714285714285714,0.5714285714285714,42582.28571428572,23964.428571428572,11511.42857142857
2018-06-14,2.7142857142857144,0.5714285714285714,0.5714285714285714,42585.0,23965.0,11512.0
2018-06-15,2.857142857142857,0.42857142857142855,0.42857142857142855,42587.857142857145,23965.428571428572,11512.42857142857
2018-06-16,2.2857142857142856,0.2857142857142857,0.2857142857142857,42590.142857142855,23965.714285714286,11512.714285714286
2018-06-17,2.4285714285714284,0.14285714285714285,0.14285714285714285,42592.57142857143,23965.85714285714,11512.857142857143
2018-06-18,2.4285714285714284,0.14285714285714285,0.14285714285714285,42595.0,23966.0,11513.0
2018-06-19,2.5714285714285716,0.0,0.0,42597.57142857143,23966.0,11513.0
2018-06-20,3.0,0.14285714285714285,0.14285714285714285,42600.57142857143,23966.14285714286,11513.142857142857
2018-06-21,3.4285714285714284,0.14285714285714285,0.14285714285714285,42604.0,23966.285714285714,11513.285714285714
2018-06-22,3.2857142857142856,0.14285714285714285,0.14285714285714285,42607.28571428572,23966.428571428572,11513.42857142857
2018-06-23,3.857142857142857,0.2857142857142857,0.2857142857142857,42611.142857142855,23966.714285714286,11513.714285714286
2018-06-24,3.5714285714285716,0.2857142857142857,0.2857142857142857,42614.71428571428,23967.0,11514.0
2018-06-25,4.714285714285714,0.2857142857142857,0.2857142857142857,42619.42857142857,23967.285714285714,11514.285714285714
2018-06-26,4.571428571428571,0.2857142857142857,0.2857142857142857,42624.0,23967.571428571428,11514.57142857143
2018-06-27,4.571428571428571,0.14285714285714285,0.14285714285714285,42628.57142857143,23967.714285714286,11514.714285714286
2018-06-28,4.285714285714286,0.14285714285714285,0.14285714285714285,42632.857142857145,23967.85714285714,11514.857142857143
2018-06-29,4.857142857142857,0.14285714285714285,0.14285714285714285,42637.71428571428,23968.0,11515.0
2018-06-30,5.571428571428571,0.0,0.0,42643.28571428572,23968.0,11515.0
2018-07-01,6.285714285714286,0.14285714285714285,0.14285714285714285,42649.57142857143,23968.14285714286,11515.142857142857
2018-07-02,5.857142857142857,0.14285714285714285,0.14285714285714285,42655.42857142857,23968.285714285714,11515.285714285714
2018-07-03,6.571428571428571,0.14285714285714285,0.14285714285714285,42662.0,23968.428571428572,11515.42857142857
2018-07-04,6.428571428571429,0.14285714285714285,0.14285714285714285,42668.42857142857,23968.571428571428,11515.57142857143
2018-07-05,6.714285714285714,0.14285714285714285,0.14285714285714285,42675.142857142855,23968.714285714286,11515.714285714286
2018-07-06,6.0,0.14285714285714285,0.14285714285714285,42681.142857142855,23968.85714285714,11515.857142857143
2018-07-07,5.142857142857143,0.14285714285714285,0.14285714285714285,42686.28571428572,23969.0,11516.0
2018-07-08,4.857142857142857,0.14285714285714285,0.0,42691.142857142855,23969.14285714286,11516.0
2018-07-09,4.714285714285714,0.2857142857142857,0.0,42695.857142857145,23969.428571428572,11516.0
2018-07-10,4.571428571428571,0.2857142857142857,0.0,42700.42857142857,23969.714285714286,11516.0
2018-07-11,4.428571428571429,0.2857142857142857,0.0,42704.857142857145,23970.0,11516.0
2018-07-12,4.428571428571429,0.2857142857142857,0.0,42709.28571428572,23970.285714285714,11516.0
2018-07-13,4.571428571428571,0.2857142857142857,0.0,42713.857142857145,23970.571428571428,11516.0
2018-07-14,4.571428571428571,0.2857142857142857,0.0,42718.42857142857,23970.85714285714,11516.0
2018-07-15,4.571428571428571,0.14285714285714285,0.0,42723.0,23971.0,11516.0
2018-07-16,4.571428571428571,0.0,0.0,42727.57142857143,23971.0,11516.0
2018-07-17,4.714285714285714,0.0,0.0,42732.28571428572,23971.0,11516.0
2018-07-18,4.714285714285714,0.0,0.0,42737.0,23971.0,11516.0
2018-07-19,4.285714285714286,0.0,0.0,42741.28571428572,23971.0,11516.0
2018-07-20,4.142857142857143,0.0,0.0,42745.42857142857,23971.0,11516.0
2018-07-21,3.7142857142857144,0.0,0.0,42749.142857142855,23971.0,11516.0
2018-07-22,3.142857142857143,0.0,0.0,42752.28571428572,23971.0,11516.0
2018-07-23,2.4285714285714284,0.0,0.0,42754.71428571428,23971.0,11516.0
2018-07-24,2.0,0.0,0.0,42756.71428571428,23971.0,11516.0
2018-07-25,1.7142857142857142,0.0,0.0,42758.42857142857,23971.0,11516.0
2018-07-26,1.7142857142857142,0.0,0.0,42760.142857142855,23971.0,11516.0
2018-07-27,2.0,0.0,0.0,42762.142857142855,23971.0,11516.0
2018-07-28,2.4285714285714284,0.0,0.0,42764.57142857143,23971.0,11516.0
2018-07-29,2.7142857142857144,0.0,0.0,42767.28571428572,23971.0,11516.0
2018-07-30,3.142857142857143,0.0,0.0,42770.42857142857,23971.0,11516.0
2018-07-31,3.0,0.0,0.0,42773.42857142857,23971.0,11516.0
2018-08-01,3.7142857142857144,0.14285714285714285,0.14285714285714285,42777.142857142855,23971.14285714286,11516.142857142857
2018-08-02,3.4285714285714284,0.14285714285714285,0.14285714285714285,42780.57142857143,23971.285714285714,11516.285714285714
2018-08-03,3.0,0.14285714285714285,0.14285714285714285,42783.57142857143,23971.428571428572,11516.42857142857
2018-08-04,2.857142857142857,0.14285714285714285,0.14285714285714285,42786.42857142857,23971.571428571428,11516.57142857143
2018-08-05,2.142857142857143,0.14285714285714285,0.14285714285714285,42788.57142857143,23971.714285714286,11516.714285714286
2018-08-06,1.8571428571428572,0.2857142857142857,0.2857142857142857,42790.42857142857,23972.0,11517.0
2018-08-07,1.5714285714285714,0.2857142857142857,0.2857142857142857,42792.0,23972.285714285714,11517.285714285714
2018-08-08,1.2857142857142858,0.14285714285714285,0.14285714285714285,42793.28571428572,23972.428571428572,11517.42857142857
2018-08-09,1.4285714285714286,0.14285714285714285,0.14285714285714285,42794.71428571428,23972.571428571428,11517.57142857143
2018-08-10,1.8571428571428572,0.14285714285714285,0.14285714285714285,42796.57142857143,23972.714285714286,11517.714285714286
2018-08-11,1.8571428571428572,0.14285714285714285,0.14285714285714285,42798.42857142857,23972.85714285714,11517.857142857143
2018-08-12,2.2857142857142856,0.14285714285714285,0.14285714285714285,42800.71428571428,23973.0,11518.0
2018-08-13,2.5714285714285716,0.0,0.0,42803.28571428572,23973.0,11518.0
2018-08-14,3.142857142857143,0.0,0.0,42806.42857142857,23973.0,11518.0
2018-08-15,2.5714285714285716,0.0,0.0,42809.0,23973.0,11518.0
2018-08-16,3.0,0.0,0.0,42812.0,23973.0,11518.0
2018-08-17,3.142857142857143,0.0,0.0,42815.142857142855,23973.0,11518.0
2018-08-18,3.0,0.0,0.0,42818.142857142855,23973.0,11518.0
2018-08-19,2.7142857142857144,0.0,0.0,42820.857142857145,23973.0,11518.0
2018-08-20,2.5714285714285716,0.0,0.0,42823.42857142857,23973.0,11518.0
2018-08-21,2.2857142857142856,0.0,0.0,42825.71428571428,23973.0,11518.0
2018-08-22,2.7142857142857144,0.0,0.0,42828.42857142857,23973.0,11518.0
2018-08-23,2.0,0.0,0.0,42830.42857142857,23973.0,11518.0
2018-08-24,1.7142857142857142,0.0,0.0,42832.142857142855,23973.0,11518.0
2018-08-25,1.7142857142857142,0.0,0.0,42833.857142857145,23973.0,11518.0
2018-08-26,2.0,0.0,0.0,42835.857142857145,23973.0,11518.0
2018-08-27,1.7142857142857142,0.0,0.0,42837.57142857143,23973.0,11518.0
2018-08-28,2.0,0.14285714285714285,0.14285714285714285,42839.57142857143,23973.14285714286,11518.142857142857
2018-08-29,1.8571428571428572,0.14285714285714285,0.14285714285714285,42841.42857142857,23973.285714285714,11518.285714285714
2018-08-30,2.142857142857143,0.14285714285714285,0.14285714285714285,42843.57142857143,23973.428571428572,11518.42857142857
2018-08-31,2.142857142857143,0.2857142857142857,0.14285714285714285,42845.71428571428,23973.714285714286,11518.57142857143
2018-09-01,2.2857142857142856,0.2857142857142857,0.14285714285714285,42848.0,23974.0,11518.714285714286
2018-09-02,1.8571428571428572,0.2857142857142857,0.14285714285714285,42849.857142857145,23974.285714285714,11518.857142857143
2018-09-03,2.4285714285714284,0.2857142857142857,0.14285714285714285,42852.28571428572,23974.571428571428,11519.0
2018-09-04,1.8571428571428572,0.14285714285714285,0.0,42854.142857142855,23974.714285714286,11519.0
2018-09-05,1.8571428571428572,0.14285714285714285,0.0,42856.0,23974.85714285714,11519.0
2018-09-06,1.7142857142857142,0.14285714285714285,0.0,42857.71428571428,23975.0,11519.0
2018-09-07,2.142857142857143,0.0,0.0,42859.857142857145,23975.0,11519.0
2018-09-08,2.142857142857143,0.0,0.0,42862.0,23975.0,11519.0
2018-09-09,2.2857142857142856,0.0,0.0,42864.28571428572,23975.0,11519.0
2018-09-10,2.4285714285714284,0.0,0.0,42866.71428571428,23975.0,11519.0
2018-09-11,3.0,0.0,0.0,42869.71428571428,23975.0,11519.0
2018-09-12,2.857142857142857,0.0,0.0,42872.57142857143,23975.0,11519.0
2018-09-13,2.857142857142857,0.0,0.0,42875.42857142857,23975.0,11519.0
2018-09-14,2.2857142857142856,0.0,0.0,42877.71428571428,23975.0,11519.0
2018-09-15,2.5714285714285716,0.0,0.0,42880.28571428572,23975.0,11519.0
2018-09-16,3.142857142857143,0.0,0.0,42883.42857142857,23975.0,11519.0
2018-09-17,3.2857142857142856,0.0,0.0,42886.71428571428,23975.0,11519.0
2018-09-18,3.4285714285714284,0.0,0.0,42890.142857142855,23975.0,11519.0
2018-09-19,3.7142857142857144,0.0,0.0,42893.857142857145,23975.0,11519.0
2018-09-20,3.857142857142857,0.0,0.0,42897.71428571428,23975.0,11519.0
2018-09-21,4.857142857142857,0.0,0.0,42902.57142857143,23975.0,11519.0
2018-09-22,4.714285714285714,0.14285714285714285,0.0,42907.28571428572,23975.14285714286,11519.0
2018-09-23,4.285714285714286,0.14285714285714285,0.0,42911.57142857143,23975.285714285714,11519.0
2018-09-24,4.0,0.14285714285714285,0.0,42915.57142857143,23975.428571428572,11519.0
2018-09-25,3.5714285714285716,0.14285714285714285,0.0,42919.142857142855,23975.571428571428,11519.0
2018-09-26,3.2857142857142856,0.14285714285714285,0.0,42922.42857142857,23975.714285714286,11519.0
2018-09-27,3.0,0.14285714285714285,0.0,42925.42857142857,23975.85714285714,11519.0
2018-09-28,1.7142857142857142,0.14285714285714285,0.0,42927.142857142855,23976.0,11519.0
2018-09-29,1.8571428571428572,0.0,0.0,42929.0,23976.0,11519.0
2018-09-30,2.2857142857142856,0.0,0.0,42931.28571428572,23976.0,11519.0
2018-10-01,2.857142857142857,0.2857142857142857,0.14285714285714285,42934.142857142855,23976.285714285714,11519.142857142857
2018-10-02,3.0,0.2857142857142857,0.14285714285714285,42937.142857142855,23976.571428571428,11519.285714285714
2018-10-03,3.2857142857142856,0.2857142857142857,0.14285714285714285,42940.42857142857,23976.85714285714,11519.42857142857
2018-10-04,3.5714285714285716,0.2857142857142857,0.14285714285714285,42944.0,23977.14285714286,11519.57142857143
2018-10-05,4.0,0.42857142857142855,0.14285714285714285,42948.0,23977.571428571428,11519.714285714286
2018-10-06,3.857142857142857,0.42857142857142855,0.14285714285714285,42951.857142857145,23978.0,11519.857142857143
2018-10-07,3.4285714285714284,0.5714285714285714,0.2857142857142857,42955.28571428572,23978.571428571428,11520.142857142857
2018-10-08,2.857142857142857,0.2857142857142857,0.14285714285714285,42958.142857142855,23978.85714285714,11520.285714285714
2018-10-09,2.7142857142857144,0.2857142857142857,0.14285714285714285,42960.857142857145,23979.14285714286,11520.42857142857
2018-10-10,2.7142857142857144,0.2857142857142857,0.14285714285714285,42963.57142857143,23979.428571428572,11520.57142857143
2018-10-11,2.7142857142857144,0.2857142857142857,0.14285714285714285,42966.28571428572,23979.714285714286,11520.714285714286
2018-10-12,2.5714285714285716,0.14285714285714285,0.14285714285714285,42968.857142857145,23979.85714285714,11520.857142857143
2018-10-13,2.857142857142857,0.14285714285714285,0.14285714285714285,42971.71428571428,23980.0,11521.0
2018-10-14,3.0,0.0,0.0,42974.71428571428,23980.0,11521.0
2018-10-15,3.5714285714285716,0.2857142857142857,0.14285714285714285,42978.28571428572,23980.285714285714,11521.142857142857
2018-10-16,4.0,0.42857142857142855,0.14285714285714285,42982.28571428572,23980.714285714286,11521.285714285714
2018-10-17,3.7142857142857144,0.5714285714285714,0.14285714285714285,42986.0,23981.285714285714,11521.42857142857
2018-10-18,4.285714285714286,0.7142857142857143,0.2857142857142857,42990.28571428572,23982.0,11521.714285714286
2018-10-19,4.428571428571429,0.7142857142857143,0.2857142857142857,42994.71428571428,23982.714285714286,11522.0
2018-10-20,4.428571428571429,0.8571428571428571,0.42857142857142855,42999.142857142855,23983.571428571428,11522.42857142857
2018-10-21,4.428571428571429,0.8571428571428571,0.42857142857142855,43003.57142857143,23984.428571428572,11522.857142857143
2018-10-22,4.285714285714286,0.8571428571428571,0.5714285714285714,43007.857142857145,23985.285714285714,11523.42857142857
2018-10-23,4.0,0.7142857142857143,0.5714285714285714,43011.857142857145,23986.0,11524.0
2018-10-24,5.0,0.5714285714285714,0.5714285714285714,43016.857142857145,23986.571428571428,11524.57142857143
2018-10-25,5.428571428571429,0.5714285714285714,0.5714285714285714,43022.28571428572,23987.14285714286,11525.142857142857
2018-10-26,6.142857142857143,0.5714285714285714,0.5714285714285714,43028.42857142857,23987.714285714286,11525.714285714286
2018-10-27,6.428571428571429,0.42857142857142855,0.42857142857142855,43034.857142857145,23988.14285714286,11526.142857142857
2018-10-28,7.285714285714286,0.42857142857142855,0.42857142857142855,43042.142857142855,23988.571428571428,11526.57142857143
2018-10-29,6.857142857142857,0.14285714285714285,0.14285714285714285,43049.0,23988.714285714286,11526.714285714286
2018-10-30,6.428571428571429,0.14285714285714285,0.14285714285714285,43055.42857142857,23988.85714285714,11526.857142857143
2018-10-31,5.571428571428571,0.14285714285714285,0.14285714285714285,43061.0,23989.0,11527.0
2018-11-01,5.142857142857143,0.0,0.0,43066.142857142855,23989.0,11527.0
2018-11-02,4.857142857142857,0.0,0.0,43071.0,23989.0,11527.0
2018-11-03,4.428571428571429,0.0,0.0,43075.42857142857,23989.0,11527.0
2018-11-04,4.142857142857143,0.0,0.0,43079.57142857143,23989.0,11527.0
2018-11-05,5.0,0.0,0.0,43084.57142857143,23989.0,11527.0
2018-11-06,5.571428571428571,0.0,0.0,43090.142857142855,23989.0,11527.0
2018-11-07,6.0,0.14285714285714285,0.14285714285714285,43096.142857142855,23989.14285714286,11527.142857142857
2018-11-08,5.857142857142857,0.14285714285714285,0.14285714285714285,43102.0,23989.285714285714,11527.285714285714
2018-11-09,6.0,0.2857142857142857,0.2857142857142857,43108.0,23989.571428571428,11527.57142857143
2018-11-10,6.142857142857143,0.2857142857142857,0.2857142857142857,43114.142857142855,23989.85714285714,11527.857142857143
2018-11-11,6.285714285714286,0.2857142857142857,0.2857142857142857,43120.42857142857,23990.14285714286,11528.142857142857
2018-11-12,5.571428571428571,0.2857142857142857,0.2857142857142857,43126.0,23990.428571428572,11528.42857142857
2018-11-13,6.0,0.42857142857142855,0.2857142857142857,43132.0,23990.85714285714,11528.714285714286
2018-11-14,6.714285714285714,0.2857142857142857,0.14285714285714285,43138.71428571428,23991.14285714286,11528.857142857143
2018-11-15,7.0,0.42857142857142855,0.2857142857142857,43145.71428571428,23991.571428571428,11529.142857142857
2018-11-16,7.142857142857143,0.2857142857142857,0.14285714285714285,43152.857142857145,23991.85714285714,11529.285714285714
2018-11-17,7.285714285714286,0.2857142857142857,0.14285714285714285,43160.142857142855,23992.14285714286,11529.42857142857
2018-11-18,7.285714285714286,0.42857142857142855,0.14285714285714285,43167.42857142857,23992.571428571428,11529.57142857143
2018-11-19,6.714285714285714,0.42857142857142855,0.14285714285714285,43174.142857142855,23993.0,11529.714285714286
2018-11-20,6.428571428571429,0.2857142857142857,0.14285714285714285,43180.57142857143,23993.285714285714,11529.857142857143
2018-11-21,6.285714285714286,0.42857142857142855,0.2857142857142857,43186.857142857145,23993.714285714286,11530.142857142857
2018-11-22,6.285714285714286,0.2857142857142857,0.14285714285714285,43193.142857142855,23994.0,11530.285714285714
2018-11-23,5.857142857142857,0.42857142857142855,0.2857142857142857,43199.0,23994.428571428572,11530.57142857143
2018-11-24,5.0,0.42857142857142855,0.2857142857142857,43204.0,23994.85714285714,11530.857142857143
2018-11-25,4.571428571428571,0.2857142857142857,0.2857142857142857,43208.57142857143,23995.14285714286,11531.142857142857
2018-11-26,5.0,0.2857142857142857,0.2857142857142857,43213.57142857143,23995.428571428572,11531.42857142857
2018-11-27,4.428571428571429,0.2857142857142857,0.2857142857142857,43218.0,23995.714285714286,11531.714285714286
2018-11-28,4.857142857142857,0.2857142857142857,0.14285714285714285,43222.857142857145,23996.0,11531.857142857143
2018-11-29,4.714285714285714,0.2857142857142857,0.14285714285714285,43227.57142857143,23996.285714285714,11532.0
2018-11-30,4.142857142857143,0.14285714285714285,0.0,43231.71428571428,23996.428571428572,11532.0
2018-12-01,5.0,0.14285714285714285,0.0,43236.71428571428,23996.571428571428,11532.0
2018-12-02,5.142857142857143,0.2857142857142857,0.0,43241.857142857145,23996.85714285714,11532.0
2018-12-03,6.142857142857143,0.7142857142857143,0.2857142857142857,43248.0,23997.571428571428,11532.285714285714
2018-12-04,7.285714285714286,0.8571428571428571,0.2857142857142857,43255.28571428572,23998.428571428572,11532.57142857143
2018-12-05,6.428571428571429,0.7142857142857143,0.2857142857142857,43261.71428571428,23999.14285714286,11532.857142857143
2018-12-06,7.142857142857143,0.8571428571428571,0.42857142857142855,43268.857142857145,24000.0,11533.285714285714
2018-12-07,7.285714285714286,0.8571428571428571,0.42857142857142855,43276.142857142855,24000.85714285714,11533.714285714286
2018-12-08,7.571428571428571,0.8571428571428571,0.42857142857142855,43283.71428571428,24001.714285714286,11534.142857142857
2018-12-09,7.714285714285714,0.7142857142857143,0.42857142857142855,43291.42857142857,24002.428571428572,11534.57142857143
2018-12-10,6.857142857142857,0.2857142857142857,0.14285714285714285,43298.28571428572,24002.714285714286,11534.714285714286
2018-12-11,6.857142857142857,0.2857142857142857,0.2857142857142857,43305.142857142855,24003.0,11535.0
2018-12-12,6.571428571428571,0.2857142857142857,0.2857142857142857,43311.71428571428,24003.285714285714,11535.285714285714
2018-12-13,5.571428571428571,0.14285714285714285,0.14285714285714285,43317.28571428572,24003.428571428572,11535.42857142857
2018-12-14,5.571428571428571,0.14285714285714285,0.14285714285714285,43322.857142857145,24003.571428571428,11535.57142857143
2018-12-15,5.714285714285714,0.14285714285714285,0.14285714285714285,43328.57142857143,24003.714285714286,11535.714285714286
2018-12-16,5.857142857142857,0.2857142857142857,0.14285714285714285,43334.42857142857,24004.0,11535.857142857143
2018-12-17,6.0,0.42857142857142855,0.2857142857142857,43340.42857142857,24004.428571428572,11536.142857142857
2018-12-18,5.571428571428571,0.2857142857142857,0.14285714285714285,43346.0,24004.714285714286,11536.285714285714
2018-12-19,5.571428571428571,0.2857142857142857,0.14285714285714285,43351.57142857143,24005.0,11536.42857142857
2018-12-20,5.285714285714286,0.2857142857142857,0.14285714285714285,43356.857142857145,24005.285714285714,11536.57142857143
2018-12-21,5.571428571428571,0.2857142857142857,0.14285714285714285,43362.42857142857,24005.571428571428,11536.714285714286
2018-12-22,4.857142857142857,0.42857142857142855,0.14285714285714285,43367.28571428572,24006.0,11536.857142857143
2018-12-23,4.0,0.2857142857142857,0.14285714285714285,43371.28571428572,24006.285714285714,11537.0
2018-12-24,3.7142857142857144,0.2857142857142857,0.14285714285714285,43375.0,24006.571428571428,11537.142857142857
2018-12-25,3.142857142857143,0.2857142857142857,0.14285714285714285,43378.142857142855,24006.85714285714,11537.285714285714
2018-12-26,2.857142857142857,0.2857142857142857,0.14285714285714285,43381.0,24007.14285714286,11537.42857142857
2018-12-27,3.2857142857142856,0.42857142857142855,0.14285714285714285,43384.28571428572,24007.571428571428,11537.57142857143
2018-12-28,2.857142857142857,0.42857142857142855,0.14285714285714285,43387.142857142855,24008.0,11537.714285714286
2018-12-29,2.5714285714285716,0.2857142857142857,0.14285714285714285,43389.71428571428,24008.285714285714,11537.857142857143
2018-12-30,3.142857142857143,0.2857142857142857,0.14285714285714285,43392.857142857145,24008.571428571428,11538.0
2018-12-31,3.857142857142857,0.42857142857142855,0.0,43396.71428571428,24009.0,11538.0
2019-01-01,5.142857142857143,0.5714285714285714,0.14285714285714285,43401.857142857145,24009.571428571428,11538.142857142857
2019-01-02,5.714285714285714,0.5714285714285714,0.14285714285714285,43407.57142857143,24010.14285714286,11538.285714285714
2019-01-03,5.285714285714286,0.42857142857142855,0.14285714285714285,43412.857142857145,24010.571428571428,11538.42857142857
2019-01-04,6.428571428571429,0.42857142857142855,0.14285714285714285,43419.28571428572,24011.0,11538.57142857143
2019-01-05,8.857142857142858,0.8571428571428571,0.42857142857142855,43428.142857142855,24011.85714285714,11539.0
2019-01-06,8.857142857142858,1.0,0.5714285714285714,43437.0,24012.85714285714,11539.57142857143
2019-01-07,8.714285714285714,0.8571428571428571,0.7142857142857143,43445.71428571428,24013.714285714286,11540.285714285714
2019-01-08,8.714285714285714,1.0,0.5714285714285714,43454.42857142857,24014.714285714286,11540.857142857143
2019-01-09,8.857142857142858,1.1428571428571428,0.5714285714285714,43463.28571428572,24015.85714285714,11541.42857142857
2019-01-10,9.0,1.1428571428571428,0.5714285714285714,43472.28571428572,24017.0,11542.0
2019-01-11,8.857142857142858,1.1428571428571428,0.5714285714285714,43481.142857142855,24018.14285714286,11542.57142857143
2019-01-12,7.142857142857143,1.0,0.2857142857142857,43488.28571428572,24019.14285714286,11542.857142857143
2019-01-13,7.571428571428571,0.8571428571428571,0.14285714285714285,43495.857142857145,24020.0,11543.0
2019-01-14,7.714285714285714,0.8571428571428571,0.14285714285714285,43503.57142857143,24020.85714285714,11543.142857142857
2019-01-15,6.714285714285714,0.5714285714285714,0.14285714285714285,43510.28571428572,24021.428571428572,11543.285714285714
2019-01-16,7.0,0.42857142857142855,0.14285714285714285,43517.28571428572,24021.85714285714,11543.42857142857
2019-01-17,8.142857142857142,0.7142857142857143,0.14285714285714285,43525.42857142857,24022.571428571428,11543.57142857143
2019-01-18,8.0,0.8571428571428571,0.14285714285714285,43533.42857142857,24023.428571428572,11543.714285714286
2019-01-19,8.857142857142858,0.5714285714285714,0.14285714285714285,43542.28571428572,24024.0,11543.857142857143
2019-01-20,8.857142857142858,0.5714285714285714,0.14285714285714285,43551.142857142855,24024.571428571428,11544.0
2019-01-21,9.428571428571429,0.42857142857142855,0.0,43560.57142857143,24025.0,11544.0
2019-01-22,9.857142857142858,0.42857142857142855,0.0,43570.42857142857,24025.428571428572,11544.0
2019-01-23,9.857142857142858,0.7142857142857143,0.0,43580.28571428572,24026.14285714286,11544.0
2019-01-24,9.0,0.42857142857142855,0.0,43589.28571428572,24026.571428571428,11544.0
2019-01-25,8.571428571428571,0.2857142857142857,0.0,43597.857142857145,24026.85714285714,11544.0
2019-01-26,8.428571428571429,0.5714285714285714,0.14285714285714285,43606.28571428572,24027.428571428572,11544.142857142857
2019-01-27,8.0,0.7142857142857143,0.14285714285714285,43614.28571428572,24028.14285714286,11544.285714285714
2019-01-28,8.428571428571429,0.8571428571428571,0.14285714285714285,43622.71428571428,24029.0,11544.42857142857
2019-01-29,8.571428571428571,1.0,0.14285714285714285,43631.28571428572,24030.0,11544.57142857143
2019-01-30,8.857142857142858,1.0,0.42857142857142855,43640.142857142855,24031.0,11545.0
2019-01-31,8.857142857142858,1.0,0.42857142857142855,43649.0,24032.0,11545.42857142857
2019-02-01,10.857142857142858,2.142857142857143,1.4285714285714286,43659.857142857145,24034.14285714286,11546.857142857143
2019-02-02,10.285714285714286,2.2857142857142856,1.5714285714285714,43670.142857142855,24036.428571428572,11548.42857142857
2019-02-03,10.857142857142858,2.2857142857142856,1.7142857142857142,43681.0,24038.714285714286,11550.142857142857
2019-02-04,10.714285714285714,2.4285714285714284,1.8571428571428572,43691.71428571428,24041.14285714286,11552.0
2019-02-05,11.428571428571429,2.4285714285714284,1.8571428571428572,43703.142857142855,24043.571428571428,11553.857142857143
2019-02-06,12.857142857142858,2.5714285714285716,2.0,43716.0,24046.14285714286,11555.857142857143
2019-02-07,13.0,2.5714285714285716,2.0,43729.0,24048.714285714286,11557.857142857143
2019-02-08,13.142857142857142,1.8571428571428572,1.1428571428571428,43742.142857142855,24050.571428571428,11559.0
2019-02-09,13.285714285714286,1.5714285714285714,0.8571428571428571,43755.42857142857,24052.14285714286,11559.857142857143
2019-02-10,13.428571428571429,1.7142857142857142,1.0,43768.857142857145,24053.85714285714,11560.857142857143
2019-02-11,13.714285714285714,1.5714285714285714,1.0,43782.57142857143,24055.428571428572,11561.857142857143
2019-02-12,15.0,1.7142857142857142,1.1428571428571428,43797.57142857143,24057.14285714286,11563.0
2019-02-13,13.142857142857142,1.8571428571428572,1.0,43810.71428571428,24059.0,11564.0
2019-02-14,13.0,2.142857142857143,1.2857142857142858,43823.71428571428,24061.14285714286,11565.285714285714
2019-02-15,13.571428571428571,2.2857142857142856,1.4285714285714286,43837.28571428572,24063.428571428572,11566.714285714286
2019-02-16,13.714285714285714,2.142857142857143,1.4285714285714286,43851.0,24065.571428571428,11568.142857142857
2019-02-17,13.714285714285714,2.0,1.2857142857142858,43864.71428571428,24067.571428571428,11569.42857142857
2019-02-18,13.571428571428571,2.5714285714285716,1.5714285714285714,43878.28571428572,24070.14285714286,11571.0
2019-02-19,11.857142857142858,2.5714285714285716,1.5714285714285714,43890.142857142855,24072.714285714286,11572.57142857143
2019-02-20,12.571428571428571,2.5714285714285716,1.7142857142857142,43902.71428571428,24075.285714285714,11574.285714285714
2019-02-21,13.714285714285714,2.4285714285714284,1.5714285714285714,43916.42857142857,24077.714285714286,11575.857142857143
2019-02-22,12.714285714285714,2.5714285714285716,1.8571428571428572,43929.142857142855,24080.285714285714,11577.714285714286
2019-02-23,14.142857142857142,2.7142857142857144,2.0,43943.28571428572,24083.0,11579.714285714286
2019-02-24,14.857142857142858,3.142857142857143,2.0,43958.142857142855,24086.14285714286,11581.714285714286
2019-02-25,15.142857142857142,3.142857142857143,2.2857142857142856,43973.28571428572,24089.285714285714,11584.0
2019-02-26,16.714285714285715,3.2857142857142856,2.4285714285714284,43990.0,24092.571428571428,11586.42857142857
2019-02-27,17.428571428571427,3.7142857142857144,2.857142857142857,44007.42857142857,24096.285714285714,11589.285714285714
2019-02-28,17.285714285714285,3.7142857142857144,2.857142857142857,44024.71428571428,24100.0,11592.142857142857
2019-03-01,16.428571428571427,3.5714285714285716,2.857142857142857,44041.142857142855,24103.571428571428,11595.0
2019-03-02,15.714285714285714,4.0,3.2857142857142856,44056.857142857145,24107.571428571428,11598.285714285714
2019-03-03,16.571428571428573,3.5714285714285716,3.2857142857142856,44073.42857142857,24111.14285714286,11601.57142857143
2019-03-04,16.285714285714285,3.4285714285714284,3.0,44089.71428571428,24114.571428571428,11604.57142857143
2019-03-05,15.428571428571429,3.4285714285714284,3.142857142857143,44105.142857142855,24118.0,11607.714285714286
2019-03-06,15.428571428571429,2.857142857142857,2.5714285714285716,44120.57142857143,24120.85714285714,11610.285714285714
2019-03-07,16.285714285714285,3.4285714285714284,3.142857142857143,44136.857142857145,24124.285714285714,11613.42857142857
2019-03-08,16.285714285714285,3.0,2.7142857142857144,44153.142857142855,24127.285714285714,11616.142857142857
2019-03-09,16.857142857142858,3.2857142857142856,2.857142857142857,44170.0,24130.571428571428,11619.0
2019-03-10,17.714285714285715,3.857142857142857,2.857142857142857,44187.71428571428,24134.428571428572,11621.857142857143
2019-03-11,17.428571428571427,3.7142857142857144,2.857142857142857,44205.142857142855,24138.14285714286,11624.714285714286
2019-03-12,18.428571428571427,4.0,3.142857142857143,44223.57142857143,24142.14285714286,11627.857142857143
2019-03-13,18.142857142857142,4.285714285714286,3.4285714285714284,44241.71428571428,24146.428571428572,11631.285714285714
2019-03-14,18.428571428571427,4.285714285714286,3.142857142857143,44260.142857142855,24150.714285714286,11634.42857142857
2019-03-15,21.285714285714285,5.428571428571429,4.0,44281.42857142857,24156.14285714286,11638.42857142857
2019-03-16,22.857142857142858,6.285714285714286,4.428571428571429,44304.28571428572,24162.428571428572,11642.857142857143
2019-03-17,24.571428571428573,7.285714285714286,6.0,44328.857142857145,24169.714285714286,11648.857142857143
2019-03-18,27.714285714285715,9.142857142857142,7.571428571428571,44356.57142857143,24178.85714285714,11656.42857142857
2019-03-19,29.142857142857142,9.857142857142858,8.0,44385.71428571428,24188.714285714286,11664.42857142857
2019-03-20,30.857142857142858,10.142857142857142,8.285714285714286,44416.57142857143,24198.85714285714,11672.714285714286
2019-03-21,33.285714285714285,11.571428571428571,9.571428571428571,44449.857142857145,24210.428571428572,11682.285714285714
2019-03-22,34.57142857142857,11.571428571428571,9.857142857142858,44484.42857142857,24222.0,11692.142857142857
2019-03-23,35.57142857142857,11.714285714285714,10.428571428571429,44520.0,24233.714285714286,11702.57142857143
2019-03-24,35.714285714285715,12.0,10.142857142857142,44555.71428571428,24245.714285714286,11712.714285714286
2019-03-25,38.42857142857143,11.571428571428571,9.857142857142858,44594.142857142855,24257.285714285714,11722.57142857143
2019-03-26,41.857142857142854,13.142857142857142,11.285714285714286,44636.0,24270.428571428572,11733.857142857143
2019-03-27,43.142857142857146,13.857142857142858,12.142857142857142,44679.142857142855,24284.285714285714,11746.0
2019-03-28,43.57142857142857,14.0,12.714285714285714,44722.71428571428,24298.285714285714,11758.714285714286
2019-03-29,44.57142857142857,14.571428571428571,13.285714285714286,44767.28571428572,24312.85714285714,11772.0
2019-03-30,46.714285714285715,14.142857142857142,13.0,44814.0,24327.0,11785.0
2019-03-31,49.57142857142857,15.0,14.142857142857142,44863.57142857143,24342.0,11799.142857142857
2019-04-01,49.57142857142857,15.0,14.285714285714286,44913.142857142855,24357.0,11813.42857142857
2019-04-02,50.714285714285715,15.571428571428571,15.285714285714286,44963.857142857145,24372.571428571428,11828.714285714286
2019-04-03,56.714285714285715,16.857142857142858,16.571428571428573,45020.57142857143,24389.428571428572,11845.285714285714
2019-04-04,60.714285714285715,17.285714285714285,16.857142857142858,45081.28571428572,24406.714285714286,11862.142857142857
2019-04-05,62.57142857142857,18.285714285714285,17.714285714285715,45143.857142857145,24425.0,11879.857142857143
2019-04-06,62.857142857142854,20.714285714285715,19.714285714285715,45206.71428571428,24445.714285714286,11899.57142857143
2019-04-07,61.857142857142854,20.142857142857142,19.428571428571427,45268.57142857143,24465.85714285714,11919.0
2019-04-08,67.85714285714286,21.714285714285715,20.714285714285715,45336.42857142857,24487.571428571428,11939.714285714286
2019-04-09,68.57142857142857,20.714285714285715,19.571428571428573,45405.0,24508.285714285714,11959.285714285714
2019-04-10,65.0,19.285714285714285,18.142857142857142,45470.0,24527.571428571428,11977.42857142857
2019-04-11,64.42857142857143,20.0,18.857142857142858,45534.42857142857,24547.571428571428,11996.285714285714
2019-04-12,63.285714285714285,20.0,18.857142857142858,45597.71428571428,24567.571428571428,12015.142857142857
2019-04-13,63.714285714285715,19.0,18.142857142857142,45661.42857142857,24586.571428571428,12033.285714285714
2019-04-14,66.0,20.428571428571427,19.142857142857142,45727.42857142857,24607.0,12052.42857142857
2019-04-15,64.57142857142857,20.571428571428573,19.285714285714285,45792.0,24627.571428571428,12071.714285714286
2019-04-16,64.85714285714286,22.571428571428573,20.714285714285715,45856.857142857145,24650.14285714286,12092.42857142857
2019-04-17,69.85714285714286,25.428571428571427,23.285714285714285,45926.71428571428,24675.571428571428,12115.714285714286
2019-04-18,71.0,26.0,23.857142857142858,45997.71428571428,24701.571428571428,12139.57142857143
2019-04-19,76.42857142857143,26.857142857142858,24.428571428571427,46074.142857142855,24728.428571428572,12164.0
2019-04-20,80.85714285714286,29.285714285714285,26.714285714285715,46155.0,24757.714285714286,12190.714285714286
2019-04-21,84.71428571428571,30.142857142857142,27.571428571428573,46239.71428571428,24787.85714285714,12218.285714285714
2019-04-22,86.85714285714286,32.142857142857146,29.142857142857142,46326.57142857143,24820.0,12247.42857142857
2019-04-23,93.14285714285714,33.857142857142854,30.0,46419.71428571428,24853.85714285714,12277.42857142857
2019-04-24,92.42857142857143,35.57142857142857,30.857142857142858,46512.142857142855,24889.428571428572,12308.285714285714
2019-04-25,95.71428571428571,38.142857142857146,30.142857142857142,46607.857142857145,24927.571428571428,12338.42857142857
2019-04-26,94.14285714285714,40.57142857142857,31.0,46702.0,24968.14285714286,12369.42857142857
2019-04-27,92.14285714285714,39.42857142857143,29.0,46794.142857142855,25007.571428571428,12398.42857142857
2019-04-28,87.28571428571429,40.285714285714285,28.857142857142858,46881.42857142857,25047.85714285714,12427.285714285714
2019-04-29,82.42857142857143,39.714285714285715,27.0,46963.857142857145,25087.571428571428,12454.285714285714
2019-04-30,79.0,39.142857142857146,26.285714285714285,47042.857142857145,25126.714285714286,12480.57142857143
2019-05-01,81.71428571428571,38.857142857142854,24.857142857142858,47124.57142857143,25165.571428571428,12505.42857142857
2019-05-02,80.71428571428571,37.0,24.0,47205.28571428572,25202.571428571428,12529.42857142857
2019-05-03,86.42857142857143,36.857142857142854,23.0,47291.71428571428,25239.428571428572,12552.42857142857
2019-05-04,89.28571428571429,38.142857142857146,23.857142857142858,47381.0,25277.571428571428,12576.285714285714
2019-05-05,96.85714285714286,40.142857142857146,23.428571428571427,47477.857142857145,25317.714285714286,12599.714285714286
2019-05-06,104.28571428571429,43.142857142857146,24.714285714285715,47582.142857142855,25360.85714285714,12624.42857142857
2019-05-07,107.0,45.57142857142857,24.142857142857142,47689.142857142855,25406.428571428572,12648.57142857143
2019-05-08,109.57142857142857,48.857142857142854,23.428571428571427,47798.71428571428,25455.285714285714,12672.0
2019-05-09,112.28571428571429,52.57142857142857,25.0,47911.0,25507.85714285714,12697.0
2019-05-10,109.14285714285714,53.142857142857146,24.285714285714285,48020.142857142855,25561.0,12721.285714285714
2019-05-11,107.85714285714286,55.0,22.285714285714285,48128.0,25616.0,12743.57142857143
2019-05-12,106.28571428571429,56.714285714285715,22.571428571428573,48234.28571428572,25672.714285714286,12766.142857142857
2019-05-13,104.28571428571429,57.714285714285715,21.428571428571427,48338.57142857143,25730.428571428572,12787.57142857143
2019-05-14,104.28571428571429,57.57142857142857,20.285714285714285,48442.857142857145,25788.0,12807.857142857143
2019-05-15,100.85714285714286,55.714285714285715,20.142857142857142,48543.71428571428,25843.714285714286,12828.0
2019-05-16,100.14285714285714,55.142857142857146,19.571428571428573,48643.857142857145,25898.85714285714,12847.57142857143
2019-05-17,102.42857142857143,55.857142857142854,20.857142857142858,48746.28571428572,25954.714285714286,12868.42857142857
2019-05-18,105.0,53.714285714285715,21.285714285714285,48851.28571428572,26008.428571428572,12889.714285714286
2019-05-19,104.85714285714286,49.42857142857143,19.714285714285715,48956.142857142855,26057.85714285714,12909.42857142857
2019-05-20,105.28571428571429,47.714285714285715,20.285714285714285,49061.42857142857,26105.571428571428,12929.714285714286
2019-05-21,103.57142857142857,45.42857142857143,20.571428571428573,49165.0,26151.0,12950.285714285714
2019-05-22,102.85714285714286,43.285714285714285,20.428571428571427,49267.857142857145,26194.285714285714,12970.714285714286
2019-05-23,98.28571428571429,40.857142857142854,19.714285714285715,49366.142857142855,26235.14285714286,12990.42857142857
2019-05-24,93.57142857142857,39.57142857142857,17.571428571428573,49459.71428571428,26274.714285714286,13008.0
2019-05-25,89.57142857142857,39.57142857142857,16.571428571428573,49549.28571428572,26314.285714285714,13024.57142857143
2019-05-26,90.28571428571429,42.857142857142854,15.285714285714286,49639.57142857143,26357.14285714286,13039.857142857143
2019-05-27,89.57142857142857,43.714285714285715,12.857142857142858,49729.142857142855,26400.85714285714,13052.714285714286
2019-05-28,88.28571428571429,43.57142857142857,11.142857142857142,49817.42857142857,26444.428571428572,13063.857142857143
2019-05-29,86.0,42.714285714285715,10.0,49903.42857142857,26487.14285714286,13073.857142857143
2019-05-30,84.14285714285714,39.142857142857146,8.428571428571429,49987.57142857143,26526.285714285714,13082.285714285714
2019-05-31,81.71428571428571,34.142857142857146,7.857142857142857,50069.28571428572,26560.428571428572,13090.142857142857
2019-06-01,78.85714285714286,30.714285714285715,7.714285714285714,50148.142857142855,26591.14285714286,13097.857142857143
2019-06-02,76.14285714285714,24.714285714285715,8.714285714285714,50224.28571428572,26615.85714285714,13106.57142857143
2019-06-03,73.57142857142857,18.571428571428573,8.285714285714286,50297.857142857145,26634.428571428572,13114.857142857143
2019-06-04,69.14285714285714,14.571428571428571,8.428571428571429,50367.0,26649.0,13123.285714285714
2019-06-05,68.57142857142857,12.428571428571429,8.428571428571429,50435.57142857143,26661.428571428572,13131.714285714286
2019-06-06,68.85714285714286,11.571428571428571,8.0,50504.42857142857,26673.0,13139.714285714286
2019-06-07,68.57142857142857,11.714285714285714,7.142857142857143,50573.0,26684.714285714286,13146.857142857143
2019-06-08,71.57142857142857,12.714285714285714,7.142857142857143,50644.57142857143,26697.428571428572,13154.0
2019-06-09,69.14285714285714,13.571428571428571,6.285714285714286,50713.71428571428,26711.0,13160.285714285714
2019-06-10,67.85714285714286,13.857142857142858,6.428571428571429,50781.57142857143,26724.85714285714,13166.714285714286
2019-06-11,68.85714285714286,13.857142857142858,6.142857142857143,50850.42857142857,26738.714285714286,13172.857142857143
2019-06-12,71.42857142857143,14.142857142857142,5.285714285714286,50921.857142857145,26752.85714285714,13178.142857142857
2019-06-13,70.28571428571429,14.714285714285714,5.285714285714286,50992.142857142855,26767.571428571428,13183.42857142857
2019-06-14,68.14285714285714,15.857142857142858,5.714285714285714,51060.28571428572,26783.428571428572,13189.142857142857
2019-06-15,64.0,15.0,5.285714285714286,51124.28571428572,26798.428571428572,13194.42857142857
2019-06-16,59.0,13.142857142857142,4.714285714285714,51183.28571428572,26811.571428571428,13199.142857142857
2019-06-17,56.142857142857146,13.142857142857142,4.285714285714286,51239.42857142857,26824.714285714286,13203.42857142857
2019-06-18,51.57142857142857,12.857142857142858,3.857142857142857,51291.0,26837.571428571428,13207.285714285714
2019-06-19,43.42857142857143,11.857142857142858,4.0,51334.42857142857,26849.428571428572,13211.285714285714
2019-06-20,42.285714285714285,13.0,4.428571428571429,51376.71428571428,26862.428571428572,13215.714285714286
2019-06-21,42.42857142857143,12.571428571428571,4.857142857142857,51419.142857142855,26875.0,13220.57142857143
2019-06-22,42.285714285714285,13.0,5.0,51461.42857142857,26888.0,13225.57142857143
2019-06-23,42.857142857142854,13.285714285714286,4.857142857142857,51504.28571428572,26901.285714285714,13230.42857142857
2019-06-24,39.42857142857143,12.0,4.857142857142857,51543.71428571428,26913.285714285714,13235.285714285714
2019-06-25,38.57142857142857,11.857142857142858,4.857142857142857,51582.28571428572,26925.14285714286,13240.142857142857
2019-06-26,40.714285714285715,12.571428571428571,4.714285714285714,51623.0,26937.714285714286,13244.857142857143
2019-06-27,40.0,11.0,4.142857142857143,51663.0,26948.714285714286,13249.0
2019-06-28,39.857142857142854,10.285714285714286,3.5714285714285716,51702.857142857145,26959.0,13252.57142857143
2019-06-29,36.714285714285715,8.857142857142858,3.0,51739.57142857143,26967.85714285714,13255.57142857143
2019-06-30,34.285714285714285,8.857142857142858,3.4285714285714284,51773.857142857145,26976.714285714286,13259.0
2019-07-01,34.857142857142854,9.142857142857142,3.0,51808.71428571428,26985.85714285714,13262.0
2019-07-02,34.714285714285715,9.142857142857142,3.142857142857143,51843.42857142857,26995.0,13265.142857142857
2019-07-03,28.857142857142858,7.571428571428571,3.0,51872.28571428572,27002.571428571428,13268.142857142857
2019-07-04,26.571428571428573,7.571428571428571,3.2857142857142856,51898.857142857145,27010.14285714286,13271.42857142857
2019-07-05,22.428571428571427,7.714285714285714,3.142857142857143,51921.28571428572,27017.85714285714,13274.57142857143
2019-07-06,20.285714285714285,7.142857142857143,3.0,51941.57142857143,27025.0,13277.57142857143
2019-07-07,20.0,7.285714285714286,2.2857142857142856,51961.57142857143,27032.285714285714,13279.857142857143
2019-07-08,17.571428571428573,6.571428571428571,2.2857142857142856,51979.142857142855,27038.85714285714,13282.142857142857
2019-07-09,16.428571428571427,6.0,2.0,51995.57142857143,27044.85714285714,13284.142857142857
2019-07-10,17.714285714285715,6.0,1.7142857142857142,52013.28571428572,27050.85714285714,13285.857142857143
2019-07-11,16.428571428571427,5.142857142857143,1.0,52029.71428571428,27056.0,13286.857142857143
2019-07-12,15.857142857142858,4.714285714285714,0.7142857142857143,52045.57142857143,27060.714285714286,13287.57142857143
2019-07-13,17.0,4.857142857142857,0.7142857142857143,52062.57142857143,27065.571428571428,13288.285714285714
2019-07-14,15.571428571428571,3.857142857142857,0.5714285714285714,52078.142857142855,27069.428571428572,13288.857142857143
2019-07-15,13.571428571428571,3.4285714285714284,0.42857142857142855,52091.71428571428,27072.85714285714,13289.285714285714
2019-07-16,12.428571428571429,3.142857142857143,0.5714285714285714,52104.142857142855,27076.0,13289.857142857143
2019-07-17,12.285714285714286,3.0,0.5714285714285714,52116.42857142857,27079.0,13290.42857142857
2019-07-18,13.0,3.142857142857143,0.5714285714285714,52129.42857142857,27082.14285714286,13291.0
2019-07-19,12.285714285714286,2.857142857142857,1.0,52141.71428571428,27085.0,13292.0
2019-07-20,12.0,2.857142857142857,1.0,52153.71428571428,27087.85714285714,13293.0
2019-07-21,12.428571428571429,2.7142857142857144,1.2857142857142858,52166.142857142855,27090.571428571428,13294.285714285714
2019-07-22,13.0,2.7142857142857144,1.4285714285714286,52179.142857142855,27093.285714285714,13295.714285714286
2019-07-23,12.428571428571429,2.7142857142857144,1.1428571428571428,52191.57142857143,27096.0,13296.857142857143
2019-07-24,12.0,2.7142857142857144,1.0,52203.57142857143,27098.714285714286,13297.857142857143
2019-07-25,10.142857142857142,2.2857142857142856,1.0,52213.71428571428,27101.0,13298.857142857143
2019-07-26,10.285714285714286,2.4285714285714284,0.7142857142857143,52224.0,27103.428571428572,13299.57142857143
2019-07-27,9.285714285714286,2.142857142857143,0.5714285714285714,52233.28571428572,27105.571428571428,13300.142857142857
2019-07-28,8.142857142857142,1.7142857142857142,0.2857142857142857,52241.42857142857,27107.285714285714,13300.42857142857
2019-07-29,7.857142857142857,1.7142857142857142,0.14285714285714285,52249.28571428572,27109.0,13300.57142857143
2019-07-30,9.0,1.5714285714285714,0.2857142857142857,52258.28571428572,27110.571428571428,13300.857142857143
2019-07-31,8.285714285714286,1.1428571428571428,0.2857142857142857,52266.57142857143,27111.714285714286,13301.142857142857
2019-08-01,8.714285714285714,1.2857142857142858,0.2857142857142857,52275.28571428572,27113.0,13301.42857142857
2019-08-02,8.0,0.5714285714285714,0.14285714285714285,52283.28571428572,27113.571428571428,13301.57142857143
2019-08-03,7.857142857142857,0.5714285714285714,0.14285714285714285,52291.142857142855,27114.14285714286,13301.714285714286
2019-08-04,7.714285714285714,0.8571428571428571,0.42857142857142855,52298.857142857145,27115.0,13302.142857142857
2019-08-05,7.571428571428571,0.7142857142857143,0.42857142857142855,52306.42857142857,27115.714285714286,13302.57142857143
2019-08-06,7.285714285714286,0.7142857142857143,0.2857142857142857,52313.71428571428,27116.428571428572,13302.857142857143
2019-08-07,7.428571428571429,0.7142857142857143,0.2857142857142857,52321.142857142855,27117.14285714286,13303.142857142857
2019-08-08,7.0,0.8571428571428571,0.5714285714285714,52328.142857142855,27118.0,13303.714285714286
2019-08-09,7.142857142857143,1.1428571428571428,0.7142857142857143,52335.28571428572,27119.14285714286,13304.42857142857
2019-08-10,7.714285714285714,1.2857142857142858,0.8571428571428571,52343.0,27120.428571428572,13305.285714285714
2019-08-11,8.285714285714286,1.1428571428571428,0.5714285714285714,52351.28571428572,27121.571428571428,13305.857142857143
2019-08-12,8.142857142857142,1.2857142857142858,0.5714285714285714,52359.42857142857,27122.85714285714,13306.42857142857
2019-08-13,7.428571428571429,1.5714285714285714,0.8571428571428571,52366.857142857145,27124.428571428572,13307.285714285714
2019-08-14,7.428571428571429,2.0,1.1428571428571428,52374.28571428572,27126.428571428572,13308.42857142857
2019-08-15,7.714285714285714,2.4285714285714284,1.0,52382.0,27128.85714285714,13309.42857142857
2019-08-16,8.0,2.5714285714285716,0.8571428571428571,52390.0,27131.428571428572,13310.285714285714
2019-08-17,8.142857142857142,3.0,0.7142857142857143,52398.142857142855,27134.428571428572,13311.0
2019-08-18,7.714285714285714,3.0,0.7142857142857143,52405.857142857145,27137.428571428572,13311.714285714286
2019-08-19,8.571428571428571,3.5714285714285716,0.7142857142857143,52414.42857142857,27141.0,13312.42857142857
2019-08-20,9.857142857142858,3.857142857142857,0.42857142857142855,52424.28571428572,27144.85714285714,13312.857142857143
2019-08-21,10.142857142857142,3.857142857142857,0.14285714285714285,52434.42857142857,27148.714285714286,13313.0
2019-08-22,9.571428571428571,3.2857142857142856,0.0,52444.0,27152.0,13313.0
2019-08-23,10.0,3.5714285714285716,0.0,52454.0,27155.571428571428,13313.0
2019-08-24,9.428571428571429,3.142857142857143,0.14285714285714285,52463.42857142857,27158.714285714286,13313.142857142857
2019-08-25,10.285714285714286,3.4285714285714284,0.42857142857142855,52473.71428571428,27162.14285714286,13313.57142857143
2019-08-26,10.571428571428571,3.142857142857143,0.5714285714285714,52484.28571428572,27165.285714285714,13314.142857142857
2019-08-27,10.571428571428571,3.142857142857143,0.8571428571428571,52494.857142857145,27168.428571428572,13315.0
2019-08-28,11.0,3.142857142857143,0.8571428571428571,52505.857142857145,27171.571428571428,13315.857142857143
2019-08-29,11.857142857142858,3.142857142857143,0.8571428571428571,52517.71428571428,27174.714285714286,13316.714285714286
2019-08-30,12.0,3.2857142857142856,1.1428571428571428,52529.71428571428,27178.0,13317.857142857143
2019-08-31,12.0,3.7142857142857144,1.2857142857142858,52541.71428571428,27181.714285714286,13319.142857142857
2019-09-01,11.428571428571429,3.7142857142857144,1.1428571428571428,52553.142857142855,27185.428571428572,13320.285714285714
2019-09-02,11.0,3.857142857142857,1.0,52564.142857142855,27189.285714285714,13321.285714285714
2019-09-03,9.0,3.142857142857143,0.7142857142857143,52573.142857142855,27192.428571428572,13322.0
2019-09-04,9.0,3.142857142857143,0.7142857142857143,52582.142857142855,27195.571428571428,13322.714285714286
2019-09-05,9.0,3.4285714285714284,0.8571428571428571,52591.142857142855,27199.0,13323.57142857143
2019-09-06,9.428571428571429,3.142857142857143,0.7142857142857143,52600.57142857143,27202.14285714286,13324.285714285714
2019-09-07,9.285714285714286,2.7142857142857144,0.42857142857142855,52609.857142857145,27204.85714285714,13324.714285714286
2019-09-08,9.142857142857142,2.7142857142857144,0.2857142857142857,52619.0,27207.571428571428,13325.0
2019-09-09,9.571428571428571,2.142857142857143,0.2857142857142857,52628.57142857143,27209.714285714286,13325.285714285714
2019-09-10,11.428571428571429,3.0,0.42857142857142855,52640.0,27212.714285714286,13325.714285714286
2019-09-11,11.142857142857142,3.2857142857142856,0.8571428571428571,52651.142857142855,27216.0,13326.57142857143
2019-09-12,11.142857142857142,3.142857142857143,0.7142857142857143,52662.28571428572,27219.14285714286,13327.285714285714
2019-09-13,10.285714285714286,2.857142857142857,0.5714285714285714,52672.57142857143,27222.0,13327.857142857143
2019-09-14,10.714285714285714,3.0,0.7142857142857143,52683.28571428572,27225.0,13328.57142857143
2019-09-15,11.142857142857142,3.142857142857143,0.7142857142857143,52694.42857142857,27228.14285714286,13329.285714285714
2019-09-16,10.857142857142858,3.7142857142857144,0.7142857142857143,52705.28571428572,27231.85714285714,13330.0
2019-09-17,10.0,3.2857142857142856,0.5714285714285714,52715.28571428572,27235.14285714286,13330.57142857143
2019-09-18,9.428571428571429,2.857142857142857,0.14285714285714285,52724.71428571428,27238.0,13330.714285714286
2019-09-19,9.428571428571429,3.142857142857143,0.14285714285714285,52734.142857142855,27241.14285714286,13330.857142857143
2019-09-20,9.857142857142858,3.5714285714285716,0.2857142857142857,52744.0,27244.714285714286,13331.142857142857
2019-09-21,9.571428571428571,3.5714285714285716,0.42857142857142855,52753.57142857143,27248.285714285714,13331.57142857143
2019-09-22,10.0,3.2857142857142856,0.42857142857142855,52763.57142857143,27251.571428571428,13332.0
2019-09-23,11.285714285714286,3.4285714285714284,0.42857142857142855,52774.857142857145,27255.0,13332.42857142857
2019-09-24,13.142857142857142,4.0,0.7142857142857143,52788.0,27259.0,13333.142857142857
2019-09-25,13.0,4.0,0.8571428571428571,52801.0,27263.0,13334.0
2019-09-26,13.285714285714286,3.857142857142857,0.8571428571428571,52814.28571428572,27266.85714285714,13334.857142857143
2019-09-27,13.571428571428571,3.7142857142857144,0.7142857142857143,52827.857142857145,27270.571428571428,13335.57142857143
2019-09-28,15.0,5.0,0.8571428571428571,52842.857142857145,27275.571428571428,13336.42857142857
2019-09-29,14.428571428571429,5.428571428571429,1.0,52857.28571428572,27281.0,13337.42857142857
2019-09-30,13.714285714285714,5.285714285714286,1.1428571428571428,52871.0,27286.285714285714,13338.57142857143
2019-10-01,15.428571428571429,5.285714285714286,1.0,52886.42857142857,27291.571428571428,13339.57142857143
2019-10-02,17.142857142857142,5.285714285714286,0.8571428571428571,52903.57142857143,27296.85714285714,13340.42857142857
2019-10-03,18.0,5.714285714285714,0.8571428571428571,52921.57142857143,27302.571428571428,13341.285714285714
2019-10-04,18.142857142857142,5.571428571428571,0.8571428571428571,52939.71428571428,27308.14285714286,13342.142857142857
2019-10-05,17.428571428571427,4.142857142857143,0.42857142857142855,52957.142857142855,27312.285714285714,13342.57142857143
2019-10-06,17.714285714285715,4.428571428571429,0.2857142857142857,52974.857142857145,27316.714285714286,13342.857142857143
2019-10-07,17.428571428571427,4.428571428571429,0.14285714285714285,52992.28571428572,27321.14285714286,13343.0
2019-10-08,14.714285714285714,4.0,0.0,53007.0,27325.14285714286,13343.0
2019-10-09,15.0,4.571428571428571,0.0,53022.0,27329.714285714286,13343.0
2019-10-10,15.0,4.142857142857143,0.0,53037.0,27333.85714285714,13343.0
2019-10-11,15.285714285714286,4.285714285714286,0.14285714285714285,53052.28571428572,27338.14285714286,13343.142857142857
2019-10-12,17.0,4.714285714285714,0.14285714285714285,53069.28571428572,27342.85714285714,13343.285714285714
2019-10-13,17.428571428571427,4.428571428571429,0.14285714285714285,53086.71428571428,27347.285714285714,13343.42857142857
2019-10-14,19.0,4.857142857142857,0.2857142857142857,53105.71428571428,27352.14285714286,13343.714285714286
2019-10-15,20.428571428571427,5.857142857142857,0.5714285714285714,53126.142857142855,27358.0,13344.285714285714
2019-10-16,20.857142857142858,5.714285714285714,0.5714285714285714,53147.0,27363.714285714286,13344.857142857143
2019-10-17,22.0,6.857142857142857,0.5714285714285714,53169.0,27370.571428571428,13345.42857142857
2019-10-18,22.285714285714285,7.285714285714286,0.42857142857142855,53191.28571428572,27377.85714285714,13345.857142857143
2019-10-19,20.428571428571427,7.428571428571429,0.5714285714285714,53211.71428571428,27385.285714285714,13346.42857142857
2019-10-20,23.285714285714285,9.142857142857142,0.7142857142857143,53235.0,27394.428571428572,13347.142857142857
2019-10-21,23.714285714285715,8.857142857142858,0.5714285714285714,53258.71428571428,27403.285714285714,13347.714285714286
2019-10-22,22.714285714285715,8.285714285714286,0.2857142857142857,53281.42857142857,27411.571428571428,13348.0
2019-10-23,23.142857142857142,9.428571428571429,0.42857142857142855,53304.57142857143,27421.0,13348.42857142857
2019-10-24,23.714285714285715,9.571428571428571,0.7142857142857143,53328.28571428572,27430.571428571428,13349.142857142857
2019-10-25,25.142857142857142,9.285714285714286,0.7142857142857143,53353.42857142857,27439.85714285714,13349.857142857143
2019-10-26,25.571428571428573,8.857142857142858,0.5714285714285714,53379.0,27448.714285714286,13350.42857142857
2019-10-27,23.142857142857142,7.0,0.42857142857142855,53402.142857142855,27455.714285714286,13350.857142857143
2019-10-28,22.285714285714285,7.285714285714286,0.42857142857142855,53424.42857142857,27463.0,13351.285714285714
2019-10-29,22.571428571428573,7.285714285714286,0.5714285714285714,53447.0,27470.285714285714,13351.857142857143
2019-10-30,23.285714285714285,6.0,0.42857142857142855,53470.28571428572,27476.285714285714,13352.285714285714
2019-10-31,22.142857142857142,5.142857142857143,0.14285714285714285,53492.42857142857,27481.428571428572,13352.42857142857
2019-11-01,22.0,5.714285714285714,0.14285714285714285,53514.42857142857,27487.14285714286,13352.57142857143
2019-11-02,22.0,5.857142857142857,0.14285714285714285,53536.42857142857,27493.0,13352.714285714286
2019-11-03,21.428571428571427,6.285714285714286,0.14285714285714285,53557.857142857145,27499.285714285714,13352.857142857143
2019-11-04,22.857142857142858,6.428571428571429,0.2857142857142857,53580.71428571428,27505.714285714286,13353.142857142857
2019-11-05,22.714285714285715,6.285714285714286,0.14285714285714285,53603.42857142857,27512.0,13353.285714285714
2019-11-06,20.428571428571427,6.142857142857143,0.14285714285714285,53623.857142857145,27518.14285714286,13353.42857142857
2019-11-07,22.571428571428573,7.142857142857143,0.42857142857142855,53646.42857142857,27525.285714285714,13353.857142857143
2019-11-08,21.285714285714285,6.571428571428571,0.42857142857142855,53667.71428571428,27531.85714285714,13354.285714285714
2019-11-09,24.571428571428573,7.857142857142857,0.5714285714285714,53692.28571428572,27539.714285714286,13354.857142857143
2019-11-10,26.0,8.0,0.7142857142857143,53718.28571428572,27547.714285714286,13355.57142857143
2019-11-11,26.142857142857142,8.285714285714286,0.7142857142857143,53744.42857142857,27556.0,13356.285714285714
2019-11-12,27.0,8.0,0.7142857142857143,53771.42857142857,27564.0,13357.0
2019-11-13,29.285714285714285,8.428571428571429,0.7142857142857143,53800.71428571428,27572.428571428572,13357.714285714286
2019-11-14,27.142857142857142,6.857142857142857,0.42857142857142855,53827.857142857145,27579.285714285714,13358.142857142857
2019-11-15,26.857142857142858,7.0,0.42857142857142855,53854.71428571428,27586.285714285714,13358.57142857143
2019-11-16,23.857142857142858,5.714285714285714,0.42857142857142855,53878.57142857143,27592.0,13359.0
2019-11-17,25.285714285714285,6.285714285714286,0.42857142857142855,53903.857142857145,27598.285714285714,13359.42857142857
2019-11-18,24.428571428571427,6.571428571428571,0.2857142857142857,53928.28571428572,27604.85714285714,13359.714285714286
2019-11-19,26.285714285714285,9.0,0.2857142857142857,53954.57142857143,27613.85714285714,13360.0
2019-11-20,25.285714285714285,9.142857142857142,0.2857142857142857,53979.857142857145,27623.0,13360.285714285714
2019-11-21,25.142857142857142,9.857142857142858,0.5714285714285714,54005.0,27632.85714285714,13360.857142857143
2019-11-22,26.285714285714285,9.857142857142858,0.7142857142857143,54031.28571428572,27642.714285714286,13361.57142857143
2019-11-23,26.571428571428573,10.285714285714286,0.5714285714285714,54057.857142857145,27653.0,13362.142857142857
2019-11-24,24.571428571428573,9.857142857142858,0.5714285714285714,54082.42857142857,27662.85714285714,13362.714285714286
2019-11-25,25.714285714285715,10.142857142857142,0.8571428571428571,54108.142857142855,27673.0,13363.57142857143
2019-11-26,23.285714285714285,8.0,1.0,54131.42857142857,27681.0,13364.57142857143
2019-11-27,24.0,8.285714285714286,1.2857142857142858,54155.42857142857,27689.285714285714,13365.857142857143
2019-11-28,24.571428571428573,8.571428571428571,1.2857142857142858,54180.0,27697.85714285714,13367.142857142857
2019-11-29,23.285714285714285,8.857142857142858,1.1428571428571428,54203.28571428572,27706.714285714286,13368.285714285714
2019-11-30,22.714285714285715,8.571428571428571,1.1428571428571428,54226.0,27715.285714285714,13369.42857142857
2019-12-01,23.428571428571427,8.714285714285714,1.2857142857142858,54249.42857142857,27724.0,13370.714285714286
2019-12-02,22.428571428571427,8.285714285714286,1.2857142857142858,54271.857142857145,27732.285714285714,13372.0
2019-12-03,23.857142857142858,9.0,1.4285714285714286,54295.71428571428,27741.285714285714,13373.42857142857
2019-12-04,22.857142857142858,9.0,2.142857142857143,54318.57142857143,27750.285714285714,13375.57142857143
2019-12-05,23.571428571428573,8.857142857142858,2.0,54342.142857142855,27759.14285714286,13377.57142857143
2019-12-06,24.428571428571427,9.0,2.4285714285714284,54366.57142857143,27768.14285714286,13380.0
2019-12-07,24.714285714285715,9.571428571428571,2.4285714285714284,54391.28571428572,27777.714285714286,13382.42857142857
2019-12-08,23.428571428571427,9.0,2.142857142857143,54414.71428571428,27786.714285714286,13384.57142857143
2019-12-09,23.0,9.0,2.2857142857142856,54437.71428571428,27795.714285714286,13386.857142857143
2019-12-10,23.285714285714285,9.142857142857142,2.142857142857143,54461.0,27804.85714285714,13389.0
2019-12-11,24.0,9.857142857142858,1.4285714285714286,54485.0,27814.714285714286,13390.42857142857
2019-12-12,23.571428571428573,10.285714285714286,1.5714285714285714,54508.57142857143,27825.0,13392.0
2019-12-13,25.428571428571427,11.428571428571429,2.2857142857142856,54534.0,27836.428571428572,13394.285714285714
2019-12-14,26.0,11.714285714285714,2.7142857142857144,54560.0,27848.14285714286,13397.0
2019-12-15,25.857142857142858,11.714285714285714,2.857142857142857,54585.857142857145,27859.85714285714,13399.857142857143
2019-12-16,25.571428571428573,12.0,2.857142857142857,54611.42857142857,27871.85714285714,13402.714285714286
2019-12-17,25.285714285714285,12.428571428571429,2.857142857142857,54636.71428571428,27884.285714285714,13405.57142857143
2019-12-18,24.0,12.0,3.142857142857143,54660.71428571428,27896.285714285714,13408.714285714286
2019-12-19,24.0,11.857142857142858,3.0,54684.71428571428,27908.14285714286,13411.714285714286
2019-12-20,21.857142857142858,10.285714285714286,2.0,54706.57142857143,27918.428571428572,13413.714285714286
2019-12-21,22.0,9.857142857142858,2.0,54728.57142857143,27928.285714285714,13415.714285714286
2019-12-22,21.571428571428573,9.714285714285714,1.8571428571428572,54750.142857142855,27938.0,13417.57142857143
2019-12-23,21.428571428571427,8.857142857142858,1.5714285714285714,54771.57142857143,27946.85714285714,13419.142857142857
2019-12-24,19.142857142857142,7.714285714285714,1.5714285714285714,54790.71428571428,27954.571428571428,13420.714285714286
2019-12-25,19.857142857142858,7.142857142857143,1.1428571428571428,54810.57142857143,27961.714285714286,13421.857142857143
2019-12-26,20.0,7.714285714285714,1.1428571428571428,54830.57142857143,27969.428571428572,13423.0
2019-12-27,22.571428571428573,9.428571428571429,1.2857142857142858,54853.142857142855,27978.85714285714,13424.285714285714
2019-12-28,22.714285714285715,9.285714285714286,1.0,54875.857142857145,27988.14285714286,13425.285714285714
2019-12-29,23.571428571428573,9.857142857142858,1.2857142857142858,54899.42857142857,27998.0,13426.57142857143
2019-12-30,23.285714285714285,10.714285714285714,1.5714285714285714,54922.71428571428,28008.714285714286,13428.142857142857
2019-12-31,23.142857142857142,11.142857142857142,2.0,54945.857142857145,28019.85714285714,13430.142857142857
2020-01-01,24.428571428571427,12.285714285714286,2.7142857142857144,54970.28571428572,28032.14285714286,13432.857142857143
2020-01-02,26.142857142857142,12.714285714285714,2.857142857142857,54996.42857142857,28044.85714285714,13435.714285714286
2020-01-03,25.285714285714285,12.714285714285714,2.857142857142857,55021.71428571428,28057.571428571428,13438.57142857143
2020-01-04,27.142857142857142,14.714285714285714,3.142857142857143,55048.857142857145,28072.285714285714,13441.714285714286
2020-01-05,30.714285714285715,17.0,3.5714285714285716,55079.57142857143,28089.285714285714,13445.285714285714
2020-01-06,33.142857142857146,18.857142857142858,3.4285714285714284,55112.71428571428,28108.14285714286,13448.714285714286
2020-01-07,35.57142857142857,19.571428571428573,3.0,55148.28571428572,28127.714285714286,13451.714285714286
2020-01-08,37.57142857142857,21.428571428571427,3.142857142857143,55185.857142857145,28149.14285714286,13454.857142857143
2020-01-09,35.42857142857143,21.0,3.4285714285714284,55221.28571428572,28170.14285714286,13458.285714285714
2020-01-10,37.285714285714285,22.571428571428573,3.7142857142857144,55258.57142857143,28192.714285714286,13462.0
2020-01-11,36.285714285714285,22.428571428571427,3.5714285714285716,55294.857142857145,28215.14285714286,13465.57142857143
2020-01-12,36.0,23.142857142857142,3.4285714285714284,55330.857142857145,28238.285714285714,13469.0
2020-01-13,35.714285714285715,22.857142857142858,3.4285714285714284,55366.57142857143,28261.14285714286,13472.42857142857
2020-01-14,39.714285714285715,26.428571428571427,4.142857142857143,55406.28571428572,28287.571428571428,13476.57142857143
2020-01-15,39.42857142857143,26.285714285714285,3.857142857142857,55445.71428571428,28313.85714285714,13480.42857142857
2020-01-16,42.142857142857146,27.571428571428573,4.0,55487.857142857145,28341.428571428572,13484.42857142857
2020-01-17,41.0,27.0,4.0,55528.857142857145,28368.428571428572,13488.42857142857
2020-01-18,46.42857142857143,30.142857142857142,4.571428571428571,55575.28571428572,28398.571428571428,13493.0
2020-01-19,48.714285714285715,31.285714285714285,5.714285714285714,55624.0,28429.85714285714,13498.714285714286
2020-01-20,52.57142857142857,33.42857142857143,5.571428571428571,55676.57142857143,28463.285714285714,13504.285714285714
2020-01-21,53.714285714285715,35.285714285714285,6.714285714285714,55730.28571428572,28498.571428571428,13511.0
2020-01-22,59.42857142857143,40.714285714285715,7.428571428571429,55789.71428571428,28539.285714285714,13518.42857142857
2020-01-23,62.857142857142854,44.857142857142854,8.142857142857142,55852.57142857143,28584.14285714286,13526.57142857143
2020-01-24,70.28571428571429,50.42857142857143,8.857142857142858,55922.857142857145,28634.571428571428,13535.42857142857
2020-01-25,72.0,52.714285714285715,9.0,55994.857142857145,28687.285714285714,13544.42857142857
2020-01-26,78.57142857142857,59.0,8.142857142857142,56073.42857142857,28746.285714285714,13552.57142857143
2020-01-27,82.85714285714286,64.28571428571429,9.428571428571429,56156.28571428572,28810.571428571428,13562.0
2020-01-28,89.28571428571429,69.71428571428571,7.428571428571429,56245.57142857143,28880.285714285714,13569.42857142857
2020-01-29,88.28571428571429,68.0,6.428571428571429,56333.857142857145,28948.285714285714,13575.857142857143
2020-01-30,91.42857142857143,71.0,6.571428571428571,56425.28571428572,29019.285714285714,13582.42857142857
2020-01-31,90.85714285714286,70.14285714285714,6.857142857142857,56516.142857142855,29089.428571428572,13589.285714285714
2020-02-01,101.71428571428571,80.71428571428571,8.142857142857142,56617.857142857145,29170.14285714286,13597.42857142857
2020-02-02,103.42857142857143,82.85714285714286,9.857142857142858,56721.28571428572,29253.0,13607.285714285714
2020-02-03,112.57142857142857,91.85714285714286,10.285714285714286,56833.857142857145,29344.85714285714,13617.57142857143
2020-02-04,113.71428571428571,93.42857142857143,11.571428571428571,56947.57142857143,29438.285714285714,13629.142857142857
2020-02-05,123.71428571428571,104.42857142857143,13.0,57071.28571428572,29542.714285714286,13642.142857142857
2020-02-06,130.42857142857142,110.71428571428571,13.428571428571429,57201.71428571428,29653.428571428572,13655.57142857143
2020-02-07,143.42857142857142,124.71428571428571,13.857142857142858,57345.142857142855,29778.14285714286,13669.42857142857
2020-02-08,141.42857142857142,124.42857142857143,13.428571428571429,57486.57142857143,29902.571428571428,13682.857142857143
2020-02-09,155.42857142857142,137.57142857142858,12.0,57642.0,30040.14285714286,13694.857142857143
2020-02-10,171.0,152.28571428571428,13.857142857142858,57813.0,30192.428571428572,13708.714285714286
2020-02-11,190.57142857142858,169.71428571428572,15.0,58003.57142857143,30362.14285714286,13723.714285714286
2020-02-12,199.71428571428572,177.57142857142858,15.571428571428571,58203.28571428572,30539.714285714286,13739.285714285714
2020-02-13,214.71428571428572,192.0,15.714285714285714,58418.0,30731.714285714286,13755.0
2020-02-14,223.85714285714286,199.71428571428572,16.0,58641.857142857145,30931.428571428572,13771.0
2020-02-15,238.85714285714286,214.28571428571428,16.571428571428573,58880.71428571428,31145.714285714286,13787.57142857143
2020-02-16,241.28571428571428,217.42857142857142,17.428571428571427,59122.0,31363.14285714286,13805.0
2020-02-17,251.42857142857142,227.28571428571428,16.285714285714285,59373.42857142857,31590.428571428572,13821.285714285714
2020-02-18,251.71428571428572,229.57142857142858,15.142857142857142,59625.142857142855,31820.0,13836.42857142857
2020-02-19,268.0,245.57142857142858,14.857142857142858,59893.142857142855,32065.571428571428,13851.285714285714
2020-02-20,271.0,248.42857142857142,13.857142857142858,60164.142857142855,32314.0,13865.142857142857
2020-02-21,280.14285714285717,257.42857142857144,13.714285714285714,60444.28571428572,32571.428571428572,13878.857142857143
2020-02-22,276.85714285714283,254.85714285714286,12.571428571428571,60721.142857142855,32826.28571428572,13891.42857142857
2020-02-23,296.85714285714283,275.7142857142857,12.571428571428571,61018.0,33102.0,13904.0
2020-02-24,294.14285714285717,274.14285714285717,12.142857142857142,61312.142857142855,33376.142857142855,13916.142857142857
2020-02-25,305.0,285.57142857142856,12.428571428571429,61617.142857142855,33661.71428571428,13928.57142857143
2020-02-26,316.7142857142857,297.85714285714283,12.285714285714286,61933.857142857145,33959.57142857143,13940.857142857143
2020-02-27,333.42857142857144,316.0,13.285714285714286,62267.28571428572,34275.57142857143,13954.142857142857
2020-02-28,351.2857142857143,335.57142857142856,13.142857142857142,62618.57142857143,34611.142857142855,13967.285714285714
2020-02-29,368.7142857142857,353.42857142857144,15.285714285714286,62987.28571428572,34964.57142857143,13982.57142857143
2020-03-01,378.57142857142856,362.57142857142856,14.428571428571429,63365.857142857145,35327.142857142855,13997.0
2020-03-02,400.57142857142856,384.57142857142856,13.857142857142858,63766.42857142857,35711.71428571428,14010.857142857143
2020-03-03,413.85714285714283,398.42857142857144,13.857142857142858,64180.28571428572,36110.142857142855,14024.714285714286
2020-03-04,412.2857142857143,398.85714285714283,13.571428571428571,64592.57142857143,36509.0,14038.285714285714
2020-03-05,416.7142857142857,401.2857142857143,11.714285714285714,65009.28571428572,36910.28571428572,14050.0
2020-03-06,413.85714285714283,398.57142857142856,10.428571428571429,65423.142857142855,37308.857142857145,14060.42857142857
2020-03-07,411.57142857142856,395.42857142857144,7.714285714285714,65834.71428571429,37704.28571428572,14068.142857142857
2020-03-08,402.85714285714283,388.2857142857143,7.857142857142857,66237.57142857143,38092.57142857143,14076.0
2020-03-09,401.0,387.2857142857143,7.285714285714286,66638.57142857143,38479.857142857145,14083.285714285714
2020-03-10,400.2857142857143,385.85714285714283,6.714285714285714,67038.85714285714,38865.71428571428,14090.0
2020-03-11,395.14285714285717,380.42857142857144,5.714285714285714,67434.0,39246.142857142855,14095.714285714286
2020-03-12,386.7142857142857,374.14285714285717,6.714285714285714,67820.71428571429,39620.28571428572,14102.42857142857
2020-03-13,373.7142857142857,362.42857142857144,6.857142857142857,68194.42857142857,39982.71428571428,14109.285714285714
2020-03-14,372.7142857142857,361.14285714285717,6.857142857142857,68567.14285714286,40343.857142857145,14116.142857142857
2020-03-15,364.0,352.85714285714283,6.428571428571429,68931.14285714286,40696.71428571428,14122.57142857143
2020-03-16,349.57142857142856,339.0,6.142857142857143,69280.71428571429,41035.71428571428,14128.714285714286
2020-03-17,330.2857142857143,321.57142857142856,5.285714285714286,69611.0,41357.28571428572,14134.0
2020-03-18,309.57142857142856,302.0,5.0,69920.57142857143,41659.28571428572,14139.0
2020-03-19,291.14285714285717,285.14285714285717,4.571428571428571,70211.71428571429,41944.42857142857,14143.57142857143
2020-03-20,279.0,273.42857142857144,4.285714285714286,70490.71428571429,42217.857142857145,14147.857142857143
2020-03-21,258.85714285714283,255.0,4.285714285714286,70749.57142857143,42472.857142857145,14152.142857142857
2020-03-22,245.28571428571428,241.71428571428572,4.428571428571429,70994.85714285714,42714.57142857143,14156.57142857143
2020-03-23,222.14285714285714,218.57142857142858,4.285714285714286,71217.0,42933.142857142855,14160.857142857143
2020-03-24,206.42857142857142,202.71428571428572,5.142857142857143,71423.42857142857,43135.857142857145,14166.0
2020-03-25,204.0,200.71428571428572,5.0,71627.42857142857,43336.57142857143,14171.0
2020-03-26,200.14285714285714,196.71428571428572,4.571428571428571,71827.57142857143,43533.28571428572,14175.57142857143
2020-03-27,196.42857142857142,193.0,5.0,72024.0,43726.28571428572,14180.57142857143
2020-03-28,201.57142857142858,197.14285714285714,5.571428571428571,72225.57142857143,43923.42857142857,14186.142857142857
2020-03-29,202.71428571428572,198.28571428571428,5.428571428571429,72428.28571428571,44121.71428571428,14191.57142857143
2020-03-30,206.14285714285714,201.42857142857142,5.571428571428571,72634.42857142857,44323.142857142855,14197.142857142857
2020-03-31,202.85714285714286,197.85714285714286,4.857142857142857,72837.28571428571,44521.0,14202.0
2020-04-01,202.57142857142858,196.57142857142858,5.571428571428571,73039.85714285714,44717.57142857143,14207.57142857143
2020-04-02,194.57142857142858,188.42857142857142,5.857142857142857,73234.42857142857,44906.0,14213.42857142857
2020-04-03,186.71428571428572,180.0,5.428571428571429,73421.14285714286,45086.0,14218.857142857143
2020-04-04,178.14285714285714,172.28571428571428,5.142857142857143,73599.28571428571,45258.28571428572,14224.0
2020-04-05,171.71428571428572,165.14285714285714,5.285714285714286,73771.0,45423.42857142857,14229.285714285714
2020-04-06,162.42857142857142,156.71428571428572,5.714285714285714,73933.42857142857,45580.142857142855,14235.0
2020-04-07,155.42857142857142,149.85714285714286,5.571428571428571,74088.85714285714,45730.0,14240.57142857143
2020-04-08,147.0,141.71428571428572,5.571428571428571,74235.85714285714,45871.71428571428,14246.142857142857
2020-04-09,141.71428571428572,136.57142857142858,5.428571428571429,74377.57142857143,46008.28571428572,14251.57142857143
2020-04-10,137.14285714285714,131.0,6.0,74514.71428571429,46139.28571428572,14257.57142857143
2020-04-11,131.14285714285714,125.0,5.571428571428571,74645.85714285714,46264.28571428572,14263.142857142857
2020-04-12,119.14285714285714,113.14285714285714,4.714285714285714,74765.0,46377.42857142857,14267.857142857143
2020-04-13,114.14285714285714,107.57142857142857,4.285714285714286,74879.14285714286,46485.0,14272.142857142857
2020-04-14,110.42857142857143,103.14285714285714,4.571428571428571,74989.57142857143,46588.142857142855,14276.714285714286
2020-04-15,101.42857142857143,92.57142857142857,4.142857142857143,75091.0,46680.71428571428,14280.857142857143
2020-04-16,98.57142857142857,87.85714285714286,3.7142857142857144,75189.57142857143,46768.57142857143,14284.57142857143
2020-04-17,96.14285714285714,83.0,3.4285714285714284,75285.71428571429,46851.57142857143,14288.0
2020-04-18,92.14285714285714,73.57142857142857,3.857142857142857,75377.85714285714,46925.142857142855,14291.857142857143
2020-04-19,93.14285714285714,65.14285714285714,4.0,75471.0,46990.28571428572,14295.857142857143
2020-04-20,87.85714285714286,53.285714285714285,3.5714285714285716,75558.85714285714,47043.57142857143,14299.42857142857
2020-04-21,87.42857142857143,46.142857142857146,3.142857142857143,75646.28571428571,47089.71428571428,14302.57142857143
2020-04-22,87.14285714285714,41.714285714285715,2.7142857142857144,75733.42857142857,47131.42857142857,14305.285714285714
2020-04-23,88.57142857142857,36.0,3.142857142857143,75822.0,47167.42857142857,14308.42857142857
2020-04-24,87.71428571428571,30.0,3.142857142857143,75909.71428571429,47197.42857142857,14311.57142857143
2020-04-25,86.14285714285714,26.0,2.7142857142857144,75995.85714285714,47223.42857142857,14314.285714285714
2020-04-26,83.71428571428571,23.714285714285715,3.2857142857142856,76079.57142857143,47247.142857142855,14317.57142857143
2020-04-27,87.0,23.142857142857142,4.142857142857143,76166.57142857143,47270.28571428572,14321.714285714286
2020-04-28,85.71428571428571,22.428571428571427,5.0,76252.28571428571,47292.71428571428,14326.714285714286
2020-04-29,84.71428571428571,20.142857142857142,5.285714285714286,76337.0,47312.857142857145,14332.0
2020-04-30,81.0,20.142857142857142,5.857142857142857,76418.0,47333.0,14337.857142857143
2020-05-01,79.71428571428571,18.571428571428573,5.714285714285714,76497.71428571429,47351.57142857143,14343.57142857143
2020-05-02,79.42857142857143,19.0,6.285714285714286,76577.14285714286,47370.57142857143,14349.857142857143
2020-05-03,76.28571428571429,17.714285714285715,6.0,76653.42857142857,47388.28571428572,14355.857142857143
2020-05-04,73.14285714285714,17.571428571428573,6.285714285714286,76726.57142857143,47405.857142857145,14362.142857142857
2020-05-05,71.71428571428571,17.142857142857142,6.0,76798.28571428571,47423.0,14368.142857142857
2020-05-06,70.85714285714286,17.285714285714285,6.142857142857143,76869.14285714286,47440.28571428572,14374.285714285714
2020-05-07,68.57142857142857,15.714285714285714,5.714285714285714,76937.71428571429,47456.0,14380.0
2020-05-08,64.71428571428571,15.142857142857142,5.714285714285714,77002.42857142857,47471.142857142855,14385.714285714286
2020-05-09,61.142857142857146,13.0,5.0,77063.57142857143,47484.142857142855,14390.714285714286
2020-05-10,59.714285714285715,12.142857142857142,4.571428571428571,77123.28571428571,47496.28571428572,14395.285714285714
2020-05-11,55.285714285714285,10.0,3.2857142857142856,77178.57142857143,47506.28571428572,14398.57142857143
2020-05-12,51.57142857142857,9.142857142857142,3.2857142857142856,77230.14285714286,47515.42857142857,14401.857142857143
2020-05-13,47.142857142857146,8.571428571428571,2.857142857142857,77277.28571428571,47524.0,14404.714285714286
2020-05-14,45.42857142857143,7.857142857142857,2.4285714285714284,77322.71428571429,47531.857142857145,14407.142857142857
2020-05-15,43.285714285714285,7.571428571428571,1.7142857142857142,77366.0,47539.42857142857,14408.857142857143
2020-05-16,40.857142857142854,8.285714285714286,2.0,77406.85714285714,47547.71428571428,14410.857142857143
2020-05-17,38.57142857142857,8.714285714285714,1.8571428571428572,77445.42857142857,47556.42857142857,14412.714285714286
2020-05-18,36.714285714285715,8.857142857142858,1.7142857142857142,77482.14285714286,47565.28571428572,14414.42857142857
2020-05-19,35.57142857142857,8.571428571428571,1.1428571428571428,77517.71428571429,47573.857142857145,14415.57142857143
2020-05-20,36.142857142857146,8.142857142857142,1.0,77553.85714285714,47582.0,14416.57142857143
2020-05-21,34.285714285714285,8.0,1.1428571428571428,77588.14285714286,47590.0,14417.714285714286
2020-05-22,30.714285714285715,7.428571428571429,1.2857142857142858,77618.85714285714,47597.42857142857,14419.0
2020-05-23,29.0,6.571428571428571,0.8571428571428571,77647.85714285714,47604.0,14419.857142857143
2020-05-24,24.714285714285715,5.571428571428571,0.8571428571428571,77672.57142857143,47609.57142857143,14420.714285714286
2020-05-25,22.285714285714285,5.0,1.0,77694.85714285714,47614.57142857143,14421.714285714286
2020-05-26,22.142857142857142,5.285714285714286,1.0,77717.0,47619.857142857145,14422.714285714286
2020-05-27,21.0,5.428571428571429,1.0,77738.0,47625.28571428572,14423.714285714286
2020-05-28,20.571428571428573,4.571428571428571,0.5714285714285714,77758.57142857143,47629.857142857145,14424.285714285714
2020-05-29,21.428571428571427,4.571428571428571,0.42857142857142855,77780.0,47634.42857142857,14424.714285714286
2020-05-30,20.571428571428573,4.0,0.14285714285714285,77800.57142857143,47638.42857142857,14424.857142857143
2020-05-31,20.0,4.428571428571429,0.2857142857142857,77820.57142857143,47642.857142857145,14425.142857142857
2020-06-01,20.0,4.285714285714286,0.14285714285714285,77840.57142857143,47647.142857142855,14425.285714285714
2020-06-02,18.428571428571427,3.857142857142857,0.14285714285714285,77859.0,47651.0,14425.42857142857
2020-06-03,17.142857142857142,4.0,0.14285714285714285,77876.14285714286,47655.0,14425.57142857143
2020-06-04,15.857142857142858,4.0,0.14285714285714285,77892.0,47659.0,14425.714285714286
2020-06-05,14.285714285714286,3.142857142857143,0.14285714285714285,77906.28571428571,47662.142857142855,14425.857142857143
2020-06-06,13.857142857142858,3.142857142857143,0.14285714285714285,77920.14285714286,47665.28571428572,14426.0
2020-06-07,14.285714285714286,2.7142857142857144,0.14285714285714285,77934.42857142857,47668.0,14426.142857142857
2020-06-08,14.285714285714286,3.0,0.14285714285714285,77948.71428571429,47671.0,14426.285714285714
2020-06-09,14.571428571428571,3.7142857142857144,0.14285714285714285,77963.28571428571,47674.71428571428,14426.42857142857
2020-06-10,14.714285714285714,3.4285714285714284,0.2857142857142857,77978.0,47678.142857142855,14426.714285714286
2020-06-11,15.142857142857142,3.857142857142857,0.42857142857142855,77993.14285714286,47682.0,14427.142857142857
2020-06-12,15.142857142857142,4.142857142857143,0.5714285714285714,78008.28571428571,47686.142857142855,14427.714285714286
2020-06-13,15.571428571428571,4.285714285714286,0.5714285714285714,78023.85714285714,47690.42857142857,14428.285714285714
2020-06-14,16.857142857142858,4.428571428571429,0.5714285714285714,78040.71428571429,47694.857142857145,14428.857142857143
2020-06-15,18.142857142857142,4.142857142857143,0.5714285714285714,78058.85714285714,47699.0,14429.42857142857
2020-06-16,19.0,3.5714285714285716,0.7142857142857143,78077.85714285714,47702.57142857143,14430.142857142857
2020-06-17,20.571428571428573,4.0,0.7142857142857143,78098.42857142857,47706.57142857143,14430.857142857143
2020-06-18,21.142857142857142,3.857142857142857,0.8571428571428571,78119.57142857143,47710.42857142857,14431.714285714286
2020-06-19,22.714285714285715,4.285714285714286,0.7142857142857143,78142.28571428571,47714.71428571428,14432.42857142857
2020-06-20,24.285714285714285,4.714285714285714,0.8571428571428571,78166.57142857143,47719.42857142857,14433.285714285714
2020-06-21,23.571428571428573,5.285714285714286,0.7142857142857143,78190.14285714286,47724.71428571428,14434.0
2020-06-22,22.857142857142858,5.571428571428571,0.8571428571428571,78213.0,47730.28571428572,14434.857142857143
2020-06-23,22.571428571428573,5.714285714285714,0.7142857142857143,78235.57142857143,47736.0,14435.57142857143
2020-06-24,20.571428571428573,5.142857142857143,0.7142857142857143,78256.14285714286,47741.142857142855,14436.285714285714
2020-06-25,19.285714285714285,4.571428571428571,0.42857142857142855,78275.42857142857,47745.71428571428,14436.714285714286
2020-06-26,17.857142857142858,4.428571428571429,0.5714285714285714,78293.28571428571,47750.142857142855,14437.285714285714
2020-06-27,15.714285714285714,4.0,0.42857142857142855,78309.0,47754.142857142855,14437.714285714286
2020-06-28,15.0,3.5714285714285716,0.42857142857142855,78324.0,47757.71428571428,14438.142857142857
2020-06-29,11.714285714285714,2.5714285714285716,0.2857142857142857,78335.71428571429,47760.28571428572,14438.42857142857
2020-06-30,9.857142857142858,2.4285714285714284,0.5714285714285714,78345.57142857143,47762.71428571428,14439.0
2020-07-01,8.857142857142858,2.142857142857143,0.5714285714285714,78354.42857142857,47764.857142857145,14439.57142857143
2020-07-02,8.142857142857142,2.142857142857143,0.5714285714285714,78362.57142857143,47767.0,14440.142857142857
2020-07-03,6.857142857142857,2.2857142857142856,0.42857142857142855,78369.42857142857,47769.28571428572,14440.57142857143
2020-07-04,7.142857142857143,2.7142857142857144,0.42857142857142855,78376.57142857143,47772.0,14441.0
2020-07-05,7.0,2.4285714285714284,0.42857142857142855,78383.57142857143,47774.42857142857,14441.42857142857
2020-07-06,7.857142857142857,2.857142857142857,0.42857142857142855,78391.42857142857,47777.28571428572,14441.857142857143
2020-07-07,8.571428571428571,2.857142857142857,0.14285714285714285,78400.0,47780.142857142855,14442.0
2020-07-08,8.857142857142858,3.2857142857142856,0.0,78408.85714285714,47783.42857142857,14442.0
2020-07-09,9.0,3.142857142857143,0.0,78417.85714285714,47786.57142857143,14442.0
2020-07-10,9.571428571428571,2.857142857142857,0.0,78427.42857142857,47789.42857142857,14442.0
2020-07-11,8.714285714285714,2.4285714285714284,0.0,78436.14285714286,47791.857142857145,14442.0
2020-07-12,8.857142857142858,2.7142857142857144,0.0,78445.0,47794.57142857143,14442.0
2020-07-13,9.142857142857142,2.5714285714285716,0.14285714285714285,78454.14285714286,47797.142857142855,14442.142857142857
2020-07-14,8.571428571428571,2.2857142857142856,0.2857142857142857,78462.71428571429,47799.42857142857,14442.42857142857
2020-07-15,8.285714285714286,1.8571428571428572,0.2857142857142857,78471.0,47801.28571428572,14442.714285714286
2020-07-16,8.285714285714286,2.0,0.2857142857142857,78479.28571428571,47803.28571428572,14443.0
2020-07-17,9.0,1.7142857142857142,0.2857142857142857,78488.28571428571,47805.0,14443.285714285714
2020-07-18,8.857142857142858,1.8571428571428572,0.2857142857142857,78497.14285714286,47806.857142857145,14443.57142857143
2020-07-19,8.857142857142858,1.5714285714285714,0.2857142857142857,78506.0,47808.42857142857,14443.857142857143
2020-07-20,9.857142857142858,1.8571428571428572,0.14285714285714285,78515.85714285714,47810.28571428572,14444.0
2020-07-21,9.571428571428571,1.7142857142857142,0.0,78525.42857142857,47812.0,14444.0
2020-07-22,9.714285714285714,1.8571428571428572,0.0,78535.14285714286,47813.857142857145,14444.0
2020-07-23,9.714285714285714,1.7142857142857142,0.0,78544.85714285714,47815.57142857143,14444.0
2020-07-24,9.0,2.142857142857143,0.0,78553.85714285714,47817.71428571428,14444.0
2020-07-25,8.571428571428571,1.7142857142857142,0.0,78562.42857142857,47819.42857142857,14444.0
2020-07-26,8.0,2.142857142857143,0.0,78570.42857142857,47821.57142857143,14444.0
2020-07-27,6.571428571428571,2.0,0.0,78577.0,47823.57142857143,14444.0
2020-07-28,8.428571428571429,3.0,0.0,78585.42857142857,47826.57142857143,14444.0
2020-07-29,8.428571428571429,3.142857142857143,0.0,78593.85714285714,47829.71428571428,14444.0
2020-07-30,9.0,3.4285714285714284,0.0,78602.85714285714,47833.142857142855,14444.0
2020-07-31,8.428571428571429,3.2857142857142856,0.0,78611.28571428571,47836.42857142857,14444.0
2020-08-01,10.0,3.5714285714285716,0.0,78621.28571428571,47840.0,14444.0
2020-08-02,10.285714285714286,3.4285714285714284,0.0,78631.57142857143,47843.42857142857,14444.0
2020-08-03,10.142857142857142,3.0,0.0,78641.71428571429,47846.42857142857,14444.0
2020-08-04,9.285714285714286,2.0,0.0,78651.0,47848.42857142857,14444.0
2020-08-05,10.142857142857142,2.0,0.0,78661.14285714286,47850.42857142857,14444.0
2020-08-06,9.571428571428571,1.8571428571428572,0.0,78670.71428571429,47852.28571428572,14444.0
2020-08-07,10.285714285714286,2.0,0.0,78681.0,47854.28571428572,14444.0
2020-08-08,9.428571428571429,2.0,0.0,78690.42857142857,47856.28571428572,14444.0
2020-08-09,9.142857142857142,1.5714285714285714,0.0,78699.57142857143,47857.857142857145,14444.0
2020-08-10,9.571428571428571,1.8571428571428572,0.0,78709.14285714286,47859.71428571428,14444.0
2020-08-11,8.714285714285714,1.8571428571428572,0.0,78717.85714285714,47861.57142857143,14444.0
2020-08-12,8.285714285714286,1.5714285714285714,0.0,78726.14285714286,47863.142857142855,14444.0
2020-08-13,8.285714285714286,1.5714285714285714,0.0,78734.42857142857,47864.71428571428,14444.0
2020-08-14,7.714285714285714,1.0,0.0,78742.14285714286,47865.71428571428,14444.0
2020-08-15,7.714285714285714,1.0,0.0,78749.85714285714,47866.71428571428,14444.0
2020-08-16,7.428571428571429,1.2857142857142858,0.0,78757.28571428571,47868.0,14444.0
2020-08-17,7.857142857142857,1.4285714285714286,0.0,78765.14285714286,47869.42857142857,14444.0
2020-08-18,7.857142857142857,1.5714285714285714,0.0,78773.0,47871.0,14444.0
2020-08-19,8.0,1.4285714285714286,0.0,78781.0,47872.42857142857,14444.0
2020-08-20,7.714285714285714,1.2857142857142858,0.0,78788.71428571429,47873.71428571428,14444.0
2020-08-21,7.714285714285714,1.4285714285714286,0.0,78796.42857142857,47875.142857142855,14444.0
2020-08-22,7.428571428571429,1.2857142857142858,0.0,78803.85714285714,47876.42857142857,14444.0
2020-08-23,8.0,1.2857142857142858,0.0,78811.85714285714,47877.71428571428,14444.0
2020-08-24,8.0,1.2857142857142858,0.0,78819.85714285714,47879.0,14444.0
2020-08-25,9.142857142857142,1.0,0.0,78829.0,47880.0,14444.0
2020-08-26,8.571428571428571,1.0,0.0,78837.57142857143,47881.0,14444.0
2020-08-27,9.428571428571429,1.0,0.0,78847.0,47882.0,14444.0
2020-08-28,10.0,0.8571428571428571,0.0,78857.0,47882.857142857145,14444.0
2020-08-29,10.571428571428571,1.1428571428571428,0.0,78867.57142857143,47884.0,14444.0
2020-08-30,10.857142857142858,1.0,0.0,78878.42857142857,47885.0,14444.0
2020-08-31,10.428571428571429,0.8571428571428571,0.0,78888.85714285714,47885.857142857145,14444.0
2020-09-01,10.142857142857142,1.0,0.0,78899.0,47886.857142857145,14444.0
2020-09-02,10.571428571428571,1.0,0.0,78909.57142857143,47887.857142857145,14444.0
2020-09-03,10.714285714285714,1.2857142857142858,0.14285714285714285,78920.28571428571,47889.142857142855,14444.142857142857
2020-09-04,10.142857142857142,1.4285714285714286,0.14285714285714285,78930.42857142857,47890.57142857143,14444.285714285714
2020-09-05,9.714285714285714,1.1428571428571428,0.14285714285714285,78940.14285714286,47891.71428571428,14444.42857142857
2020-09-06,8.428571428571429,1.0,0.14285714285714285,78948.57142857143,47892.71428571428,14444.57142857143
2020-09-07,8.285714285714286,0.8571428571428571,0.14285714285714285,78956.85714285714,47893.57142857143,14444.714285714286
2020-09-08,9.0,1.0,0.2857142857142857,78965.85714285714,47894.57142857143,14445.0
2020-09-09,9.428571428571429,1.2857142857142858,0.2857142857142857,78975.28571428571,47895.857142857145,14445.285714285714
2020-09-10,10.142857142857142,1.0,0.14285714285714285,78985.42857142857,47896.857142857145,14445.42857142857
2020-09-11,10.428571428571429,1.1428571428571428,0.2857142857142857,78995.85714285714,47898.0,14445.714285714286
2020-09-12,10.571428571428571,1.0,0.2857142857142857,79006.42857142857,47899.0,14446.0
2020-09-13,11.857142857142858,1.1428571428571428,0.42857142857142855,79018.28571428571,47900.142857142855,14446.42857142857
2020-09-14,12.571428571428571,1.4285714285714286,0.8571428571428571,79030.85714285714,47901.57142857143,14447.285714285714
2020-09-15,12.428571428571429,1.4285714285714286,0.7142857142857143,79043.28571428571,47903.0,14448.0
2020-09-16,12.428571428571429,1.1428571428571428,0.7142857142857143,79055.71428571429,47904.142857142855,14448.714285714286
2020-09-17,11.285714285714286,1.1428571428571428,0.7142857142857143,79067.0,47905.28571428572,14449.42857142857
2020-09-18,11.714285714285714,0.8571428571428571,0.5714285714285714,79078.71428571429,47906.142857142855,14450.0
2020-09-19,13.714285714285714,1.1428571428571428,0.7142857142857143,79092.42857142857,47907.28571428572,14450.714285714286
2020-09-20,14.571428571428571,1.0,0.5714285714285714,79107.0,47908.28571428572,14451.285714285714
2020-09-21,14.428571428571429,0.7142857142857143,0.2857142857142857,79121.42857142857,47909.0,14451.57142857143
2020-09-22,14.714285714285714,0.5714285714285714,0.2857142857142857,79136.14285714286,47909.57142857143,14451.857142857143
2020-09-23,15.428571428571429,1.0,0.5714285714285714,79151.57142857143,47910.57142857143,14452.42857142857
2020-09-24,16.142857142857142,1.4285714285714286,1.0,79167.71428571429,47912.0,14453.42857142857
2020-09-25,17.571428571428573,1.4285714285714286,1.0,79185.28571428571,47913.42857142857,14454.42857142857
2020-09-26,17.571428571428573,1.1428571428571428,0.8571428571428571,79202.85714285714,47914.57142857143,14455.285714285714
2020-09-27,17.714285714285715,1.4285714285714286,1.0,79220.57142857143,47916.0,14456.285714285714
2020-09-28,18.571428571428573,1.2857142857142858,0.8571428571428571,79239.14285714286,47917.28571428572,14457.142857142857
2020-09-29,18.571428571428573,1.4285714285714286,1.1428571428571428,79257.71428571429,47918.71428571428,14458.285714285714
2020-09-30,18.571428571428573,1.2857142857142858,1.1428571428571428,79276.28571428571,47920.0,14459.42857142857
2020-10-01,18.857142857142858,0.8571428571428571,0.7142857142857143,79295.14285714286,47920.857142857145,14460.142857142857
2020-10-02,18.285714285714285,0.8571428571428571,0.7142857142857143,79313.42857142857,47921.71428571428,14460.857142857143
2020-10-03,17.428571428571427,1.1428571428571428,1.0,79330.85714285714,47922.857142857145,14461.857142857143
2020-10-04,17.142857142857142,1.0,0.8571428571428571,79348.0,47923.857142857145,14462.714285714286
2020-10-05,16.857142857142858,1.2857142857142858,0.8571428571428571,79364.85714285714,47925.142857142855,14463.57142857143
2020-10-06,18.714285714285715,1.0,0.5714285714285714,79383.57142857143,47926.142857142855,14464.142857142857
2020-10-07,20.285714285714285,0.7142857142857143,0.2857142857142857,79403.85714285714,47926.857142857145,14464.42857142857
2020-10-08,19.857142857142858,0.8571428571428571,0.42857142857142855,79423.71428571429,47927.71428571428,14464.857142857143
2020-10-09,19.142857142857142,1.2857142857142858,0.5714285714285714,79442.85714285714,47929.0,14465.42857142857
2020-10-10,19.285714285714285,1.2857142857142858,0.42857142857142855,79462.14285714286,47930.28571428572,14465.857142857143
2020-10-11,18.857142857142858,1.1428571428571428,0.42857142857142855,79481.0,47931.42857142857,14466.285714285714
2020-10-12,19.714285714285715,0.8571428571428571,0.42857142857142855,79500.71428571429,47932.28571428572,14466.714285714286
2020-10-13,17.857142857142858,1.0,0.5714285714285714,79518.57142857143,47933.28571428572,14467.285714285714
2020-10-14,16.285714285714285,1.1428571428571428,0.7142857142857143,79534.85714285714,47934.42857142857,14468.0
2020-10-15,17.142857142857142,1.1428571428571428,0.7142857142857143,79552.0,47935.57142857143,14468.714285714286
2020-10-16,18.714285714285715,1.0,0.8571428571428571,79570.71428571429,47936.57142857143,14469.57142857143
2020-10-17,19.142857142857142,0.8571428571428571,0.8571428571428571,79589.85714285714,47937.42857142857,14470.42857142857
2020-10-18,20.428571428571427,1.0,1.0,79610.28571428571,47938.42857142857,14471.42857142857
2020-10-19,20.857142857142858,1.4285714285714286,1.2857142857142858,79631.14285714286,47939.857142857145,14472.714285714286
2020-10-20,22.857142857142858,2.142857142857143,2.0,79654.0,47942.0,14474.714285714286
2020-10-21,25.714285714285715,3.0,2.857142857142857,79679.71428571429,47945.0,14477.57142857143
2020-10-22,27.142857142857142,3.4285714285714284,3.2857142857142856,79706.85714285714,47948.42857142857,14480.857142857143
2020-10-23,28.571428571428573,3.2857142857142856,3.142857142857143,79735.42857142857,47951.71428571428,14484.0
2020-10-24,29.714285714285715,3.5714285714285716,3.4285714285714284,79765.14285714286,47955.28571428572,14487.42857142857
2020-10-25,31.714285714285715,4.0,3.5714285714285716,79796.85714285714,47959.28571428572,14491.0
2020-10-26,33.42857142857143,3.7142857142857144,3.4285714285714284,79830.28571428571,47963.0,14494.42857142857
2020-10-27,32.857142857142854,3.0,2.5714285714285716,79863.14285714286,47966.0,14497.0
2020-10-28,31.857142857142858,2.0,1.5714285714285714,79895.0,47968.0,14498.57142857143
2020-10-29,32.0,1.4285714285714286,1.0,79927.0,47969.42857142857,14499.57142857143
2020-10-30,30.428571428571427,1.4285714285714286,1.0,79957.42857142857,47970.857142857145,14500.57142857143
2020-10-31,30.285714285714285,1.2857142857142858,0.8571428571428571,79987.71428571429,47972.142857142855,14501.42857142857
2020-11-01,29.0,1.0,0.7142857142857143,80016.71428571429,47973.142857142855,14502.142857142857
2020-11-02,29.571428571428573,1.4285714285714286,1.0,80046.28571428571,47974.57142857143,14503.142857142857
2020-11-03,30.714285714285715,1.7142857142857142,1.0,80077.0,47976.28571428572,14504.142857142857
2020-11-04,29.857142857142858,1.7142857142857142,1.0,80106.85714285714,47978.0,14505.142857142857
2020-11-05,28.857142857142858,1.8571428571428572,1.1428571428571428,80135.71428571429,47979.857142857145,14506.285714285714
2020-11-06,29.857142857142858,2.2857142857142856,1.4285714285714286,80165.57142857143,47982.142857142855,14507.714285714286
2020-11-07,30.142857142857142,2.142857142857143,1.2857142857142858,80195.71428571429,47984.28571428572,14509.0
2020-11-08,30.0,2.857142857142857,1.5714285714285714,80225.71428571429,47987.142857142855,14510.57142857143
2020-11-09,28.857142857142858,2.7142857142857144,1.4285714285714286,80254.57142857143,47989.857142857145,14512.0
2020-11-10,28.571428571428573,3.0,1.5714285714285714,80283.14285714286,47992.857142857145,14513.57142857143
2020-11-11,31.0,3.2857142857142856,1.7142857142857142,80314.14285714286,47996.142857142855,14515.285714285714
2020-11-12,31.714285714285715,3.857142857142857,1.5714285714285714,80345.85714285714,48000.0,14516.857142857143
2020-11-13,33.42857142857143,6.285714285714286,1.4285714285714286,80379.28571428571,48006.28571428572,14518.285714285714
2020-11-14,34.857142857142854,9.142857142857142,1.2857142857142858,80414.14285714286,48015.42857142857,14519.57142857143
2020-11-15,34.857142857142854,10.857142857142858,0.8571428571428571,80449.0,48026.28571428572,14520.42857142857
2020-11-16,36.0,15.0,0.5714285714285714,80485.0,48041.28571428572,14521.0
2020-11-17,39.0,20.714285714285715,0.5714285714285714,80524.0,48062.0,14521.57142857143
2020-11-18,37.42857142857143,24.0,0.42857142857142855,80561.42857142857,48086.0,14522.0
2020-11-19,39.0,27.571428571428573,0.42857142857142855,80600.42857142857,48113.57142857143,14522.42857142857
2020-11-20,39.714285714285715,30.285714285714285,0.14285714285714285,80640.14285714286,48143.857142857145,14522.57142857143
2020-11-21,41.714285714285715,33.714285714285715,0.2857142857142857,80681.85714285714,48177.57142857143,14522.857142857143
2020-11-22,44.0,36.0,0.2857142857142857,80725.85714285714,48213.57142857143,14523.142857142857
2020-11-23,46.714285714285715,39.0,0.42857142857142855,80772.57142857143,48252.57142857143,14523.57142857143
2020-11-24,45.42857142857143,38.42857142857143,0.2857142857142857,80818.0,48291.0,14523.857142857143
2020-11-25,47.714285714285715,40.42857142857143,0.2857142857142857,80865.71428571429,48331.42857142857,14524.142857142857
2020-11-26,47.142857142857146,40.285714285714285,0.42857142857142855,80912.85714285714,48371.71428571428,14524.57142857143
2020-11-27,47.42857142857143,40.0,0.5714285714285714,80960.28571428571,48411.71428571428,14525.142857142857
2020-11-28,44.42857142857143,37.0,0.5714285714285714,81004.71428571429,48448.71428571428,14525.714285714286
2020-11-29,41.285714285714285,34.42857142857143,0.5714285714285714,81046.0,48483.142857142855,14526.285714285714
2020-11-30,39.42857142857143,31.714285714285715,0.42857142857142855,81085.42857142857,48514.857142857145,14526.714285714286
2020-12-01,42.285714285714285,32.57142857142857,0.42857142857142855,81127.71428571429,48547.42857142857,14527.142857142857
2020-12-02,40.0,30.714285714285715,0.42857142857142855,81167.71428571429,48578.142857142855,14527.57142857143
2020-12-03,40.714285714285715,31.428571428571427,0.42857142857142855,81208.42857142857,48609.57142857143,14528.0
2020-12-04,38.0,28.571428571428573,0.2857142857142857,81246.42857142857,48638.142857142855,14528.285714285714
2020-12-05,38.285714285714285,29.285714285714285,0.14285714285714285,81284.71428571429,48667.42857142857,14528.42857142857
2020-12-06,43.857142857142854,33.57142857142857,0.14285714285714285,81328.57142857143,48701.0,14528.57142857143
2020-12-07,45.42857142857143,35.42857142857143,0.42857142857142855,81374.0,48736.42857142857,14529.0
2020-12-08,41.857142857142854,34.0,0.5714285714285714,81415.85714285714,48770.42857142857,14529.57142857143
2020-12-09,43.0,35.285714285714285,0.5714285714285714,81458.85714285714,48805.71428571428,14530.142857142857
2020-12-10,43.42857142857143,35.714285714285715,0.42857142857142855,81502.28571428571,48841.42857142857,14530.57142857143
2020-12-11,44.0,37.142857142857146,0.42857142857142855,81546.28571428571,48878.57142857143,14531.0
2020-12-12,43.57142857142857,36.142857142857146,0.42857142857142855,81589.85714285714,48914.71428571428,14531.42857142857
2020-12-13,42.42857142857143,36.0,0.42857142857142855,81632.28571428571,48950.71428571428,14531.857142857143
2020-12-14,39.714285714285715,34.42857142857143,0.14285714285714285,81672.0,48985.142857142855,14532.0
2020-12-15,42.285714285714285,36.857142857142854,0.14285714285714285,81714.28571428571,49022.0,14532.142857142857
2020-12-16,39.42857142857143,34.42857142857143,0.14285714285714285,81753.71428571429,49056.42857142857,14532.285714285714
2020-12-17,38.42857142857143,33.714285714285715,0.14285714285714285,81792.14285714286,49090.142857142855,14532.42857142857
2020-12-18,37.42857142857143,33.142857142857146,0.14285714285714285,81829.57142857143,49123.28571428572,14532.57142857143
2020-12-19,37.714285714285715,33.714285714285715,0.14285714285714285,81867.28571428571,49157.0,14532.714285714286
2020-12-20,35.142857142857146,31.571428571428573,0.14285714285714285,81902.42857142857,49188.57142857143,14532.857142857143
2020-12-21,36.285714285714285,32.714285714285715,0.14285714285714285,81938.71428571429,49221.28571428572,14533.0
2020-12-22,31.714285714285715,28.285714285714285,0.0,81970.42857142857,49249.57142857143,14533.0
2020-12-23,32.714285714285715,29.0,0.0,82003.14285714286,49278.57142857143,14533.0
2020-12-24,30.571428571428573,27.0,0.0,82033.71428571429,49305.57142857143,14533.0
2020-12-25,30.714285714285715,27.142857142857142,0.0,82064.42857142857,49332.71428571428,14533.0
2020-12-26,32.42857142857143,29.142857142857142,0.0,82096.85714285714,49361.857142857145,14533.0
2020-12-27,30.714285714285715,27.428571428571427,0.0,82127.57142857143,49389.28571428572,14533.0
2020-12-28,27.857142857142858,24.714285714285715,0.0,82155.42857142857,49414.0,14533.0
2020-12-29,28.285714285714285,24.857142857142858,0.0,82183.71428571429,49438.857142857145,14533.0
2020-12-30,27.714285714285715,24.142857142857142,0.0,82211.42857142857,49463.0,14533.0
2020-12-31,27.428571428571427,23.571428571428573,0.0,82238.85714285714,49486.57142857143,14533.0
2021-01-01,29.857142857142858,25.0,0.0,82268.71428571429,49511.57142857143,14533.0
2021-01-02,27.857142857142858,22.285714285714285,0.0,82296.57142857143,49533.857142857145,14533.0
2021-01-03,30.571428571428573,23.857142857142858,0.0,82327.14285714286,49557.71428571428,14533.0
2021-01-04,31.857142857142858,24.285714285714285,0.0,82359.0,49582.0,14533.0
2021-01-05,33.0,24.285714285714285,0.0,82392.0,49606.28571428572,14533.0
2021-01-06,35.57142857142857,25.571428571428573,0.0,82427.57142857143,49631.857142857145,14533.0
2021-01-07,36.857142857142854,26.285714285714285,0.0,82464.42857142857,49658.142857142855,14533.0
2021-01-08,34.857142857142854,24.857142857142858,0.0,82499.28571428571,49683.0,14533.0
2021-01-09,35.714285714285715,25.571428571428573,0.0,82535.0,49708.57142857143,14533.0
2021-01-10,37.714285714285715,26.571428571428573,0.0,82572.71428571429,49735.142857142855,14533.0
2021-01-11,38.42857142857143,26.857142857142858,0.0,82611.14285714286,49762.0,14533.0
2021-01-12,39.142857142857146,27.571428571428573,0.14285714285714285,82650.28571428571,49789.57142857143,14533.142857142857
2021-01-13,39.285714285714285,28.714285714285715,0.14285714285714285,82689.57142857143,49818.28571428572,14533.285714285714
2021-01-14,41.57142857142857,30.714285714285715,0.2857142857142857,82731.14285714286,49849.0,14533.57142857143
2021-01-15,41.285714285714285,30.0,0.2857142857142857,82772.42857142857,49879.0,14533.857142857143
2021-01-16,42.285714285714285,30.571428571428573,0.2857142857142857,82814.71428571429,49909.57142857143,14534.142857142857
2021-01-17,39.714285714285715,29.571428571428573,0.2857142857142857,82854.42857142857,49939.142857142855,14534.42857142857
2021-01-18,41.142857142857146,31.0,0.2857142857142857,82895.57142857143,49970.142857142855,14534.714285714286
2021-01-19,41.714285714285715,32.0,0.14285714285714285,82937.28571428571,50002.142857142855,14534.857142857143
2021-01-20,43.714285714285715,33.142857142857146,0.2857142857142857,82981.0,50035.28571428572,14535.142857142857
2021-01-21,41.714285714285715,31.857142857142858,0.14285714285714285,83022.71428571429,50067.142857142855,14535.285714285714
2021-01-22,43.0,33.0,0.2857142857142857,83065.71428571429,50100.142857142855,14535.57142857143
2021-01-23,41.714285714285715,32.0,0.42857142857142855,83107.42857142857,50132.142857142855,14536.0
2021-01-24,43.57142857142857,32.285714285714285,0.7142857142857143,83151.0,50164.42857142857,14536.714285714286
2021-01-25,43.57142857142857,30.857142857142858,0.8571428571428571,83194.57142857143,50195.28571428572,14537.57142857143
2021-01-26,42.714285714285715,29.571428571428573,0.8571428571428571,83237.28571428571,50224.857142857145,14538.42857142857
2021-01-27,40.42857142857143,27.714285714285715,0.7142857142857143,83277.71428571429,50252.57142857143,14539.142857142857
2021-01-28,41.57142857142857,28.142857142857142,0.7142857142857143,83319.28571428571,50280.71428571428,14539.857142857143
2021-01-29,41.714285714285715,27.714285714285715,0.5714285714285714,83361.0,50308.42857142857,14540.42857142857
2021-01-30,40.714285714285715,26.857142857142858,0.42857142857142855,83401.71428571429,50335.28571428572,14540.857142857143
2021-01-31,38.285714285714285,25.714285714285715,0.14285714285714285,83440.0,50361.0,14541.0
2021-02-01,41.0,28.428571428571427,0.14285714285714285,83481.0,50389.42857142857,14541.142857142857
2021-02-02,41.285714285714285,29.285714285714285,0.14285714285714285,83522.28571428571,50418.71428571428,14541.285714285714
2021-02-03,42.857142857142854,30.285714285714285,0.14285714285714285,83565.14285714286,50449.0,14541.42857142857
2021-02-04,47.714285714285715,34.142857142857146,0.5714285714285714,83612.85714285714,50483.142857142855,14542.0
2021-02-05,51.0,37.42857142857143,0.7142857142857143,83663.85714285714,50520.57142857143,14542.714285714286
2021-02-06,54.0,40.57142857142857,0.7142857142857143,83717.85714285714,50561.142857142855,14543.42857142857
2021-02-07,58.57142857142857,44.42857142857143,1.0,83776.42857142857,50605.57142857143,14544.42857142857
2021-02-08,59.285714285714285,44.857142857142854,1.2857142857142858,83835.71428571429,50650.42857142857,14545.714285714286
2021-02-09,63.57142857142857,47.57142857142857,1.2857142857142858,83899.28571428571,50698.0,14547.0
2021-02-10,66.42857142857143,50.0,1.2857142857142858,83965.71428571429,50748.0,14548.285714285714
2021-02-11,66.14285714285714,49.857142857142854,1.0,84031.85714285714,50797.857142857145,14549.285714285714
2021-02-12,66.57142857142857,49.142857142857146,1.0,84098.42857142857,50847.0,14550.285714285714
2021-02-13,66.14285714285714,47.857142857142854,1.0,84164.57142857143,50894.857142857145,14551.285714285714
2021-02-14,68.0,48.714285714285715,0.7142857142857143,84232.57142857143,50943.57142857143,14552.0
2021-02-15,71.28571428571429,51.0,0.5714285714285714,84303.85714285714,50994.57142857143,14552.57142857143
2021-02-16,71.85714285714286,52.0,0.5714285714285714,84375.71428571429,51046.57142857143,14553.142857142857
2021-02-17,73.57142857142857,52.42857142857143,0.7142857142857143,84449.28571428571,51099.0,14553.857142857143
2021-02-18,74.85714285714286,52.42857142857143,0.5714285714285714,84524.14285714286,51151.42857142857,14554.42857142857
2021-02-19,77.42857142857143,55.142857142857146,0.42857142857142855,84601.57142857143,51206.57142857143,14554.857142857143
2021-02-20,82.0,59.142857142857146,0.42857142857142855,84683.57142857143,51265.71428571428,14555.285714285714
2021-02-21,81.71428571428571,60.142857142857146,0.42857142857142855,84765.28571428571,51325.857142857145,14555.714285714286
2021-02-22,77.0,56.714285714285715,0.14285714285714285,84842.28571428571,51382.57142857143,14555.857142857143
2021-02-23,75.71428571428571,54.285714285714285,0.42857142857142855,84918.0,51436.857142857145,14556.285714285714
2021-02-24,73.42857142857143,52.142857142857146,0.42857142857142855,84991.42857142857,51489.0,14556.714285714286
2021-02-25,69.0,50.0,0.7142857142857143,85060.42857142857,51539.0,14557.42857142857
2021-02-26,63.57142857142857,46.142857142857146,0.7142857142857143,85124.0,51585.142857142855,14558.142857142857
2021-02-27,59.857142857142854,43.0,0.7142857142857143,85183.85714285714,51628.142857142855,14558.857142857143
2021-02-28,57.285714285714285,40.714285714285715,0.8571428571428571,85241.14285714286,51668.857142857145,14559.714285714286
2021-03-01,59.142857142857146,41.714285714285715,0.8571428571428571,85300.28571428571,51710.57142857143,14560.57142857143
2021-03-02,58.42857142857143,41.857142857142854,0.8571428571428571,85358.71428571429,51752.42857142857,14561.42857142857
2021-03-03,55.42857142857143,40.857142857142854,1.0,85414.14285714286,51793.28571428572,14562.42857142857
2021-03-04,55.142857142857146,40.285714285714285,0.7142857142857143,85469.28571428571,51833.57142857143,14563.142857142857
2021-03-05,57.857142857142854,41.857142857142854,1.1428571428571428,85527.14285714286,51875.42857142857,14564.285714285714
2021-03-06,57.714285714285715,41.857142857142854,1.1428571428571428,85584.85714285714,51917.28571428572,14565.42857142857
2021-03-07,56.714285714285715,40.857142857142854,1.4285714285714286,85641.57142857143,51958.142857142855,14566.857142857143
2021-03-08,53.0,39.0,1.4285714285714286,85694.57142857143,51997.142857142855,14568.285714285714
2021-03-09,50.857142857142854,37.714285714285715,1.1428571428571428,85745.42857142857,52034.857142857145,14569.42857142857
2021-03-10,52.0,39.0,0.8571428571428571,85797.42857142857,52073.857142857145,14570.285714285714
2021-03-11,51.0,37.857142857142854,1.0,85848.42857142857,52111.71428571428,14571.285714285714
2021-03-12,49.0,36.285714285714285,0.5714285714285714,85897.42857142857,52148.0,14571.857142857143
2021-03-13,49.142857142857146,37.285714285714285,0.7142857142857143,85946.57142857143,52185.28571428572,14572.57142857143
2021-03-14,47.714285714285715,35.285714285714285,0.5714285714285714,85994.28571428571,52220.57142857143,14573.142857142857
2021-03-15,50.0,36.285714285714285,1.1428571428571428,86044.28571428571,52256.857142857145,14574.285714285714
2021-03-16,49.285714285714285,36.285714285714285,1.2857142857142858,86093.57142857143,52293.142857142855,14575.57142857143
2021-03-17,46.285714285714285,33.714285714285715,1.2857142857142858,86139.85714285714,52326.857142857145,14576.857142857143
2021-03-18,45.285714285714285,33.285714285714285,1.1428571428571428,86185.14285714286,52360.142857142855,14578.0
2021-03-19,44.142857142857146,32.0,1.1428571428571428,86229.28571428571,52392.142857142855,14579.142857142857
2021-03-20,42.0,29.857142857142858,1.8571428571428572,86271.28571428571,52422.0,14581.0
2021-03-21,40.42857142857143,29.571428571428573,2.142857142857143,86311.71428571429,52451.57142857143,14583.142857142857
2021-03-22,37.285714285714285,27.571428571428573,1.7142857142857142,86349.0,52479.142857142855,14584.857142857143
2021-03-23,37.285714285714285,26.428571428571427,1.7142857142857142,86386.28571428571,52505.57142857143,14586.57142857143
2021-03-24,37.42857142857143,25.857142857142858,1.7142857142857142,86423.71428571429,52531.42857142857,14588.285714285714
2021-03-25,39.285714285714285,27.428571428571427,2.0,86463.0,52558.857142857145,14590.285714285714
2021-03-26,40.42857142857143,28.714285714285715,2.4285714285714284,86503.42857142857,52587.57142857143,14592.714285714286
2021-03-27,43.0,30.0,1.8571428571428572,86546.42857142857,52617.57142857143,14594.57142857143
2021-03-28,44.0,30.0,1.7142857142857142,86590.42857142857,52647.57142857143,14596.285714285714
2021-03-29,44.42857142857143,31.714285714285715,2.5714285714285716,86634.85714285714,52679.28571428572,14598.857142857143
2021-03-30,44.285714285714285,32.285714285714285,2.857142857142857,86679.14285714286,52711.57142857143,14601.714285714286
2021-03-31,48.714285714285715,35.285714285714285,3.142857142857143,86727.85714285714,52746.857142857145,14604.857142857143
2021-04-01,51.285714285714285,36.857142857142854,3.2857142857142856,86779.14285714286,52783.71428571428,14608.142857142857
2021-04-02,51.285714285714285,37.42857142857143,3.142857142857143,86830.42857142857,52821.142857142855,14611.285714285714
2021-04-03,51.714285714285715,38.42857142857143,3.2857142857142856,86882.14285714286,52859.57142857143,14614.57142857143
2021-04-04,54.285714285714285,41.142857142857146,3.0,86936.42857142857,52900.71428571428,14617.57142857143
2021-04-05,57.714285714285715,42.57142857142857,2.142857142857143,86994.14285714286,52943.28571428572,14619.714285714286
2021-04-06,57.714285714285715,42.0,1.7142857142857142,87051.85714285714,52985.28571428572,14621.42857142857
2021-04-07,55.57142857142857,40.285714285714285,1.8571428571428572,87107.42857142857,53025.57142857143,14623.285714285714
2021-04-08,55.857142857142854,40.57142857142857,1.7142857142857142,87163.28571428571,53066.142857142855,14625.0
2021-04-09,56.285714285714285,39.714285714285715,1.5714285714285714,87219.57142857143,53105.857142857145,14626.57142857143
2021-04-10,54.857142857142854,38.0,1.1428571428571428,87274.42857142857,53143.857142857145,14627.714285714286
2021-04-11,53.857142857142854,36.714285714285715,1.1428571428571428,87328.28571428571,53180.57142857143,14628.857142857143
2021-04-12,53.714285714285715,36.285714285714285,1.5714285714285714,87382.0,53216.857142857145,14630.42857142857
2021-04-13,56.57142857142857,40.0,1.8571428571428572,87438.57142857143,53256.857142857145,14632.285714285714
2021-04-14,58.42857142857143,42.142857142857146,2.142857142857143,87497.0,53299.0,14634.42857142857
2021-04-15,59.714285714285715,43.0,2.857142857142857,87556.71428571429,53342.0,14637.285714285714
2021-04-16,60.42857142857143,43.714285714285715,3.142857142857143,87617.14285714286,53385.71428571428,14640.42857142857
2021-04-17,60.57142857142857,44.57142857142857,3.7142857142857144,87677.71428571429,53430.28571428572,14644.142857142857
2021-04-18,61.857142857142854,45.714285714285715,3.857142857142857,87739.57142857143,53476.0,14648.0
2021-04-19,60.285714285714285,45.42857142857143,3.5714285714285716,87799.85714285714,53521.42857142857,14651.57142857143
2021-04-20,60.714285714285715,44.57142857142857,3.7142857142857144,87860.57142857143,53566.0,14655.285714285714
2021-04-21,62.0,44.857142857142854,3.142857142857143,87922.57142857143,53610.857142857145,14658.42857142857
2021-04-22,60.142857142857146,44.0,2.4285714285714284,87982.71428571429,53654.857142857145,14660.857142857143
2021-04-23,61.42857142857143,44.857142857142854,2.7142857142857144,88044.14285714286,53699.71428571428,14663.57142857143
2021-04-24,63.714285714285715,47.142857142857146,2.5714285714285716,88107.85714285714,53746.857142857145,14666.142857142857
2021-04-25,64.57142857142857,46.57142857142857,2.7142857142857144,88172.42857142857,53793.42857142857,14668.857142857143
2021-04-26,64.28571428571429,45.714285714285715,2.5714285714285716,88236.71428571429,53839.142857142855,14671.42857142857
2021-04-27,61.42857142857143,44.285714285714285,2.4285714285714284,88298.14285714286,53883.42857142857,14673.857142857143
2021-04-28,59.42857142857143,43.285714285714285,2.7142857142857144,88357.57142857143,53926.71428571428,14676.57142857143
2021-04-29,59.142857142857146,42.142857142857146,2.7142857142857144,88416.71428571429,53968.857142857145,14679.285714285714
2021-04-30,57.285714285714285,41.285714285714285,2.857142857142857,88474.0,54010.142857142855,14682.142857142857
2021-05-01,55.714285714285715,39.857142857142854,2.4285714285714284,88529.71428571429,54050.0,14684.57142857143
2021-05-02,52.42857142857143,38.42857142857143,2.142857142857143,88582.14285714286,54088.42857142857,14686.714285714286
2021-05-03,49.714285714285715,37.0,2.0,88631.85714285714,54125.42857142857,14688.714285714286
2021-05-04,48.42857142857143,34.714285714285715,2.0,88680.28571428571,54160.142857142855,14690.714285714286
2021-05-05,45.0,32.42857142857143,1.7142857142857142,88725.28571428571,54192.57142857143,14692.42857142857
2021-05-06,40.142857142857146,29.714285714285715,1.7142857142857142,88765.42857142857,54222.28571428572,14694.142857142857
2021-05-07,38.0,28.285714285714285,1.1428571428571428,88803.42857142857,54250.57142857143,14695.285714285714
2021-05-08,35.857142857142854,26.0,1.5714285714285714,88839.28571428571,54276.57142857143,14696.857142857143
2021-05-09,34.42857142857143,24.571428571428573,1.5714285714285714,88873.71428571429,54301.142857142855,14698.42857142857
2021-05-10,34.0,23.857142857142858,1.5714285714285714,88907.71428571429,54325.0,14700.0
2021-05-11,34.857142857142854,25.714285714285715,1.4285714285714286,88942.57142857143,54350.71428571428,14701.42857142857
2021-05-12,34.0,24.714285714285715,1.4285714285714286,88976.57142857143,54375.42857142857,14702.857142857143
2021-05-13,33.857142857142854,24.714285714285715,1.1428571428571428,89010.42857142857,54400.142857142855,14704.0
2021-05-14,31.857142857142858,23.428571428571427,0.8571428571428571,89042.28571428571,54423.57142857143,14704.857142857143
2021-05-15,30.142857142857142,21.571428571428573,0.42857142857142855,89072.42857142857,54445.142857142855,14705.285714285714
2021-05-16,30.428571428571427,22.285714285714285,0.5714285714285714,89102.85714285714,54467.42857142857,14705.857142857143
2021-05-17,28.857142857142858,21.857142857142858,0.5714285714285714,89131.71428571429,54489.28571428572,14706.42857142857
2021-05-18,27.0,20.428571428571427,0.42857142857142855,89158.71428571429,54509.71428571428,14706.857142857143
2021-05-19,26.714285714285715,20.0,0.42857142857142855,89185.42857142857,54529.71428571428,14707.285714285714
2021-05-20,27.285714285714285,19.857142857142858,0.5714285714285714,89212.71428571429,54549.57142857143,14707.857142857143
2021-05-21,27.714285714285715,20.285714285714285,0.5714285714285714,89240.42857142857,54569.857142857145,14708.42857142857
2021-05-22,28.0,21.285714285714285,0.5714285714285714,89268.42857142857,54591.142857142855,14709.0
2021-05-23,28.0,22.0,0.2857142857142857,89296.42857142857,54613.142857142855,14709.285714285714
2021-05-24,27.428571428571427,21.285714285714285,0.2857142857142857,89323.85714285714,54634.42857142857,14709.57142857143
2021-05-25,26.857142857142858,21.0,0.5714285714285714,89350.71428571429,54655.42857142857,14710.142857142857
2021-05-26,26.0,21.0,0.42857142857142855,89376.71428571429,54676.42857142857,14710.57142857143
2021-05-27,24.285714285714285,20.0,0.2857142857142857,89401.0,54696.42857142857,14710.857142857143
2021-05-28,23.0,18.857142857142858,0.2857142857142857,89424.0,54715.28571428572,14711.142857142857
2021-05-29,20.0,16.0,0.2857142857142857,89444.0,54731.28571428572,14711.42857142857
2021-05-30,17.857142857142858,13.428571428571429,0.42857142857142855,89461.85714285714,54744.71428571428,14711.857142857143
2021-05-31,18.0,12.857142857142858,0.5714285714285714,89479.85714285714,54757.57142857143,14712.42857142857
2021-06-01,17.428571428571427,11.571428571428571,0.2857142857142857,89497.28571428571,54769.142857142855,14712.714285714286
2021-06-02,18.0,11.428571428571429,0.2857142857142857,89515.28571428571,54780.57142857143,14713.0
2021-06-03,18.714285714285715,12.0,0.5714285714285714,89534.0,54792.57142857143,14713.57142857143
2021-06-04,20.571428571428573,12.142857142857142,1.0,89554.57142857143,54804.71428571428,14714.57142857143
2021-06-05,21.428571428571427,13.0,1.1428571428571428,89576.0,54817.71428571428,14715.714285714286
2021-06-06,20.571428571428573,12.857142857142858,1.0,89596.57142857143,54830.57142857143,14716.714285714286
2021-06-07,20.142857142857142,12.428571428571429,1.1428571428571428,89616.71428571429,54843.0,14717.857142857143
2021-06-08,19.857142857142858,12.0,1.2857142857142858,89636.57142857143,54855.0,14719.142857142857
2021-06-09,19.714285714285715,11.428571428571429,1.4285714285714286,89656.28571428571,54866.42857142857,14720.57142857143
2021-06-10,19.285714285714285,11.142857142857142,1.1428571428571428,89675.57142857143,54877.57142857143,14721.714285714286
2021-06-11,17.142857142857142,10.428571428571429,0.8571428571428571,89692.71428571429,54888.0,14722.57142857143
2021-06-12,16.571428571428573,10.142857142857142,0.7142857142857143,89709.28571428571,54898.142857142855,14723.285714285714
2021-06-13,18.0,10.714285714285714,0.7142857142857143,89727.28571428571,54908.857142857145,14724.0
2021-06-14,18.571428571428573,11.428571428571429,0.5714285714285714,89745.85714285714,54920.28571428572,14724.57142857143
2021-06-15,18.428571428571427,11.714285714285714,0.5714285714285714,89764.28571428571,54932.0,14725.142857142857
2021-06-16,16.857142857142858,11.428571428571429,0.5714285714285714,89781.14285714286,54943.42857142857,14725.714285714286
2021-06-17,16.571428571428573,10.571428571428571,0.7142857142857143,89797.71428571429,54954.0,14726.42857142857
2021-06-18,16.142857142857142,10.571428571428571,0.5714285714285714,89813.85714285714,54964.57142857143,14727.0
2021-06-19,16.857142857142858,10.571428571428571,0.5714285714285714,89830.71428571429,54975.142857142855,14727.57142857143
2021-06-20,16.0,9.571428571428571,0.5714285714285714,89846.71428571429,54984.71428571428,14728.142857142857
2021-06-21,14.142857142857142,8.0,0.42857142857142855,89860.85714285714,54992.71428571428,14728.57142857143
2021-06-22,14.142857142857142,7.857142857142857,0.2857142857142857,89875.0,55000.57142857143,14728.857142857143
2021-06-23,14.571428571428571,7.857142857142857,0.14285714285714285,89889.57142857143,55008.42857142857,14729.0
2021-06-24,14.571428571428571,8.571428571428571,0.0,89904.14285714286,55017.0,14729.0
2021-06-25,14.428571428571429,8.0,0.0,89918.57142857143,55025.0,14729.0
2021-06-26,13.428571428571429,7.571428571428571,0.0,89932.0,55032.57142857143,14729.0
2021-06-27,11.857142857142858,6.714285714285714,0.0,89943.85714285714,55039.28571428572,14729.0
2021-06-28,11.142857142857142,6.571428571428571,0.0,89955.0,55045.857142857145,14729.0
2021-06-29,10.142857142857142,6.285714285714286,0.0,89965.14285714286,55052.142857142855,14729.0
2021-06-30,9.285714285714286,5.857142857142857,0.0,89974.42857142857,55058.0,14729.0
2021-07-01,8.428571428571429,5.0,0.0,89982.85714285714,55063.0,14729.0
2021-07-02,8.0,5.142857142857143,0.14285714285714285,89990.85714285714,55068.142857142855,14729.142857142857
2021-07-03,8.857142857142858,5.428571428571429,0.14285714285714285,89999.71428571429,55073.57142857143,14729.285714285714
2021-07-04,8.714285714285714,5.571428571428571,0.14285714285714285,90008.42857142857,55079.142857142855,14729.42857142857
2021-07-05,10.285714285714286,6.428571428571429,0.2857142857142857,90018.71428571429,55085.57142857143,14729.714285714286
2021-07-06,10.428571428571429,6.285714285714286,0.5714285714285714,90029.14285714286,55091.857142857145,14730.285714285714
2021-07-07,11.0,6.571428571428571,0.5714285714285714,90040.14285714286,55098.42857142857,14730.857142857143
2021-07-08,11.428571428571429,6.428571428571429,0.5714285714285714,90051.57142857143,55104.857142857145,14731.42857142857
2021-07-09,11.285714285714286,6.142857142857143,0.42857142857142855,90062.85714285714,55111.0,14731.857142857143
2021-07-10,10.571428571428571,6.0,0.42857142857142855,90073.42857142857,55117.0,14732.285714285714
2021-07-11,11.0,6.142857142857143,0.42857142857142855,90084.42857142857,55123.142857142855,14732.714285714286
2021-07-12,10.285714285714286,5.285714285714286,0.2857142857142857,90094.71428571429,55128.42857142857,14733.0
2021-07-13,10.714285714285714,5.571428571428571,0.0,90105.42857142857,55134.0,14733.0
2021-07-14,9.571428571428571,4.571428571428571,0.0,90115.0,55138.57142857143,14733.0
2021-07-15,8.428571428571429,4.285714285714286,0.14285714285714285,90123.42857142857,55142.857142857145,14733.142857142857
2021-07-16,8.285714285714286,4.285714285714286,0.2857142857142857,90131.71428571429,55147.142857142855,14733.42857142857
2021-07-17,8.0,4.0,0.2857142857142857,90139.71428571429,55151.142857142855,14733.714285714286
2021-07-18,8.0,3.857142857142857,0.2857142857142857,90147.71428571429,55155.0,14734.0
2021-07-19,7.142857142857143,3.4285714285714284,0.2857142857142857,90154.85714285714,55158.42857142857,14734.285714285714
2021-07-20,6.285714285714286,2.7142857142857144,0.2857142857142857,90161.14285714286,55161.142857142855,14734.57142857143
2021-07-21,7.428571428571429,4.0,0.2857142857142857,90168.57142857143,55165.142857142855,14734.857142857143
2021-07-22,8.285714285714286,4.142857142857143,0.14285714285714285,90176.85714285714,55169.28571428572,14735.0
2021-07-23,8.428571428571429,3.4285714285714284,0.0,90185.28571428571,55172.71428571428,14735.0
2021-07-24,9.0,3.7142857142857144,0.0,90194.28571428571,55176.42857142857,14735.0
2021-07-25,9.285714285714286,3.5714285714285716,0.0,90203.57142857143,55180.0,14735.0
2021-07-26,9.285714285714286,3.857142857142857,0.0,90212.85714285714,55183.857142857145,14735.0
2021-07-27,9.571428571428571,4.142857142857143,0.0,90222.42857142857,55188.0,14735.0
2021-07-28,8.428571428571429,3.0,0.0,90230.85714285714,55191.0,14735.0
2021-07-29,7.428571428571429,2.4285714285714284,0.0,90238.28571428571,55193.42857142857,14735.0
2021-07-30,7.285714285714286,2.857142857142857,0.0,90245.57142857143,55196.28571428572,14735.0
2021-07-31,7.0,3.0,0.14285714285714285,90252.57142857143,55199.28571428572,14735.142857142857
2021-08-01,7.428571428571429,3.2857142857142856,0.42857142857142855,90260.0,55202.57142857143,14735.57142857143
2021-08-02,9.714285714285714,3.857142857142857,1.1428571428571428,90269.71428571429,55206.42857142857,14736.714285714286
2021-08-03,10.0,3.142857142857143,1.2857142857142858,90279.71428571429,55209.57142857143,14738.0
2021-08-04,10.857142857142858,3.4285714285714284,1.4285714285714286,90290.57142857143,55213.0,14739.42857142857
2021-08-05,11.428571428571429,3.5714285714285716,1.5714285714285714,90302.0,55216.57142857143,14741.0
2021-08-06,11.571428571428571,3.2857142857142856,1.5714285714285714,90313.57142857143,55219.857142857145,14742.57142857143
2021-08-07,11.428571428571429,2.7142857142857144,1.5714285714285714,90325.0,55222.57142857143,14744.142857142857
2021-08-08,11.428571428571429,2.4285714285714284,1.2857142857142858,90336.42857142857,55225.0,14745.42857142857
2021-08-09,10.285714285714286,1.7142857142857142,0.7142857142857143,90346.71428571429,55226.71428571428,14746.142857142857
2021-08-10,9.571428571428571,1.5714285714285714,0.5714285714285714,90356.28571428571,55228.28571428572,14746.714285714286
2021-08-11,9.285714285714286,1.2857142857142858,0.5714285714285714,90365.57142857143,55229.57142857143,14747.285714285714
2021-08-12,9.428571428571429,1.5714285714285714,0.5714285714285714,90375.0,55231.142857142855,14747.857142857143
2021-08-13,9.857142857142858,1.8571428571428572,0.7142857142857143,90384.85714285714,55233.0,14748.57142857143
2021-08-14,11.428571428571429,2.0,0.7142857142857143,90396.28571428571,55235.0,14749.285714285714
2021-08-15,12.571428571428571,2.2857142857142856,0.8571428571428571,90408.85714285714,55237.28571428572,14750.142857142857
2021-08-16,13.428571428571429,2.857142857142857,1.1428571428571428,90422.28571428571,55240.142857142855,14751.285714285714
2021-08-17,14.428571428571429,3.2857142857142856,1.2857142857142858,90436.71428571429,55243.42857142857,14752.57142857143
2021-08-18,16.428571428571427,4.285714285714286,1.2857142857142858,90453.14285714286,55247.71428571428,14753.857142857143
2021-08-19,16.857142857142858,4.0,1.1428571428571428,90470.0,55251.71428571428,14755.0
2021-08-20,16.714285714285715,3.857142857142857,1.1428571428571428,90486.71428571429,55255.57142857143,14756.142857142857
2021-08-21,15.571428571428571,3.857142857142857,1.2857142857142858,90502.28571428571,55259.42857142857,14757.42857142857
2021-08-22,14.571428571428571,3.4285714285714284,1.1428571428571428,90516.85714285714,55262.857142857145,14758.57142857143
2021-08-23,14.142857142857142,3.4285714285714284,0.7142857142857143,90531.0,55266.28571428572,14759.285714285714
2021-08-24,14.142857142857142,3.4285714285714284,0.5714285714285714,90545.14285714286,55269.71428571428,14759.857142857143
2021-08-25,12.0,2.2857142857142856,0.42857142857142855,90557.14285714286,55272.0,14760.285714285714
2021-08-26,11.571428571428571,2.142857142857143,0.5714285714285714,90568.71428571429,55274.142857142855,14760.857142857143
2021-08-27,11.571428571428571,2.0,0.42857142857142855,90580.28571428571,55276.142857142855,14761.285714285714
2021-08-28,11.714285714285714,1.7142857142857142,0.14285714285714285,90592.0,55277.857142857145,14761.42857142857
2021-08-29,11.714285714285714,2.142857142857143,0.14285714285714285,90603.71428571429,55280.0,14761.57142857143
2021-08-30,11.714285714285714,1.4285714285714286,0.42857142857142855,90615.42857142857,55281.42857142857,14762.0
2021-08-31,11.428571428571429,1.5714285714285714,0.42857142857142855,90626.85714285714,55283.0,14762.42857142857
2021-09-01,13.142857142857142,2.142857142857143,0.42857142857142855,90640.0,55285.142857142855,14762.857142857143
2021-09-02,15.142857142857142,2.142857142857143,0.42857142857142855,90655.14285714286,55287.28571428572,14763.285714285714
2021-09-03,15.285714285714286,2.2857142857142856,0.42857142857142855,90670.42857142857,55289.57142857143,14763.714285714286
2021-09-04,14.714285714285714,2.2857142857142856,0.42857142857142855,90685.14285714286,55291.857142857145,14764.142857142857
2021-09-05,14.714285714285714,2.0,0.42857142857142855,90699.85714285714,55293.857142857145,14764.57142857143
2021-09-06,14.857142857142858,1.8571428571428572,0.14285714285714285,90714.71428571429,55295.71428571428,14764.714285714286
2021-09-07,15.0,1.4285714285714286,0.14285714285714285,90729.71428571429,55297.142857142855,14764.857142857143
2021-09-08,14.428571428571429,1.0,0.14285714285714285,90744.14285714286,55298.142857142855,14765.0
2021-09-09,13.142857142857142,1.4285714285714286,0.0,90757.28571428571,55299.57142857143,14765.0
2021-09-10,13.0,1.2857142857142858,0.0,90770.28571428571,55300.857142857145,14765.0
2021-09-11,14.428571428571429,1.8571428571428572,0.0,90784.71428571429,55302.71428571428,14765.0
2021-09-12,15.571428571428571,2.2857142857142856,0.0,90800.28571428571,55305.0,14765.0
2021-09-13,14.428571428571429,2.2857142857142856,0.0,90814.71428571429,55307.28571428572,14765.0
2021-09-14,14.714285714285714,2.2857142857142856,0.0,90829.42857142857,55309.57142857143,14765.0
2021-09-15,14.857142857142858,2.5714285714285716,0.0,90844.28571428571,55312.142857142855,14765.0
2021-09-16,14.571428571428571,2.0,0.0,90858.85714285714,55314.142857142855,14765.0
2021-09-17,15.714285714285714,2.7142857142857144,0.0,90874.57142857143,55316.857142857145,14765.0
2021-09-18,16.142857142857142,2.2857142857142856,0.0,90890.71428571429,55319.142857142855,14765.0
2021-09-19,17.142857142857142,2.2857142857142856,0.0,90907.85714285714,55321.42857142857,14765.0
2021-09-20,18.285714285714285,2.5714285714285716,0.0,90926.14285714286,55324.0,14765.0
2021-09-21,20.0,2.857142857142857,0.0,90946.14285714286,55326.857142857145,14765.0
2021-09-22,21.142857142857142,2.7142857142857144,0.0,90967.28571428571,55329.57142857143,14765.0
2021-09-23,22.857142857142858,3.142857142857143,0.0,90990.14285714286,55332.71428571428,14765.0
2021-09-24,22.714285714285715,2.2857142857142856,0.0,91012.85714285714,55335.0,14765.0
2021-09-25,21.714285714285715,2.2857142857142856,0.0,91034.57142857143,55337.28571428572,14765.0
2021-09-26,20.0,1.7142857142857142,0.0,91054.57142857143,55339.0,14765.0
2021-09-27,20.857142857142858,1.5714285714285714,0.0,91075.42857142857,55340.57142857143,14765.0
2021-09-28,19.857142857142858,1.2857142857142858,0.0,91095.28571428571,55341.857142857145,14765.0
2021-09-29,18.714285714285715,1.4285714285714286,0.0,91114.0,55343.28571428572,14765.0
2021-09-30,17.571428571428573,1.4285714285714286,0.0,91131.57142857143,55344.71428571428,14765.0
2021-10-01,15.857142857142858,1.4285714285714286,0.0,91147.42857142857,55346.142857142855,14765.0
2021-10-02,16.714285714285715,1.5714285714285714,0.0,91164.14285714286,55347.71428571428,14765.0
2021-10-03,17.714285714285715,2.0,0.0,91181.85714285714,55349.71428571428,14765.0
2021-10-04,17.428571428571427,1.8571428571428572,0.0,91199.28571428571,55351.57142857143,14765.0
2021-10-05,16.571428571428573,2.2857142857142856,0.0,91215.85714285714,55353.857142857145,14765.0
2021-10-06,17.428571428571427,2.857142857142857,0.0,91233.28571428571,55356.71428571428,14765.0
2021-10-07,17.142857142857142,2.5714285714285716,0.0,91250.42857142857,55359.28571428572,14765.0
2021-10-08,18.142857142857142,2.7142857142857144,0.0,91268.57142857143,55362.0,14765.0
2021-10-09,18.285714285714285,2.5714285714285716,0.0,91286.85714285714,55364.57142857143,14765.0
2021-10-10,18.714285714285715,2.4285714285714284,0.0,91305.57142857143,55367.0,14765.0
2021-10-11,19.714285714285715,3.0,0.0,91325.28571428571,55370.0,14765.0
2021-10-12,22.714285714285715,3.0,0.0,91348.0,55373.0,14765.0
2021-10-13,23.857142857142858,2.5714285714285716,0.0,91371.85714285714,55375.57142857143,14765.0
2021-10-14,25.571428571428573,2.7142857142857144,0.0,91397.42857142857,55378.28571428572,14765.0
2021-10-15,28.428571428571427,2.7142857142857144,0.0,91425.85714285714,55381.0,14765.0
2021-10-16,29.142857142857142,3.0,0.0,91455.0,55384.0,14765.0
2021-10-17,30.142857142857142,3.2857142857142856,0.0,91485.14285714286,55387.28571428572,14765.0
2021-10-18,29.714285714285715,3.0,0.0,91514.85714285714,55390.28571428572,14765.0
2021-10-19,28.428571428571427,2.857142857142857,0.0,91543.28571428571,55393.142857142855,14765.0
2021-10-20,26.142857142857142,2.4285714285714284,0.0,91569.42857142857,55395.57142857143,14765.0
2021-10-21,25.0,2.142857142857143,0.0,91594.42857142857,55397.71428571428,14765.0
2021-10-22,24.0,2.0,0.0,91618.42857142857,55399.71428571428,14765.0
2021-10-23,22.285714285714285,1.5714285714285714,0.0,91640.71428571429,55401.28571428572,14765.0
2021-10-24,20.0,1.1428571428571428,0.0,91660.71428571429,55402.42857142857,14765.0
2021-10-25,19.714285714285715,0.8571428571428571,0.0,91680.42857142857,55403.28571428572,14765.0
2021-10-26,18.714285714285715,0.7142857142857143,0.0,91699.14285714286,55404.0,14765.0
2021-10-27,18.428571428571427,0.7142857142857143,0.0,91717.57142857143,55404.71428571428,14765.0
2021-10-28,18.428571428571427,1.1428571428571428,0.0,91736.0,55405.857142857145,14765.0
2021-10-29,17.0,1.7142857142857142,0.0,91753.0,55407.57142857143,14765.0
2021-10-30,16.714285714285715,2.4285714285714284,0.0,91769.71428571429,55410.0,14765.0
2021-10-31,16.428571428571427,4.0,0.0,91786.14285714286,55414.0,14765.0
2021-11-01,14.714285714285714,5.142857142857143,0.0,91800.85714285714,55419.142857142855,14765.0
2021-11-02,14.571428571428571,6.714285714285714,0.0,91815.42857142857,55425.857142857145,14765.0
2021-11-03,16.0,8.428571428571429,0.0,91831.42857142857,55434.28571428572,14765.0
2021-11-04,15.0,9.0,0.0,91846.42857142857,55443.28571428572,14765.0
2021-11-05,14.571428571428571,9.571428571428571,0.0,91861.0,55452.857142857145,14765.0
2021-11-06,14.428571428571429,10.0,0.0,91875.42857142857,55462.857142857145,14765.0
2021-11-07,15.285714285714286,10.285714285714286,0.0,91890.71428571429,55473.142857142855,14765.0
2021-11-08,17.0,11.285714285714286,0.0,91907.71428571429,55484.42857142857,14765.0
2021-11-09,17.0,10.571428571428571,0.0,91924.71428571429,55495.0,14765.0
2021-11-10,15.428571428571429,9.285714285714286,0.0,91940.14285714286,55504.28571428572,14765.0
2021-11-11,15.571428571428571,9.571428571428571,0.0,91955.71428571429,55513.857142857145,14765.0
2021-11-12,16.571428571428573,9.142857142857142,0.0,91972.28571428571,55523.0,14765.0
2021-11-13,16.571428571428573,9.0,0.0,91988.85714285714,55532.0,14765.0
2021-11-14,15.857142857142858,8.0,0.14285714285714285,92004.71428571429,55540.0,14765.142857142857
2021-11-15,14.857142857142858,7.285714285714286,0.14285714285714285,92019.57142857143,55547.28571428572,14765.285714285714
2021-11-16,13.714285714285714,7.285714285714286,0.14285714285714285,92033.28571428571,55554.57142857143,14765.42857142857
2021-11-17,14.285714285714286,8.142857142857142,0.14285714285714285,92047.57142857143,55562.71428571428,14765.57142857143
2021-11-18,14.428571428571429,7.857142857142857,0.14285714285714285,92062.0,55570.57142857143,14765.714285714286
2021-11-19,13.428571428571429,7.857142857142857,0.14285714285714285,92075.42857142857,55578.42857142857,14765.857142857143
2021-11-20,13.714285714285714,7.428571428571429,0.14285714285714285,92089.14285714286,55585.857142857145,14766.0
2021-11-21,13.428571428571429,8.0,0.0,92102.57142857143,55593.857142857145,14766.0
2021-11-22,14.285714285714286,8.857142857142858,0.0,92116.85714285714,55602.71428571428,14766.0
2021-11-23,15.0,9.285714285714286,0.14285714285714285,92131.85714285714,55612.0,14766.142857142857
2021-11-24,15.428571428571429,9.714285714285714,0.14285714285714285,92147.28571428571,55621.71428571428,14766.285714285714
2021-11-25,15.714285714285714,10.142857142857142,0.14285714285714285,92163.0,55631.857142857145,14766.42857142857
2021-11-26,15.428571428571429,10.142857142857142,0.14285714285714285,92178.42857142857,55642.0,14766.57142857143
2021-11-27,16.571428571428573,11.714285714285714,0.14285714285714285,92195.0,55653.71428571428,14766.714285714286
2021-11-28,16.857142857142858,12.142857142857142,0.14285714285714285,92211.85714285714,55665.857142857145,14766.857142857143
2021-11-29,17.285714285714285,12.571428571428571,0.14285714285714285,92229.14285714286,55678.42857142857,14767.0
2021-11-30,17.285714285714285,12.857142857142858,0.0,92246.42857142857,55691.28571428572,14767.0
2021-12-01,17.142857142857142,13.0,0.0,92263.57142857143,55704.28571428572,14767.0
2021-12-02,16.428571428571427,12.571428571428571,0.0,92280.0,55716.857142857145,14767.0
2021-12-03,17.285714285714285,14.0,0.0,92297.28571428571,55730.857142857145,14767.0
2021-12-04,16.428571428571427,13.571428571428571,0.0,92313.71428571429,55744.42857142857,14767.0
2021-12-05,17.428571428571427,14.0,0.14285714285714285,92331.14285714286,55758.42857142857,14767.142857142857
2021-12-06,15.285714285714286,12.857142857142858,0.14285714285714285,92346.42857142857,55771.28571428572,14767.285714285714
2021-12-07,15.571428571428571,12.571428571428571,0.14285714285714285,92362.0,55783.857142857145,14767.42857142857
2021-12-08,15.285714285714286,12.142857142857142,0.14285714285714285,92377.28571428571,55796.0,14767.57142857143
2021-12-09,16.857142857142858,13.428571428571429,0.14285714285714285,92394.14285714286,55809.42857142857,14767.714285714286
2021-12-10,15.857142857142858,12.285714285714286,0.14285714285714285,92410.0,55821.71428571428,14767.857142857143
2021-12-11,16.285714285714285,12.714285714285714,0.14285714285714285,92426.28571428571,55834.42857142857,14768.0
2021-12-12,15.428571428571429,12.285714285714286,0.0,92441.71428571429,55846.71428571428,14768.0
2021-12-13,17.285714285714285,13.571428571428571,0.0,92459.0,55860.28571428572,14768.0
2021-12-14,16.714285714285715,13.571428571428571,0.0,92475.71428571429,55873.857142857145,14768.0
2021-12-15,16.428571428571427,13.571428571428571,0.0,92492.14285714286,55887.42857142857,14768.0
2021-12-16,15.571428571428571,12.857142857142858,0.0,92507.71428571429,55900.28571428572,14768.0
2021-12-17,15.571428571428571,12.857142857142858,0.0,92523.28571428571,55913.142857142855,14768.0
2021-12-18,14.428571428571429,12.0,0.0,92537.71428571429,55925.142857142855,14768.0
2021-12-19,13.571428571428571,11.0,0.0,92551.28571428571,55936.142857142855,14768.0
2021-12-20,13.714285714285714,9.857142857142858,0.0,92565.0,55946.0,14768.0
2021-12-21,13.0,8.571428571428571,0.0,92578.0,55954.57142857143,14768.0
2021-12-22,12.571428571428571,7.857142857142857,0.14285714285714285,92590.57142857143,55962.42857142857,14768.142857142857
2021-12-23,11.428571428571429,6.857142857142857,0.14285714285714285,92602.0,55969.28571428572,14768.285714285714
2021-12-24,11.857142857142858,6.857142857142857,0.14285714285714285,92613.85714285714,55976.142857142855,14768.42857142857
2021-12-25,14.285714285714286,8.0,0.14285714285714285,92628.14285714286,55984.142857142855,14768.57142857143
2021-12-26,17.0,10.285714285714286,0.14285714285714285,92645.14285714286,55994.42857142857,14768.714285714286
2021-12-27,17.428571428571427,11.428571428571429,0.14285714285714285,92662.57142857143,56005.857142857145,14768.857142857143
2021-12-28,19.571428571428573,13.142857142857142,0.14285714285714285,92682.14285714286,56019.0,14769.0
2021-12-29,19.714285714285715,13.142857142857142,0.0,92701.85714285714,56032.142857142855,14769.0
2021-12-30,20.428571428571427,14.142857142857142,0.0,92722.28571428571,56046.28571428572,14769.0
2021-12-31,19.857142857142858,13.714285714285714,0.0,92742.14285714286,56060.0,14769.0
2022-01-01,18.0,12.0,0.14285714285714285,92760.14285714286,56072.0,14769.142857142857
2022-01-02,16.857142857142858,9.142857142857142,0.14285714285714285,92777.0,56081.142857142855,14769.285714285714
2022-01-03,16.285714285714285,7.0,0.14285714285714285,92793.28571428571,56088.142857142855,14769.42857142857
2022-01-04,16.142857142857142,5.428571428571429,0.14285714285714285,92809.42857142857,56093.57142857143,14769.57142857143
2022-01-05,17.142857142857142,5.142857142857143,0.14285714285714285,92826.57142857143,56098.71428571428,14769.714285714286
2022-01-06,17.857142857142858,4.428571428571429,0.14285714285714285,92844.42857142857,56103.142857142855,14769.857142857143
2022-01-07,19.571428571428573,4.0,0.14285714285714285,92864.0,56107.142857142855,14770.0
2022-01-08,19.428571428571427,3.5714285714285716,0.14285714285714285,92883.42857142857,56110.71428571428,14770.142857142857
2022-01-09,17.571428571428573,3.142857142857143,0.14285714285714285,92901.0,56113.857142857145,14770.285714285714
2022-01-10,16.857142857142858,2.4285714285714284,0.2857142857142857,92917.85714285714,56116.28571428572,14770.57142857143
2022-01-11,15.285714285714286,2.2857142857142856,0.2857142857142857,92933.14285714286,56118.57142857143,14770.857142857143
2022-01-12,14.428571428571429,1.7142857142857142,0.2857142857142857,92947.57142857143,56120.28571428572,14771.142857142857
2022-01-13,14.142857142857142,1.2857142857142858,0.2857142857142857,92961.71428571429,56121.57142857143,14771.42857142857
2022-01-14,13.142857142857142,1.1428571428571428,0.2857142857142857,92974.85714285714,56122.71428571428,14771.714285714286
2022-01-15,12.285714285714286,0.8571428571428571,0.14285714285714285,92987.14285714286,56123.57142857143,14771.857142857143
2022-01-16,13.0,0.8571428571428571,0.14285714285714285,93000.14285714286,56124.42857142857,14772.0
2022-01-17,13.428571428571429,1.0,0.0,93013.57142857143,56125.42857142857,14772.0
2022-01-18,14.142857142857142,0.7142857142857143,0.0,93027.71428571429,56126.142857142855,14772.0
2022-01-19,13.714285714285714,0.8571428571428571,0.0,93041.42857142857,56127.0,14772.0
2022-01-20,14.0,0.7142857142857143,0.0,93055.42857142857,56127.71428571428,14772.0
2022-01-21,13.571428571428571,0.8571428571428571,0.0,93069.0,56128.57142857143,14772.0
2022-01-22,15.571428571428571,1.0,0.14285714285714285,93084.57142857143,56129.57142857143,14772.142857142857
2022-01-23,16.142857142857142,1.1428571428571428,0.14285714285714285,93100.71428571429,56130.71428571428,14772.285714285714
2022-01-24,14.285714285714286,0.8571428571428571,0.14285714285714285,93115.0,56131.57142857143,14772.42857142857
2022-01-25,14.142857142857142,0.8571428571428571,0.14285714285714285,93129.14285714286,56132.42857142857,14772.57142857143
2022-01-26,14.714285714285714,1.0,0.14285714285714285,93143.85714285714,56133.42857142857,14772.714285714286
2022-01-27,13.428571428571429,0.7142857142857143,0.14285714285714285,93157.28571428571,56134.142857142855,14772.857142857143
2022-01-28,13.285714285714286,0.5714285714285714,0.14285714285714285,93170.57142857143,56134.71428571428,14773.0
2022-01-29,11.142857142857142,0.5714285714285714,0.0,93181.71428571429,56135.28571428572,14773.0
2022-01-30,10.285714285714286,0.5714285714285714,0.0,93192.0,56135.857142857145,14773.0
2022-01-31,10.714285714285714,0.7142857142857143,0.0,93202.71428571429,56136.57142857143,14773.0
2022-02-01,9.571428571428571,0.7142857142857143,0.0,93212.28571428571,56137.28571428572,14773.0
2022-02-02,8.285714285714286,0.42857142857142855,0.0,93220.57142857143,56137.71428571428,14773.0
2022-02-03,8.142857142857142,0.42857142857142855,0.0,93228.71428571429,56138.142857142855,14773.0
2022-02-04,7.714285714285714,0.5714285714285714,0.0,93236.42857142857,56138.71428571428,14773.0
2022-02-05,8.571428571428571,0.5714285714285714,0.0,93245.0,56139.28571428572,14773.0
2022-02-06,7.857142857142857,0.8571428571428571,0.14285714285714285,93252.85714285714,56140.142857142855,14773.142857142857
2022-02-07,7.285714285714286,0.8571428571428571,0.14285714285714285,93260.14285714286,56141.0,14773.285714285714
2022-02-08,7.428571428571429,0.8571428571428571,0.14285714285714285,93267.57142857143,56141.857142857145,14773.42857142857
2022-02-09,7.857142857142857,1.0,0.14285714285714285,93275.42857142857,56142.857142857145,14773.57142857143
2022-02-10,7.857142857142857,1.0,0.14285714285714285,93283.28571428571,56143.857142857145,14773.714285714286
2022-02-11,7.857142857142857,0.8571428571428571,0.14285714285714285,93291.14285714286,56144.71428571428,14773.857142857143
2022-02-12,7.571428571428571,0.7142857142857143,0.14285714285714285,93298.71428571429,56145.42857142857,14774.0
2022-02-13,8.428571428571429,0.42857142857142855,0.0,93307.14285714286,56145.857142857145,14774.0
2022-02-14,8.428571428571429,0.42857142857142855,0.0,93315.57142857143,56146.28571428572,14774.0
2022-02-15,8.285714285714286,0.5714285714285714,0.0,93323.85714285714,56146.857142857145,14774.0
2022-02-16,8.857142857142858,0.5714285714285714,0.0,93332.71428571429,56147.42857142857,14774.0
2022-02-17,9.285714285714286,0.7142857142857143,0.0,93342.0,56148.142857142855,14774.0
2022-02-18,9.571428571428571,0.8571428571428571,0.0,93351.57142857143,56149.0,14774.0
2022-02-19,9.857142857142858,0.8571428571428571,0.0,93361.42857142857,56149.857142857145,14774.0
2022-02-20,8.714285714285714,0.7142857142857143,0.0,93370.14285714286,56150.57142857143,14774.0
2022-02-21,9.142857142857142,1.0,0.0,93379.28571428571,56151.57142857143,14774.0
2022-02-22,9.571428571428571,1.4285714285714286,0.0,93388.85714285714,56153.0,14774.0
2022-02-23,9.714285714285714,1.7142857142857142,0.0,93398.57142857143,56154.71428571428,14774.0
2022-02-24,10.428571428571429,1.8571428571428572,0.14285714285714285,93409.0,56156.57142857143,14774.142857142857
2022-02-25,10.571428571428571,2.0,0.14285714285714285,93419.57142857143,56158.57142857143,14774.285714285714
2022-02-26,10.285714285714286,2.0,0.14285714285714285,93429.85714285714,56160.57142857143,14774.42857142857
2022-02-27,11.714285714285714,2.142857142857143,0.14285714285714285,93441.57142857143,56162.71428571428,14774.57142857143
2022-02-28,12.0,1.7142857142857142,0.14285714285714285,93453.57142857143,56164.42857142857,14774.714285714286
2022-03-01,13.714285714285714,1.5714285714285714,0.5714285714285714,93467.28571428571,56166.0,14775.285714285714
2022-03-02,14.285714285714286,1.2857142857142858,0.5714285714285714,93481.57142857143,56167.28571428572,14775.857142857143
2022-03-03,14.0,1.5714285714285714,0.7142857142857143,93495.57142857143,56168.857142857145,14776.57142857143
2022-03-04,14.142857142857142,1.2857142857142858,0.7142857142857143,93509.71428571429,56170.142857142855,14777.285714285714
2022-03-05,15.142857142857142,1.8571428571428572,0.8571428571428571,93524.85714285714,56172.0,14778.142857142857
2022-03-06,16.428571428571427,1.8571428571428572,0.8571428571428571,93541.28571428571,56173.857142857145,14779.0
2022-03-07,16.857142857142858,2.0,1.0,93558.14285714286,56175.857142857145,14780.0
2022-03-08,15.571428571428571,2.0,0.8571428571428571,93573.71428571429,56177.857142857145,14780.857142857143
2022-03-09,14.285714285714286,1.8571428571428572,0.8571428571428571,93588.0,56179.71428571428,14781.714285714286
2022-03-10,14.428571428571429,1.2857142857142858,0.5714285714285714,93602.42857142857,56181.0,14782.285714285714
2022-03-11,15.714285714285714,1.7142857142857142,0.7142857142857143,93618.14285714286,56182.71428571428,14783.0
2022-03-12,15.142857142857142,1.5714285714285714,0.8571428571428571,93633.28571428571,56184.28571428572,14783.857142857143
2022-03-13,15.428571428571429,2.142857142857143,1.1428571428571428,93648.71428571429,56186.42857142857,14785.0
2022-03-14,16.428571428571427,2.7142857142857144,1.1428571428571428,93665.14285714286,56189.142857142855,14786.142857142857
2022-03-15,17.857142857142858,3.142857142857143,1.0,93683.0,56192.28571428572,14787.142857142857
2022-03-16,21.142857142857142,4.285714285714286,1.2857142857142858,93704.14285714286,56196.57142857143,14788.42857142857
2022-03-17,21.428571428571427,5.428571428571429,1.4285714285714286,93725.57142857143,56202.0,14789.857142857143
2022-03-18,21.714285714285715,6.285714285714286,1.5714285714285714,93747.28571428571,56208.28571428572,14791.42857142857
2022-03-19,23.714285714285715,8.714285714285714,1.7142857142857142,93771.0,56217.0,14793.142857142857
2022-03-20,25.571428571428573,12.142857142857142,2.2857142857142856,93796.57142857143,56229.142857142855,14795.42857142857
2022-03-21,27.428571428571427,15.142857142857142,2.857142857142857,93824.0,56244.28571428572,14798.285714285714
2022-03-22,27.714285714285715,16.428571428571427,2.7142857142857144,93851.71428571429,56260.71428571428,14801.0
2022-03-23,28.857142857142858,19.0,2.857142857142857,93880.57142857143,56279.71428571428,14803.857142857143
2022-03-24,29.714285714285715,18.857142857142858,2.7142857142857144,93910.28571428571,56298.57142857143,14806.57142857143
2022-03-25,31.571428571428573,21.285714285714285,3.2857142857142856,93941.85714285714,56319.857142857145,14809.857142857143
2022-03-26,32.857142857142854,21.571428571428573,3.4285714285714284,93974.71428571429,56341.42857142857,14813.285714285714
2022-03-27,32.42857142857143,21.285714285714285,2.857142857142857,94007.14285714286,56362.71428571428,14816.142857142857
2022-03-28,33.285714285714285,22.142857142857142,2.2857142857142856,94040.42857142857,56384.857142857145,14818.42857142857
2022-03-29,35.42857142857143,24.428571428571427,2.7142857142857144,94075.85714285714,56409.28571428572,14821.142857142857
2022-03-30,36.0,25.0,2.5714285714285716,94111.85714285714,56434.28571428572,14823.714285714286
2022-03-31,36.57142857142857,27.142857142857142,2.857142857142857,94148.42857142857,56461.42857142857,14826.57142857143
2022-04-01,39.285714285714285,28.571428571428573,2.7142857142857144,94187.71428571429,56490.0,14829.285714285714
2022-04-02,40.142857142857146,29.714285714285715,3.0,94227.85714285714,56519.71428571428,14832.285714285714
2022-04-03,40.0,28.428571428571427,2.857142857142857,94267.85714285714,56548.142857142855,14835.142857142857
2022-04-04,40.42857142857143,27.0,3.142857142857143,94308.28571428571,56575.142857142855,14838.285714285714
2022-04-05,39.142857142857146,25.285714285714285,3.0,94347.42857142857,56600.42857142857,14841.285714285714
2022-04-06,39.142857142857146,25.142857142857142,3.142857142857143,94386.57142857143,56625.57142857143,14844.42857142857
2022-04-07,43.714285714285715,28.0,3.2857142857142856,94430.28571428571,56653.57142857143,14847.714285714286
2022-04-08,42.857142857142854,28.285714285714285,3.4285714285714284,94473.14285714286,56681.857142857145,14851.142857142857
2022-04-09,44.714285714285715,29.714285714285715,3.0,94517.85714285714,56711.57142857143,14854.142857142857
2022-04-10,47.285714285714285,32.857142857142854,3.0,94565.14285714286,56744.42857142857,14857.142857142857
2022-04-11,48.57142857142857,35.285714285714285,2.7142857142857144,94613.71428571429,56779.71428571428,14859.857142857143
2022-04-12,52.42857142857143,38.142857142857146,3.5714285714285716,94666.14285714286,56817.857142857145,14863.42857142857
2022-04-13,53.285714285714285,39.57142857142857,3.7142857142857144,94719.42857142857,56857.42857142857,14867.142857142857
2022-04-14,55.142857142857146,41.142857142857146,4.285714285714286,94774.57142857143,56898.57142857143,14871.42857142857
2022-04-15,58.714285714285715,43.857142857142854,4.285714285714286,94833.28571428571,56942.42857142857,14875.714285714286
2022-04-16,58.714285714285715,42.57142857142857,4.857142857142857,94892.0,56985.0,14880.57142857143
2022-04-17,61.42857142857143,43.42857142857143,5.571428571428571,94953.42857142857,57028.42857142857,14886.142857142857
2022-04-18,66.71428571428571,47.57142857142857,5.857142857142857,95020.14285714286,57076.0,14892.0
2022-04-19,70.0,51.142857142857146,5.428571428571429,95090.14285714286,57127.142857142855,14897.42857142857
2022-04-20,76.14285714285714,55.714285714285715,6.285714285714286,95166.28571428571,57182.857142857145,14903.714285714286
2022-04-21,77.28571428571429,56.57142857142857,5.857142857142857,95243.57142857143,57239.42857142857,14909.57142857143
2022-04-22,80.57142857142857,57.42857142857143,5.571428571428571,95324.14285714286,57296.857142857145,14915.142857142857
2022-04-23,86.85714285714286,63.857142857142854,5.285714285714286,95411.0,57360.71428571428,14920.42857142857
2022-04-24,93.42857142857143,67.71428571428571,5.142857142857143,95504.42857142857,57428.42857142857,14925.57142857143
2022-04-25,99.14285714285714,72.85714285714286,5.571428571428571,95603.57142857143,57501.28571428572,14931.142857142857
2022-04-26,104.57142857142857,77.28571428571429,5.285714285714286,95708.14285714286,57578.57142857143,14936.42857142857
2022-04-27,105.71428571428571,77.57142857142857,4.285714285714286,95813.85714285714,57656.142857142855,14940.714285714286
2022-04-28,107.14285714285714,78.14285714285714,4.714285714285714,95921.0,57734.28571428572,14945.42857142857
2022-04-29,103.57142857142857,75.71428571428571,4.571428571428571,96024.57142857143,57810.0,14950.0
2022-04-30,102.57142857142857,73.85714285714286,4.714285714285714,96127.14285714286,57883.857142857145,14954.714285714286
2022-05-01,105.0,78.42857142857143,5.285714285714286,96232.14285714286,57962.28571428572,14960.0
2022-05-02,103.57142857142857,78.28571428571429,5.857142857142857,96335.71428571429,58040.57142857143,14965.857142857143
2022-05-03,107.71428571428571,82.28571428571429,8.0,96443.42857142857,58122.857142857145,14973.857142857143
2022-05-04,113.42857142857143,87.14285714285714,9.285714285714286,96556.85714285714,58210.0,14983.142857142857
2022-05-05,121.71428571428571,95.14285714285714,10.0,96678.57142857143,58305.142857142855,14993.142857142857
2022-05-06,135.85714285714286,107.71428571428571,11.571428571428571,96814.42857142857,58412.857142857145,15004.714285714286
2022-05-07,145.28571428571428,116.71428571428571,12.0,96959.71428571429,58529.57142857143,15016.714285714286
2022-05-08,158.85714285714286,127.14285714285714,12.285714285714286,97118.57142857143,58656.71428571428,15029.0
2022-05-09,169.0,135.57142857142858,11.857142857142858,97287.57142857143,58792.28571428572,15040.857142857143
2022-05-10,171.42857142857142,136.42857142857142,9.571428571428571,97459.0,58928.71428571428,15050.42857142857
2022-05-11,177.71428571428572,142.42857142857142,8.714285714285714,97636.71428571429,59071.142857142855,15059.142857142857
2022-05-12,179.0,142.85714285714286,8.285714285714286,97815.71428571429,59214.0,15067.42857142857
2022-05-13,178.28571428571428,142.28571428571428,6.571428571428571,97994.0,59356.28571428572,15074.0
2022-05-14,179.28571428571428,144.0,6.142857142857143,98173.28571428571,59500.28571428572,15080.142857142857
2022-05-15,167.85714285714286,135.57142857142858,4.857142857142857,98341.14285714286,59635.857142857145,15085.0
2022-05-16,166.14285714285714,134.0,5.571428571428571,98507.28571428571,59769.857142857145,15090.57142857143
2022-05-17,161.28571428571428,130.57142857142858,5.857142857142857,98668.57142857143,59900.42857142857,15096.42857142857
2022-05-18,154.57142857142858,124.0,6.0,98823.14285714286,60024.42857142857,15102.42857142857
2022-05-19,150.14285714285714,119.71428571428571,5.428571428571429,98973.28571428571,60144.142857142855,15107.857142857143
2022-05-20,147.42857142857142,117.42857142857143,5.714285714285714,99120.71428571429,60261.57142857143,15113.57142857143
2022-05-21,147.71428571428572,115.85714285714286,5.142857142857143,99268.42857142857,60377.42857142857,15118.714285714286
2022-05-22,150.85714285714286,117.57142857142857,5.714285714285714,99419.28571428571,60495.0,15124.42857142857
2022-05-23,152.57142857142858,116.71428571428571,5.0,99571.85714285714,60611.71428571428,15129.42857142857
2022-05-24,157.57142857142858,121.0,4.428571428571429,99729.42857142857,60732.71428571428,15133.857142857143
2022-05-25,159.85714285714286,124.0,3.857142857142857,99889.28571428571,60856.71428571428,15137.714285714286
2022-05-26,162.14285714285714,126.42857142857143,3.4285714285714284,100051.42857142857,60983.142857142855,15141.142857142857
2022-05-27,155.14285714285714,120.14285714285714,3.0,100206.57142857143,61103.28571428572,15144.142857142857
2022-05-28,144.85714285714286,112.28571428571429,3.142857142857143,100351.42857142857,61215.57142857143,15147.285714285714
2022-05-29,134.57142857142858,104.85714285714286,2.5714285714285716,100486.0,61320.42857142857,15149.857142857143
2022-05-30,121.14285714285714,95.71428571428571,1.5714285714285714,100607.14285714286,61416.142857142855,15151.42857142857
2022-05-31,109.57142857142857,85.85714285714286,1.8571428571428572,100716.71428571429,61502.0,15153.285714285714
2022-06-01,104.42857142857143,80.57142857142857,1.8571428571428572,100821.14285714286,61582.57142857143,15155.142857142857
2022-06-02,98.42857142857143,75.57142857142857,1.7142857142857142,100919.57142857143,61658.142857142855,15156.857142857143
2022-06-03,102.57142857142857,78.28571428571429,2.0,101022.14285714286,61736.42857142857,15158.857142857143
2022-06-04,101.57142857142857,77.28571428571429,1.8571428571428572,101123.71428571429,61813.71428571428,15160.714285714286
2022-06-05,102.0,77.14285714285714,1.7142857142857142,101225.71428571429,61890.857142857145,15162.42857142857
2022-06-06,102.71428571428571,78.14285714285714,1.7142857142857142,101328.42857142857,61969.0,15164.142857142857
2022-06-07,102.85714285714286,78.0,1.5714285714285714,101431.28571428571,62047.0,15165.714285714286
2022-06-08,97.42857142857143,73.28571428571429,1.1428571428571428,101528.71428571429,62120.28571428572,15166.857142857143
2022-06-09,95.85714285714286,71.14285714285714,1.0,101624.57142857143,62191.42857142857,15167.857142857143
2022-06-10,89.42857142857143,67.42857142857143,0.8571428571428571,101714.0,62258.857142857145,15168.714285714286
2022-06-11,87.57142857142857,66.85714285714286,0.7142857142857143,101801.57142857143,62325.71428571428,15169.42857142857
2022-06-12,86.85714285714286,66.14285714285714,0.5714285714285714,101888.42857142857,62391.857142857145,15170.0
2022-06-13,83.42857142857143,61.857142857142854,0.7142857142857143,101971.85714285714,62453.71428571428,15170.714285714286
2022-06-14,86.14285714285714,62.57142857142857,0.7142857142857143,102058.0,62516.28571428572,15171.42857142857
2022-06-15,84.85714285714286,61.42857142857143,1.0,102142.85714285714,62577.71428571428,15172.42857142857
2022-06-16,80.85714285714286,60.285714285714285,1.0,102223.71428571429,62638.0,15173.42857142857
2022-06-17,76.57142857142857,57.285714285714285,0.8571428571428571,102300.28571428571,62695.28571428572,15174.285714285714
2022-06-18,74.0,55.142857142857146,0.7142857142857143,102374.28571428571,62750.42857142857,15175.0
2022-06-19,71.0,52.714285714285715,0.7142857142857143,102445.28571428571,62803.142857142855,15175.714285714286
2022-06-20,74.28571428571429,55.142857142857146,0.8571428571428571,102519.57142857143,62858.28571428572,15176.57142857143
2022-06-21,71.85714285714286,55.42857142857143,0.7142857142857143,102591.42857142857,62913.71428571428,15177.285714285714
2022-06-22,73.71428571428571,57.714285714285715,0.42857142857142855,102665.14285714286,62971.42857142857,15177.714285714286
2022-06-23,73.0,56.142857142857146,0.7142857142857143,102738.14285714286,63027.57142857143,15178.42857142857
2022-06-24,76.57142857142857,58.285714285714285,0.7142857142857143,102814.71428571429,63085.857142857145,15179.142857142857
2022-06-25,78.71428571428571,59.714285714285715,1.1428571428571428,102893.42857142857,63145.57142857143,15180.285714285714
2022-06-26,79.0,59.57142857142857,1.1428571428571428,102972.42857142857,63205.142857142855,15181.42857142857
2022-06-27,76.14285714285714,57.714285714285715,0.8571428571428571,103048.57142857143,63262.857142857145,15182.285714285714
2022-06-28,72.28571428571429,53.285714285714285,1.1428571428571428,103120.85714285714,63316.142857142855,15183.42857142857
2022-06-29,70.85714285714286,51.714285714285715,1.2857142857142858,103191.71428571429,63367.857142857145,15184.714285714286
2022-06-30,69.57142857142857,50.0,1.0,103261.28571428571,63417.857142857145,15185.714285714286
2022-07-01,71.14285714285714,49.57142857142857,0.8571428571428571,103332.42857142857,63467.42857142857,15186.57142857143
2022-07-02,70.28571428571429,47.714285714285715,0.7142857142857143,103402.71428571429,63515.142857142855,15187.285714285714
2022-07-03,72.28571428571429,47.57142857142857,1.0,103475.0,63562.71428571428,15188.285714285714
2022-07-04,75.57142857142857,47.142857142857146,1.0,103550.57142857143,63609.857142857145,15189.285714285714
2022-07-05,76.28571428571429,46.142857142857146,0.7142857142857143,103626.85714285714,63656.0,15190.0
2022-07-06,78.0,44.714285714285715,0.5714285714285714,103704.85714285714,63700.71428571428,15190.57142857143
2022-07-07,79.14285714285714,44.57142857142857,0.7142857142857143,103784.0,63745.28571428572,15191.285714285714
2022-07-08,75.71428571428571,40.857142857142854,0.7142857142857143,103859.71428571429,63786.142857142855,15192.0
2022-07-09,75.14285714285714,40.0,0.42857142857142855,103934.85714285714,63826.142857142855,15192.42857142857
2022-07-10,70.85714285714286,37.714285714285715,0.14285714285714285,104005.71428571429,63863.857142857145,15192.57142857143
2022-07-11,65.14285714285714,35.42857142857143,0.14285714285714285,104070.85714285714,63899.28571428572,15192.714285714286
2022-07-12,61.57142857142857,33.857142857142854,0.14285714285714285,104132.42857142857,63933.142857142855,15192.857142857143
2022-07-13,56.57142857142857,31.714285714285715,0.14285714285714285,104189.0,63964.857142857145,15193.0
2022-07-14,55.142857142857146,32.57142857142857,0.2857142857142857,104244.14285714286,63997.42857142857,15193.285714285714
2022-07-15,53.142857142857146,32.714285714285715,0.2857142857142857,104297.28571428571,64030.142857142855,15193.57142857143
2022-07-16,47.857142857142854,29.142857142857142,0.42857142857142855,104345.14285714286,64059.28571428572,15194.0
2022-07-17,45.0,27.142857142857142,0.42857142857142855,104390.14285714286,64086.42857142857,15194.42857142857
2022-07-18,41.57142857142857,24.857142857142858,0.42857142857142855,104431.71428571429,64111.28571428572,15194.857142857143
2022-07-19,44.142857142857146,26.571428571428573,0.42857142857142855,104475.85714285714,64137.857142857145,15195.285714285714
2022-07-20,44.285714285714285,26.714285714285715,0.42857142857142855,104520.14285714286,64164.57142857143,15195.714285714286
2022-07-21,47.857142857142854,27.714285714285715,0.14285714285714285,104568.0,64192.28571428572,15195.857142857143
2022-07-22,46.714285714285715,27.571428571428573,0.14285714285714285,104614.71428571429,64219.857142857145,15196.0
2022-07-23,48.57142857142857,29.285714285714285,0.0,104663.28571428571,64249.142857142855,15196.0
2022-07-24,47.285714285714285,28.428571428571427,0.2857142857142857,104710.57142857143,64277.57142857143,15196.285714285714
2022-07-25,48.285714285714285,27.571428571428573,0.2857142857142857,104758.85714285714,64305.142857142855,15196.57142857143
2022-07-26,47.142857142857146,25.857142857142858,0.42857142857142855,104806.0,64331.0,15197.0
2022-07-27,46.0,25.571428571428573,0.42857142857142855,104852.0,64356.57142857143,15197.42857142857
2022-07-28,39.42857142857143,21.571428571428573,0.5714285714285714,104891.42857142857,64378.142857142855,15198.0
2022-07-29,38.714285714285715,20.714285714285715,0.5714285714285714,104930.14285714286,64398.857142857145,15198.57142857143
2022-07-30,36.285714285714285,17.714285714285715,0.5714285714285714,104966.42857142857,64416.57142857143,15199.142857142857
2022-07-31,35.0,16.0,0.2857142857142857,105001.42857142857,64432.57142857143,15199.42857142857
2022-08-01,35.0,15.142857142857142,0.7142857142857143,105036.42857142857,64447.71428571428,15200.142857142857
2022-08-02,33.285714285714285,13.285714285714286,0.5714285714285714,105069.71428571429,64461.0,15200.714285714286
2022-08-03,31.142857142857142,11.0,0.5714285714285714,105100.85714285714,64472.0,15201.285714285714
2022-08-04,31.285714285714285,9.857142857142858,0.42857142857142855,105132.14285714286,64481.857142857145,15201.714285714286
2022-08-05,29.142857142857142,7.571428571428571,0.42857142857142855,105161.28571428571,64489.42857142857,15202.142857142857
2022-08-06,29.285714285714285,8.142857142857142,0.42857142857142855,105190.57142857143,64497.57142857143,15202.57142857143
2022-08-07,29.428571428571427,8.571428571428571,0.42857142857142855,105220.0,64506.142857142855,15203.0
2022-08-08,27.285714285714285,8.142857142857142,0.0,105247.28571428571,64514.28571428572,15203.0
2022-08-09,27.714285714285715,9.142857142857142,0.0,105275.0,64523.42857142857,15203.0
2022-08-10,25.857142857142858,8.428571428571429,0.0,105300.85714285714,64531.857142857145,15203.0
2022-08-11,26.857142857142858,9.142857142857142,0.14285714285714285,105327.71428571429,64541.0,15203.142857142857
2022-08-12,27.285714285714285,9.428571428571429,0.2857142857142857,105355.0,64550.42857142857,15203.42857142857
2022-08-13,27.142857142857142,9.0,0.2857142857142857,105382.14285714286,64559.42857142857,15203.714285714286
2022-08-14,27.714285714285715,9.428571428571429,0.2857142857142857,105409.85714285714,64568.857142857145,15204.0
2022-08-15,28.714285714285715,9.857142857142858,0.2857142857142857,105438.57142857143,64578.71428571428,15204.285714285714
2022-08-16,29.0,10.285714285714286,0.2857142857142857,105467.57142857143,64589.0,15204.57142857143
2022-08-17,31.142857142857142,12.285714285714286,0.42857142857142855,105498.71428571429,64601.28571428572,15205.0
2022-08-18,29.285714285714285,12.285714285714286,0.2857142857142857,105528.0,64613.57142857143,15205.285714285714
2022-08-19,28.0,12.142857142857142,0.14285714285714285,105556.0,64625.71428571428,15205.42857142857
2022-08-20,28.142857142857142,12.857142857142858,0.14285714285714285,105584.14285714286,64638.57142857143,15205.57142857143
2022-08-21,28.285714285714285,12.857142857142858,0.14285714285714285,105612.42857142857,64651.42857142857,15205.714285714286
2022-08-22,27.0,13.142857142857142,0.14285714285714285,105639.42857142857,64664.57142857143,15205.857142857143
2022-08-23,25.142857142857142,12.857142857142858,0.14285714285714285,105664.57142857143,64677.42857142857,15206.0
2022-08-24,24.428571428571427,12.0,0.0,105689.0,64689.42857142857,15206.0
2022-08-25,26.571428571428573,13.714285714285714,0.0,105715.57142857143,64703.142857142855,15206.0
2022-08-26,28.571428571428573,13.714285714285714,0.0,105744.14285714286,64716.857142857145,15206.0
2022-08-27,29.428571428571427,14.857142857142858,0.14285714285714285,105773.57142857143,64731.71428571428,15206.142857142857
2022-08-28,28.428571428571427,14.857142857142858,0.2857142857142857,105802.0,64746.57142857143,15206.42857142857
2022-08-29,26.857142857142858,13.285714285714286,0.2857142857142857,105828.85714285714,64759.857142857145,15206.714285714286
2022-08-30,26.0,13.285714285714286,0.2857142857142857,105854.85714285714,64773.142857142855,15207.0
2022-08-31,25.857142857142858,13.428571428571429,0.2857142857142857,105880.71428571429,64786.57142857143,15207.285714285714
2022-09-01,24.428571428571427,12.857142857142858,0.2857142857142857,105905.14285714286,64799.42857142857,15207.57142857143
2022-09-02,23.857142857142858,13.857142857142858,0.2857142857142857,105929.0,64813.28571428572,15207.857142857143
2022-09-03,23.857142857142858,13.714285714285714,0.2857142857142857,105952.85714285714,64827.0,15208.142857142857
2022-09-04,25.0,14.571428571428571,0.14285714285714285,105977.85714285714,64841.57142857143,15208.285714285714
2022-09-05,26.142857142857142,15.428571428571429,0.14285714285714285,106004.0,64857.0,15208.42857142857
2022-09-06,26.571428571428573,14.571428571428571,0.14285714285714285,106030.57142857143,64871.57142857143,15208.57142857143
2022-09-07,26.571428571428573,14.428571428571429,0.14285714285714285,106057.14285714286,64886.0,15208.714285714286
2022-09-08,27.428571428571427,13.857142857142858,0.14285714285714285,106084.57142857143,64899.857142857145,15208.857142857143
2022-09-09,27.0,13.0,0.2857142857142857,106111.57142857143,64912.857142857145,15209.142857142857
2022-09-10,26.571428571428573,12.285714285714286,0.14285714285714285,106138.14285714286,64925.142857142855,15209.285714285714
2022-09-11,25.428571428571427,12.0,0.14285714285714285,106163.57142857143,64937.142857142855,15209.42857142857
2022-09-12,26.0,12.285714285714286,0.14285714285714285,106189.57142857143,64949.42857142857,15209.57142857143
2022-09-13,24.285714285714285,11.857142857142858,0.14285714285714285,106213.85714285714,64961.28571428572,15209.714285714286
2022-09-14,25.142857142857142,12.714285714285714,0.14285714285714285,106239.0,64974.0,15209.857142857143
2022-09-15,22.857142857142858,12.0,0.14285714285714285,106261.85714285714,64986.0,15210.0
2022-09-16,23.285714285714285,12.714285714285714,0.0,106285.14285714286,64998.71428571428,15210.0
2022-09-17,22.142857142857142,13.0,0.14285714285714285,106307.28571428571,65011.71428571428,15210.142857142857
2022-09-18,22.428571428571427,13.0,0.14285714285714285,106329.71428571429,65024.71428571428,15210.285714285714
2022-09-19,21.714285714285715,12.857142857142858,0.14285714285714285,106351.42857142857,65037.57142857143,15210.42857142857
2022-09-20,22.0,12.571428571428571,0.14285714285714285,106373.42857142857,65050.142857142855,15210.57142857143
2022-09-21,21.0,12.0,0.14285714285714285,106394.42857142857,65062.142857142855,15210.714285714286
2022-09-22,22.142857142857142,12.285714285714286,0.14285714285714285,106416.57142857143,65074.42857142857,15210.857142857143
2022-09-23,21.285714285714285,11.857142857142858,0.14285714285714285,106437.85714285714,65086.28571428572,15211.0
2022-09-24,23.285714285714285,12.142857142857142,0.14285714285714285,106461.14285714286,65098.42857142857,15211.142857142857
2022-09-25,22.428571428571427,11.285714285714286,0.14285714285714285,106483.57142857143,65109.71428571428,15211.285714285714
2022-09-26,23.428571428571427,11.857142857142858,0.14285714285714285,106507.0,65121.57142857143,15211.42857142857
2022-09-27,24.142857142857142,12.142857142857142,0.14285714285714285,106531.14285714286,65133.71428571428,15211.57142857143
2022-09-28,24.714285714285715,12.285714285714286,0.2857142857142857,106555.85714285714,65146.0,15211.857142857143
2022-09-29,24.0,12.0,0.2857142857142857,106579.85714285714,65158.0,15212.142857142857
2022-09-30,23.571428571428573,11.857142857142858,0.2857142857142857,106603.42857142857,65169.857142857145,15212.42857142857
2022-10-01,22.285714285714285,11.428571428571429,0.14285714285714285,106625.71428571429,65181.28571428572,15212.57142857143
2022-10-02,22.571428571428573,11.428571428571429,0.14285714285714285,106648.28571428571,65192.71428571428,15212.714285714286
2022-10-03,22.571428571428573,11.285714285714286,0.14285714285714285,106670.85714285714,65204.0,15212.857142857143
2022-10-04,24.428571428571427,12.714285714285714,0.14285714285714285,106695.28571428571,65216.71428571428,15213.0
2022-10-05,23.0,11.285714285714286,0.0,106718.28571428571,65228.0,15213.0
2022-10-06,24.857142857142858,12.285714285714286,0.0,106743.14285714286,65240.28571428572,15213.0
2022-10-07,24.714285714285715,12.0,0.0,106767.85714285714,65252.28571428572,15213.0
2022-10-08,23.428571428571427,10.857142857142858,0.0,106791.28571428571,65263.142857142855,15213.0
2022-10-09,22.571428571428573,10.714285714285714,0.0,106813.85714285714,65273.857142857145,15213.0
2022-10-10,20.571428571428573,10.0,0.0,106834.42857142857,65283.857142857145,15213.0
2022-10-11,17.714285714285715,8.714285714285714,0.0,106852.14285714286,65292.57142857143,15213.0
2022-10-12,18.0,9.0,0.0,106870.14285714286,65301.57142857143,15213.0
2022-10-13,16.571428571428573,7.857142857142857,0.0,106886.71428571429,65309.42857142857,15213.0
2022-10-14,17.857142857142858,8.142857142857142,0.0,106904.57142857143,65317.57142857143,15213.0
2022-10-15,18.714285714285715,8.714285714285714,0.14285714285714285,106923.28571428571,65326.28571428572,15213.142857142857
2022-10-16,19.285714285714285,9.285714285714286,0.14285714285714285,106942.57142857143,65335.57142857143,15213.285714285714
2022-10-17,20.0,9.714285714285714,0.14285714285714285,106962.57142857143,65345.28571428572,15213.42857142857
2022-10-18,22.857142857142858,11.571428571428571,0.14285714285714285,106985.42857142857,65356.857142857145,15213.57142857143
2022-10-19,23.857142857142858,12.428571428571429,0.14285714285714285,107009.28571428571,65369.28571428572,15213.714285714286
2022-10-20,26.285714285714285,13.285714285714286,0.42857142857142855,107035.57142857143,65382.57142857143,15214.142857142857
2022-10-21,27.857142857142858,14.285714285714286,0.5714285714285714,107063.42857142857,65396.857142857145,15214.714285714286
2022-10-22,28.428571428571427,14.857142857142858,0.42857142857142855,107091.85714285714,65411.71428571428,15215.142857142857
2022-10-23,31.0,15.714285714285714,0.42857142857142855,107122.85714285714,65427.42857142857,15215.57142857143
2022-10-24,34.285714285714285,17.142857142857142,0.42857142857142855,107157.14285714286,65444.57142857143,15216.0
2022-10-25,33.142857142857146,16.571428571428573,0.42857142857142855,107190.28571428571,65461.142857142855,15216.42857142857
2022-10-26,35.285714285714285,18.0,0.42857142857142855,107225.57142857143,65479.142857142855,15216.857142857143
2022-10-27,34.714285714285715,18.142857142857142,0.14285714285714285,107260.28571428571,65497.28571428572,15217.0
2022-10-28,33.42857142857143,18.142857142857142,0.0,107293.71428571429,65515.42857142857,15217.0
2022-10-29,33.285714285714285,18.714285714285715,0.0,107327.0,65534.142857142855,15217.0
2022-10-30,31.428571428571427,17.428571428571427,0.0,107358.42857142857,65551.57142857143,15217.0
2022-10-31,28.0,16.142857142857142,0.14285714285714285,107386.42857142857,65567.71428571429,15217.142857142857
2022-11-01,29.714285714285715,15.285714285714286,0.14285714285714285,107416.14285714286,65583.0,15217.285714285714
2022-11-02,29.428571428571427,14.428571428571429,0.14285714285714285,107445.57142857143,65597.42857142857,15217.42857142857
2022-11-03,30.285714285714285,14.428571428571429,0.14285714285714285,107475.85714285714,65611.85714285714,15217.57142857143
2022-11-04,30.285714285714285,14.285714285714286,0.14285714285714285,107506.14285714286,65626.14285714286,15217.714285714286
2022-11-05,32.285714285714285,14.285714285714286,0.2857142857142857,107538.42857142857,65640.42857142857,15218.0
2022-11-06,33.857142857142854,15.142857142857142,0.2857142857142857,107572.28571428571,65655.57142857143,15218.285714285714
2022-11-07,38.285714285714285,16.571428571428573,0.14285714285714285,107610.57142857143,65672.14285714286,15218.42857142857
2022-11-08,40.142857142857146,18.857142857142858,0.14285714285714285,107650.71428571429,65691.0,15218.57142857143
2022-11-09,40.57142857142857,19.857142857142858,0.2857142857142857,107691.28571428571,65710.85714285714,15218.857142857143
2022-11-10,41.857142857142854,22.0,0.2857142857142857,107733.14285714286,65732.85714285714,15219.142857142857
2022-11-11,44.714285714285715,23.0,0.42857142857142855,107777.85714285714,65755.85714285714,15219.57142857143
2022-11-12,44.42857142857143,23.0,0.2857142857142857,107822.28571428571,65778.85714285714,15219.857142857143
2022-11-13,43.857142857142854,24.0,0.2857142857142857,107866.14285714286,65802.85714285714,15220.142857142857
2022-11-14,43.285714285714285,25.714285714285715,0.2857142857142857,107909.42857142857,65828.57142857143,15220.42857142857
2022-11-15,44.142857142857146,27.0,0.2857142857142857,107953.57142857143,65855.57142857143,15220.714285714286
2022-11-16,48.142857142857146,30.0,0.14285714285714285,108001.71428571429,65885.57142857143,15220.857142857143
2022-11-17,48.857142857142854,31.714285714285715,0.2857142857142857,108050.57142857143,65917.28571428571,15221.142857142857
2022-11-18,48.42857142857143,32.42857142857143,0.2857142857142857,108099.0,65949.71428571429,15221.42857142857
2022-11-19,49.42857142857143,33.857142857142854,0.2857142857142857,108148.42857142857,65983.57142857143,15221.714285714286
2022-11-20,54.57142857142857,36.57142857142857,0.5714285714285714,108203.0,66020.14285714286,15222.285714285714
2022-11-21,56.57142857142857,38.57142857142857,0.5714285714285714,108259.57142857143,66058.71428571429,15222.857142857143
2022-11-22,56.57142857142857,39.42857142857143,0.5714285714285714,108316.14285714286,66098.14285714286,15223.42857142857
2022-11-23,52.857142857142854,37.142857142857146,0.8571428571428571,108369.0,66135.28571428571,15224.285714285714
2022-11-24,52.857142857142854,35.0,0.7142857142857143,108421.85714285714,66170.28571428571,15225.0
2022-11-25,54.285714285714285,36.285714285714285,0.5714285714285714,108476.14285714286,66206.57142857143,15225.57142857143
2022-11-26,52.714285714285715,34.714285714285715,0.7142857142857143,108528.85714285714,66241.28571428571,15226.285714285714
2022-11-27,49.142857142857146,32.57142857142857,0.5714285714285714,108578.0,66273.85714285714,15226.857142857143
2022-11-28,47.0,30.0,0.5714285714285714,108625.0,66303.85714285714,15227.42857142857
2022-11-29,45.142857142857146,27.857142857142858,0.5714285714285714,108670.14285714286,66331.71428571429,15228.0
2022-11-30,43.857142857142854,26.857142857142858,0.2857142857142857,108714.0,66358.57142857143,15228.285714285714
2022-12-01,46.0,28.857142857142858,0.5714285714285714,108760.0,66387.42857142857,15228.857142857143
2022-12-02,45.0,27.571428571428573,0.5714285714285714,108805.0,66415.0,15229.42857142857
2022-12-03,47.42857142857143,28.714285714285715,0.42857142857142855,108852.42857142857,66443.71428571429,15229.857142857143
2022-12-04,47.714285714285715,28.714285714285715,0.5714285714285714,108900.14285714286,66472.42857142857,15230.42857142857
2022-12-05,49.42857142857143,29.142857142857142,0.5714285714285714,108949.57142857143,66501.57142857143,15231.0
2022-12-06,49.285714285714285,28.142857142857142,0.7142857142857143,108998.85714285714,66529.71428571429,15231.714285714286
2022-12-07,50.142857142857146,28.571428571428573,0.7142857142857143,109049.0,66558.28571428571,15232.42857142857
2022-12-08,44.57142857142857,25.428571428571427,0.42857142857142855,109093.57142857143,66583.71428571429,15232.857142857143
2022-12-09,44.0,24.857142857142858,0.42857142857142855,109137.57142857143,66608.57142857143,15233.285714285714
2022-12-10,41.714285714285715,24.428571428571427,0.42857142857142855,109179.28571428571,66633.0,15233.714285714286
2022-12-11,40.57142857142857,23.571428571428573,0.2857142857142857,109219.85714285714,66656.57142857143,15234.0
2022-12-12,39.285714285714285,23.0,0.7142857142857143,109259.14285714286,66679.57142857143,15234.714285714286
2022-12-13,39.285714285714285,22.714285714285715,0.8571428571428571,109298.42857142857,66702.28571428571,15235.57142857143
2022-12-14,41.0,23.428571428571427,1.0,109339.42857142857,66725.71428571429,15236.57142857143
2022-12-15,44.285714285714285,24.428571428571427,1.2857142857142858,109383.71428571429,66750.14285714286,15237.857142857143
2022-12-16,45.857142857142854,25.428571428571427,1.2857142857142858,109429.57142857143,66775.57142857143,15239.142857142857
2022-12-17,46.0,26.0,1.4285714285714286,109475.57142857143,66801.57142857143,15240.57142857143
2022-12-18,44.857142857142854,25.285714285714285,1.7142857142857142,109520.42857142857,66826.85714285714,15242.285714285714
2022-12-19,43.285714285714285,23.428571428571427,1.8571428571428572,109563.71428571429,66850.28571428571,15244.142857142857
2022-12-20,42.142857142857146,23.857142857142858,1.8571428571428572,109605.85714285714,66874.14285714286,15246.0
2022-12-21,38.285714285714285,22.428571428571427,1.8571428571428572,109644.14285714286,66896.57142857143,15247.857142857143
2022-12-22,34.285714285714285,20.714285714285715,1.5714285714285714,109678.42857142857,66917.28571428571,15249.42857142857
2022-12-23,30.714285714285715,18.285714285714285,1.7142857142857142,109709.14285714286,66935.57142857143,15251.142857142857
2022-12-24,29.285714285714285,16.714285714285715,1.8571428571428572,109738.42857142857,66952.28571428571,15253.0
2022-12-25,29.142857142857142,16.714285714285715,1.4285714285714286,109767.57142857143,66969.0,15254.42857142857
2022-12-26,29.428571428571427,17.714285714285715,1.4285714285714286,109797.0,66986.71428571429,15255.857142857143
2022-12-27,29.0,16.857142857142858,1.1428571428571428,109826.0,67003.57142857143,15257.0
2022-12-28,28.142857142857142,15.714285714285714,1.1428571428571428,109854.14285714286,67019.28571428571,15258.142857142857
2022-12-29,28.0,16.0,1.5714285714285714,109882.14285714286,67035.28571428571,15259.714285714286
2022-12-30,25.714285714285715,15.428571428571429,1.5714285714285714,109907.85714285714,67050.71428571429,15261.285714285714
