date,t_vals,temp
2010-01-01,3653.0,26.7
2010-01-02,3654.0,27.2
2010-01-03,3655.0,28.4
2010-01-04,3656.0,28.5
2010-01-05,3657.0,29.5
2010-01-06,3658.0,27.6
2010-01-07,3659.0,26.9
2010-01-08,3660.0,28.0
2010-01-09,3661.0,27.6
2010-01-10,3662.0,26.1
2010-01-11,3663.0,26.8
2010-01-12,3664.0,25.1
2010-01-13,3665.0,25.0
2010-01-14,3666.0,25.2
2010-01-15,3667.0,23.7
2010-01-16,3668.0,26.5
2010-01-17,3669.0,26.6
2010-01-18,3670.0,27.0
2010-01-19,3671.0,27.2
2010-01-20,3672.0,23.2
2010-01-21,3673.0,23.7
2010-01-22,3674.0,24.4
2010-01-23,3675.0,26.1
2010-01-24,3676.0,27.0
2010-01-25,3677.0,25.1
2010-01-26,3678.0,25.4
2010-01-27,3679.0,25.9
2010-01-28,3680.0,24.2
2010-01-29,3681.0,26.6
2010-01-30,3682.0,27.9
2010-01-31,3683.0,28.0
2010-02-01,3684.0,27.9
2010-02-02,3685.0,29.4
2010-02-03,3686.0,30.6
2010-02-04,3687.0,29.2
2010-02-05,3688.0,30.6
2010-02-06,3689.0,28.5
2010-02-07,3690.0,30.0
2010-02-08,3691.0,25.6
2010-02-09,3692.0,24.1
2010-02-10,3693.0,27.3
2010-02-11,3694.0,27.5
2010-02-12,3695.0,27.4
2010-02-13,3696.0,25.5
2010-02-14,3697.0,24.6
2010-02-15,3698.0,24.4
2010-02-16,3699.0,22.8
2010-02-17,3700.0,25.4
2010-02-18,3701.0,27.5
2010-02-19,3702.0,28.5
2010-02-20,3703.0,28.8
2010-02-21,3704.0,27.9
2010-02-22,3705.0,26.5
2010-02-23,3706.0,28.0
2010-02-24,3707.0,23.5
2010-02-25,3708.0,23.5
2010-02-26,3709.0,24.8
2010-02-27,3710.0,22.3
2010-02-28,3711.0,24.5
2010-03-01,3712.0,26.1
2010-03-02,3713.0,25.7
2010-03-03,3714.0,25.9
2010-03-04,3715.0,26.4
2010-03-05,3716.0,25.8
2010-03-06,3717.0,24.4
2010-03-07,3718.0,24.0
2010-03-08,3719.0,24.1
2010-03-09,3720.0,25.7
2010-03-10,3721.0,26.9
2010-03-11,3722.0,25.5
2010-03-12,3723.0,26.2
2010-03-13,3724.0,25.4
2010-03-14,3725.0,25.4
2010-03-15,3726.0,24.9
2010-03-16,3727.0,25.8
2010-03-17,3728.0,26.8
2010-03-18,3729.0,27.1
2010-03-19,3730.0,27.8
2010-03-20,3731.0,25.0
2010-03-21,3732.0,24.9
2010-03-22,3733.0,23.3
2010-03-23,3734.0,22.8
2010-03-24,3735.0,22.4
2010-03-25,3736.0,24.4
2010-03-26,3737.0,25.1
2010-03-27,3738.0,24.9
2010-03-28,3739.0,24.9
2010-03-29,3740.0,25.4
2010-03-30,3741.0,25.2
2010-03-31,3742.0,25.7
2010-04-01,3743.0,26.7
2010-04-02,3744.0,26.0
2010-04-03,3745.0,25.5
2010-04-04,3746.0,23.4
2010-04-05,3747.0,19.0
2010-04-06,3748.0,19.1
2010-04-07,3749.0,18.9
2010-04-08,3750.0,19.5
2010-04-09,3751.0,19.6
2010-04-10,3752.0,20.2
2010-04-11,3753.0,20.9
2010-04-12,3754.0,21.6
2010-04-13,3755.0,23.2
2010-04-14,3756.0,23.4
2010-04-15,3757.0,21.5
2010-04-16,3758.0,22.7
2010-04-17,3759.0,25.3
2010-04-18,3760.0,26.5
2010-04-19,3761.0,25.5
2010-04-20,3762.0,26.4
2010-04-21,3763.0,24.6
2010-04-22,3764.0,23.5
2010-04-23,3765.0,18.7
2010-04-24,3766.0,17.8
2010-04-25,3767.0,22.3
2010-04-26,3768.0,20.2
2010-04-27,3769.0,18.1
2010-04-28,3770.0,19.5
2010-04-29,3771.0,20.0
2010-04-30,3772.0,19.4
2010-05-01,3773.0,19.6
2010-05-02,3774.0,21.7
2010-05-03,3775.0,22.1
2010-05-04,3776.0,18.6
2010-05-05,3777.0,18.8
2010-05-06,3778.0,22.0
2010-05-07,3779.0,20.2
2010-05-08,3780.0,16.3
2010-05-09,3781.0,13.6
2010-05-10,3782.0,14.2
2010-05-11,3783.0,13.0
2010-05-12,3784.0,13.0
2010-05-13,3785.0,15.9
2010-05-14,3786.0,19.2
2010-05-15,3787.0,20.5
2010-05-16,3788.0,18.0
2010-05-17,3789.0,19.1
2010-05-18,3790.0,12.8
2010-05-19,3791.0,13.7
2010-05-20,3792.0,15.2
2010-05-21,3793.0,16.7
2010-05-22,3794.0,19.9
2010-05-23,3795.0,21.4
2010-05-24,3796.0,20.1
2010-05-25,3797.0,17.1
2010-05-26,3798.0,17.4
2010-05-27,3799.0,18.5
2010-05-28,3800.0,18.4
2010-05-29,3801.0,20.3
2010-05-30,3802.0,17.4
2010-05-31,3803.0,13.5
2010-06-01,3804.0,13.0
2010-06-02,3805.0,16.2
2010-06-03,3806.0,17.8
2010-06-04,3807.0,17.6
2010-06-05,3808.0,14.4
2010-06-06,3809.0,11.8
2010-06-07,3810.0,13.2
2010-06-08,3811.0,16.3
2010-06-09,3812.0,16.0
2010-06-10,3813.0,17.4
2010-06-11,3814.0,17.7
2010-06-12,3815.0,18.2
2010-06-13,3816.0,18.0
2010-06-14,3817.0,18.8
2010-06-15,3818.0,20.8
2010-06-16,3819.0,22.8
2010-06-17,3820.0,22.5
2010-06-18,3821.0,22.1
2010-06-19,3822.0,24.2
2010-06-20,3823.0,18.6
2010-06-21,3824.0,13.6
2010-06-22,3825.0,14.3
2010-06-23,3826.0,17.5
2010-06-24,3827.0,21.3
2010-06-25,3828.0,22.7
2010-06-26,3829.0,22.4
2010-06-27,3830.0,21.9
2010-06-28,3831.0,18.7
2010-06-29,3832.0,17.8
2010-06-30,3833.0,20.1
2010-07-01,3834.0,21.0
2010-07-02,3835.0,21.1
2010-07-03,3836.0,20.0
2010-07-04,3837.0,21.1
2010-07-05,3838.0,22.5
2010-07-06,3839.0,22.0
2010-07-07,3840.0,21.8
2010-07-08,3841.0,20.2
2010-07-09,3842.0,18.5
2010-07-10,3843.0,18.7
2010-07-11,3844.0,18.8
2010-07-12,3845.0,16.0
2010-07-13,3846.0,8.0
2010-07-14,3847.0,8.3
2010-07-15,3848.0,8.9
2010-07-16,3849.0,8.8
2010-07-17,3850.0,10.6
2010-07-18,3851.0,11.1
2010-07-19,3852.0,8.3
2010-07-20,3853.0,13.1
2010-07-21,3854.0,20.8
2010-07-22,3855.0,13.8
2010-07-23,3856.0,12.2
2010-07-24,3857.0,19.7
2010-07-25,3858.0,19.5
2010-07-26,3859.0,12.2
2010-07-27,3860.0,13.7
2010-07-28,3861.0,20.3
2010-07-29,3862.0,20.4
2010-07-30,3863.0,22.1
2010-07-31,3864.0,20.5
2010-08-01,3865.0,14.2
2010-08-02,3866.0,12.0
2010-08-03,3867.0,10.0
2010-08-04,3868.0,7.3
2010-08-05,3869.0,7.3
2010-08-06,3870.0,10.2
2010-08-07,3871.0,17.6
2010-08-08,3872.0,19.3
2010-08-09,3873.0,15.7
2010-08-10,3874.0,17.6
2010-08-11,3875.0,20.6
2010-08-12,3876.0,22.0
2010-08-13,3877.0,12.1
2010-08-14,3878.0,10.1
2010-08-15,3879.0,10.6
2010-08-16,3880.0,15.5
2010-08-17,3881.0,17.8
2010-08-18,3882.0,18.4
2010-08-19,3883.0,19.2
2010-08-20,3884.0,18.2
2010-08-21,3885.0,20.0
2010-08-22,3886.0,21.7
2010-08-23,3887.0,23.7
2010-08-24,3888.0,23.3
2010-08-25,3889.0,23.0
2010-08-26,3890.0,21.7
2010-08-27,3891.0,23.7
2010-08-28,3892.0,24.9
2010-08-29,3893.0,22.2
2010-08-30,3894.0,23.9
2010-08-31,3895.0,24.4
2010-09-01,3896.0,24.8
2010-09-02,3897.0,21.1
2010-09-03,3898.0,16.8
2010-09-04,3899.0,13.9
2010-09-05,3900.0,14.6
2010-09-06,3901.0,18.0
2010-09-07,3902.0,19.7
2010-09-08,3903.0,19.9
2010-09-09,3904.0,22.1
2010-09-10,3905.0,22.6
2010-09-11,3906.0,24.2
2010-09-12,3907.0,24.9
2010-09-13,3908.0,26.0
2010-09-14,3909.0,17.1
2010-09-15,3910.0,16.4
2010-09-16,3911.0,20.0
2010-09-17,3912.0,20.6
2010-09-18,3913.0,20.0
2010-09-19,3914.0,18.4
2010-09-20,3915.0,22.4
2010-09-21,3916.0,24.1
2010-09-22,3917.0,24.3
2010-09-23,3918.0,18.3
2010-09-24,3919.0,19.3
2010-09-25,3920.0,20.6
2010-09-26,3921.0,19.2
2010-09-27,3922.0,20.4
2010-09-28,3923.0,20.8
2010-09-29,3924.0,20.5
2010-09-30,3925.0,19.7
2010-10-01,3926.0,17.8
2010-10-02,3927.0,18.6
2010-10-03,3928.0,17.3
2010-10-04,3929.0,17.2
2010-10-05,3930.0,19.8
2010-10-06,3931.0,24.2
2010-10-07,3932.0,20.0
2010-10-08,3933.0,17.6
2010-10-09,3934.0,19.5
2010-10-10,3935.0,21.1
2010-10-11,3936.0,21.3
2010-10-12,3937.0,22.2
2010-10-13,3938.0,21.9
2010-10-14,3939.0,23.1
2010-10-15,3940.0,22.9
2010-10-16,3941.0,20.5
2010-10-17,3942.0,21.4
2010-10-18,3943.0,19.3
2010-10-19,3944.0,19.8
2010-10-20,3945.0,22.9
2010-10-21,3946.0,23.3
2010-10-22,3947.0,19.3
2010-10-23,3948.0,20.2
2010-10-24,3949.0,22.3
2010-10-25,3950.0,22.6
2010-10-26,3951.0,19.7
2010-10-27,3952.0,19.5
2010-10-28,3953.0,22.7
2010-10-29,3954.0,22.5
2010-10-30,3955.0,20.6
2010-10-31,3956.0,20.2
2010-11-01,3957.0,20.3
2010-11-02,3958.0,20.6
2010-11-03,3959.0,22.0
2010-11-04,3960.0,24.3
2010-11-05,3961.0,19.8
2010-11-06,3962.0,20.6
2010-11-07,3963.0,22.6
2010-11-08,3964.0,26.7
2010-11-09,3965.0,21.9
2010-11-10,3966.0,18.0
2010-11-11,3967.0,19.9
2010-11-12,3968.0,22.3
2010-11-13,3969.0,23.2
2010-11-14,3970.0,24.1
2010-11-15,3971.0,22.8
2010-11-16,3972.0,22.4
2010-11-17,3973.0,22.8
2010-11-18,3974.0,22.3
2010-11-19,3975.0,23.4
2010-11-20,3976.0,24.1
2010-11-21,3977.0,23.5
2010-11-22,3978.0,23.2
2010-11-23,3979.0,24.1
2010-11-24,3980.0,22.7
2010-11-25,3981.0,22.5
2010-11-26,3982.0,23.6
2010-11-27,3983.0,25.8
2010-11-28,3984.0,24.6
2010-11-29,3985.0,23.8
2010-11-30,3986.0,25.5
2010-12-01,3987.0,24.1
2010-12-02,3988.0,25.8
2010-12-03,3989.0,23.1
2010-12-04,3990.0,23.0
2010-12-05,3991.0,22.0
2010-12-06,3992.0,24.7
2010-12-07,3993.0,25.2
2010-12-08,3994.0,25.9
2010-12-09,3995.0,26.4
2010-12-10,3996.0,25.1
2010-12-11,3997.0,23.9
2010-12-12,3998.0,25.8
2010-12-13,3999.0,15.7
2010-12-14,4000.0,18.6
2010-12-15,4001.0,23.2
2010-12-16,4002.0,23.0
2010-12-17,4003.0,25.2
2010-12-18,4004.0,27.4
2010-12-19,4005.0,28.2
2010-12-20,4006.0,26.3
2010-12-21,4007.0,26.2
2010-12-22,4008.0,24.5
2010-12-23,4009.0,25.0
2010-12-24,4010.0,25.5
2010-12-25,4011.0,26.3
2010-12-26,4012.0,28.0
2010-12-27,4013.0,26.4
2010-12-28,4014.0,25.9
2010-12-29,4015.0,26.5
2010-12-30,4016.0,26.8
2010-12-31,4017.0,25.6
2011-01-01,4018.0,23.3
2011-01-02,4019.0,24.5
2011-01-03,4020.0,24.3
2011-01-04,4021.0,25.6
2011-01-05,4022.0,27.6
2011-01-06,4023.0,27.3
2011-01-07,4024.0,28.4
2011-01-08,4025.0,28.3
2011-01-09,4026.0,27.1
2011-01-10,4027.0,27.8
2011-01-11,4028.0,26.2
2011-01-12,4029.0,26.6
2011-01-13,4030.0,25.9
2011-01-14,4031.0,26.8
2011-01-15,4032.0,26.8
2011-01-16,4033.0,27.0
2011-01-17,4034.0,26.3
2011-01-18,4035.0,23.7
2011-01-19,4036.0,26.8
2011-01-20,4037.0,26.2
2011-01-21,4038.0,25.4
2011-01-22,4039.0,26.3
2011-01-23,4040.0,26.5
2011-01-24,4041.0,26.7
2011-01-25,4042.0,27.6
2011-01-26,4043.0,29.0
2011-01-27,4044.0,27.3
2011-01-28,4045.0,25.9
2011-01-29,4046.0,26.8
2011-01-30,4047.0,26.7
2011-01-31,4048.0,27.8
2011-02-01,4049.0,27.9
2011-02-02,4050.0,29.4
2011-02-03,4051.0,30.6
2011-02-04,4052.0,29.2
2011-02-05,4053.0,30.6
2011-02-06,4054.0,28.5
2011-02-07,4055.0,30.0
2011-02-08,4056.0,25.6
2011-02-09,4057.0,24.1
2011-02-10,4058.0,27.3
2011-02-11,4059.0,27.5
2011-02-12,4060.0,27.4
2011-02-13,4061.0,25.5
2011-02-14,4062.0,24.6
2011-02-15,4063.0,24.4
2011-02-16,4064.0,22.8
2011-02-17,4065.0,25.4
2011-02-18,4066.0,27.5
2011-02-19,4067.0,28.5
2011-02-20,4068.0,28.8
2011-02-21,4069.0,27.9
2011-02-22,4070.0,26.5
2011-02-23,4071.0,28.0
2011-02-24,4072.0,23.5
2011-02-25,4073.0,23.5
2011-02-26,4074.0,24.8
2011-02-27,4075.0,22.3
2011-02-28,4076.0,24.5
2011-03-01,4077.0,25.5
2011-03-02,4078.0,25.1
2011-03-03,4079.0,24.8
2011-03-04,4080.0,25.7
2011-03-05,4081.0,25.9
2011-03-06,4082.0,26.0
2011-03-07,4083.0,26.3
2011-03-08,4084.0,26.1
2011-03-09,4085.0,26.8
2011-03-10,4086.0,25.0
2011-03-11,4087.0,25.2
2011-03-12,4088.0,26.1
2011-03-13,4089.0,27.2
2011-03-14,4090.0,24.2
2011-03-15,4091.0,24.7
2011-03-16,4092.0,26.5
2011-03-17,4093.0,27.1
2011-03-18,4094.0,25.1
2011-03-19,4095.0,25.1
2011-03-20,4096.0,25.6
2011-03-21,4097.0,26.0
2011-03-22,4098.0,25.1
2011-03-23,4099.0,26.1
2011-03-24,4100.0,25.7
2011-03-25,4101.0,28.2
2011-03-26,4102.0,28.7
2011-03-27,4103.0,25.8
2011-03-28,4104.0,23.6
2011-03-29,4105.0,23.3
2011-03-30,4106.0,24.9
2011-03-31,4107.0,23.8
2011-04-01,4108.0,24.0
2011-04-02,4109.0,24.2
2011-04-03,4110.0,22.8
2011-04-04,4111.0,24.5
2011-04-05,4112.0,24.0
2011-04-06,4113.0,21.1
2011-04-07,4114.0,20.9
2011-04-08,4115.0,22.4
2011-04-09,4116.0,21.9
2011-04-10,4117.0,20.7
2011-04-11,4118.0,23.0
2011-04-12,4119.0,21.8
2011-04-13,4120.0,23.3
2011-04-14,4121.0,25.7
2011-04-15,4122.0,20.9
2011-04-16,4123.0,23.7
2011-04-17,4124.0,25.8
2011-04-18,4125.0,25.6
2011-04-19,4126.0,24.1
2011-04-20,4127.0,25.4
2011-04-21,4128.0,22.4
2011-04-22,4129.0,26.2
2011-04-23,4130.0,20.7
2011-04-24,4131.0,19.7
2011-04-25,4132.0,22.0
2011-04-26,4133.0,20.7
2011-04-27,4134.0,21.6
2011-04-28,4135.0,22.3
2011-04-29,4136.0,23.0
2011-04-30,4137.0,21.4
2011-05-01,4138.0,17.8
2011-05-02,4139.0,14.6
2011-05-03,4140.0,14.7
2011-05-04,4141.0,16.1
2011-05-05,4142.0,18.5
2011-05-06,4143.0,20.3
2011-05-07,4144.0,21.6
2011-05-08,4145.0,24.1
2011-05-09,4146.0,21.9
2011-05-10,4147.0,24.2
2011-05-11,4148.0,24.1
2011-05-12,4149.0,23.1
2011-05-13,4150.0,23.0
2011-05-14,4151.0,20.8
2011-05-15,4152.0,16.9
2011-05-16,4153.0,16.4
2011-05-17,4154.0,18.0
2011-05-18,4155.0,18.8
2011-05-19,4156.0,18.4
2011-05-20,4157.0,18.1
2011-05-21,4158.0,20.0
2011-05-22,4159.0,22.7
2011-05-23,4160.0,21.7
2011-05-24,4161.0,22.8
2011-05-25,4162.0,22.1
2011-05-26,4163.0,16.9
2011-05-27,4164.0,15.4
2011-05-28,4165.0,15.5
2011-05-29,4166.0,16.5
2011-05-30,4167.0,15.4
2011-05-31,4168.0,15.3
2011-06-01,4169.0,16.4
2011-06-02,4170.0,17.5
2011-06-03,4171.0,18.9
2011-06-04,4172.0,15.6
2011-06-05,4173.0,14.2
2011-06-06,4174.0,18.3
2011-06-07,4175.0,15.9
2011-06-08,4176.0,13.5
2011-06-09,4177.0,15.0
2011-06-10,4178.0,12.6
2011-06-11,4179.0,15.5
2011-06-12,4180.0,18.2
2011-06-13,4181.0,18.2
2011-06-14,4182.0,20.0
2011-06-15,4183.0,19.4
2011-06-16,4184.0,21.0
2011-06-17,4185.0,22.1
2011-06-18,4186.0,22.8
2011-06-19,4187.0,22.8
2011-06-20,4188.0,23.3
2011-06-21,4189.0,22.2
2011-06-22,4190.0,22.6
2011-06-23,4191.0,21.4
2011-06-24,4192.0,19.0
2011-06-25,4193.0,15.9
2011-06-26,4194.0,9.2
2011-06-27,4195.0,5.9
2011-06-28,4196.0,7.8
2011-06-29,4197.0,11.6
2011-06-30,4198.0,16.3
2011-07-01,4199.0,15.8
2011-07-02,4200.0,11.5
2011-07-03,4201.0,9.7
2011-07-04,4202.0,6.8
2011-07-05,4203.0,8.4
2011-07-06,4204.0,10.8
2011-07-07,4205.0,9.6
2011-07-08,4206.0,11.4
2011-07-09,4207.0,15.8
2011-07-10,4208.0,18.3
2011-07-11,4209.0,18.0
2011-07-12,4210.0,21.5
2011-07-13,4211.0,23.3
2011-07-14,4212.0,23.3
2011-07-15,4213.0,22.6
2011-07-16,4214.0,22.5
2011-07-17,4215.0,18.4
2011-07-18,4216.0,19.3
2011-07-19,4217.0,18.4
2011-07-20,4218.0,21.2
2011-07-21,4219.0,14.2
2011-07-22,4220.0,12.7
2011-07-23,4221.0,15.8
2011-07-24,4222.0,19.0
2011-07-25,4223.0,21.3
2011-07-26,4224.0,20.9
2011-07-27,4225.0,20.6
2011-07-28,4226.0,22.1
2011-07-29,4227.0,21.6
2011-07-30,4228.0,19.4
2011-07-31,4229.0,16.4
2011-08-01,4230.0,13.0
2011-08-02,4231.0,8.1
2011-08-03,4232.0,10.7
2011-08-04,4233.0,10.4
2011-08-05,4234.0,15.1
2011-08-06,4235.0,19.3
2011-08-07,4236.0,24.0
2011-08-08,4237.0,24.1
2011-08-09,4238.0,22.9
2011-08-10,4239.0,20.1
2011-08-11,4240.0,21.3
2011-08-12,4241.0,23.3
2011-08-13,4242.0,24.7
2011-08-14,4243.0,21.7
2011-08-15,4244.0,23.4
2011-08-16,4245.0,25.0
2011-08-17,4246.0,21.8
2011-08-18,4247.0,18.3
2011-08-19,4248.0,16.5
2011-08-20,4249.0,9.7
2011-08-21,4250.0,8.7
2011-08-22,4251.0,9.4
2011-08-23,4252.0,10.6
2011-08-24,4253.0,15.5
2011-08-25,4254.0,18.4
2011-08-26,4255.0,20.6
2011-08-27,4256.0,24.8
2011-08-28,4257.0,25.8
2011-08-29,4258.0,28.2
2011-08-30,4259.0,20.3
2011-08-31,4260.0,15.2
2011-09-01,4261.0,14.0
2011-09-02,4262.0,18.6
2011-09-03,4263.0,20.5
2011-09-04,4264.0,25.2
2011-09-05,4265.0,22.9
2011-09-06,4266.0,18.9
2011-09-07,4267.0,20.3
2011-09-08,4268.0,18.3
2011-09-09,4269.0,16.5
2011-09-10,4270.0,17.3
2011-09-11,4271.0,18.3
2011-09-12,4272.0,17.5
2011-09-13,4273.0,20.3
2011-09-14,4274.0,21.7
2011-09-15,4275.0,21.6
2011-09-16,4276.0,24.0
2011-09-17,4277.0,22.7
2011-09-18,4278.0,21.5
2011-09-19,4279.0,21.9
2011-09-20,4280.0,18.9
2011-09-21,4281.0,18.1
2011-09-22,4282.0,20.4
2011-09-23,4283.0,20.1
2011-09-24,4284.0,18.1
2011-09-25,4285.0,20.2
2011-09-26,4286.0,19.67142857142857
2011-09-27,4287.0,19.353061224489796
2011-09-28,4288.0,19.41778425655977
2011-09-29,4289.0,28.7
2011-09-30,4290.0,27.5
2011-10-01,4291.0,20.7
2011-10-02,4292.0,20.1
2011-10-03,4293.0,21.1
2011-10-04,4294.0,21.8
2011-10-05,4295.0,23.8
2011-10-06,4296.0,25.9
2011-10-07,4297.0,28.3
2011-10-08,4298.0,21.5
2011-10-09,4299.0,22.2
2011-10-10,4300.0,22.4
2011-10-11,4301.0,23.8
2011-10-12,4302.0,22.4
2011-10-13,4303.0,21.7
2011-10-14,4304.0,23.4
2011-10-15,4305.0,23.5
2011-10-16,4306.0,23.4
2011-10-17,4307.0,22.9
2011-10-18,4308.0,22.7
2011-10-19,4309.0,22.8
2011-10-20,4310.0,22.2
2011-10-21,4311.0,23.7
2011-10-22,4312.0,24.8
2011-10-23,4313.0,25.8
2011-10-24,4314.0,26.2
2011-10-25,4315.0,22.3
2011-10-26,4316.0,20.7
2011-10-27,4317.0,20.6
2011-10-28,4318.0,23.8
2011-10-29,4319.0,21.7
2011-10-30,4320.0,20.5
2011-10-31,4321.0,19.2
2011-11-01,4322.0,20.8
2011-11-02,4323.0,21.7
2011-11-03,4324.0,22.1
2011-11-04,4325.0,24.3
2011-11-05,4326.0,24.4
2011-11-06,4327.0,21.6
2011-11-07,4328.0,23.8
2011-11-08,4329.0,26.4
2011-11-09,4330.0,27.6
2011-11-10,4331.0,25.7
2011-11-11,4332.0,26.1
2011-11-12,4333.0,23.8
2011-11-13,4334.0,20.2
2011-11-14,4335.0,21.1
2011-11-15,4336.0,21.4
2011-11-16,4337.0,21.7
2011-11-17,4338.0,23.2
2011-11-18,4339.0,24.3
2011-11-19,4340.0,25.3
2011-11-20,4341.0,23.6
2011-11-21,4342.0,21.0
2011-11-22,4343.0,20.4
2011-11-23,4344.0,22.3
2011-11-24,4345.0,24.6
2011-11-25,4346.0,25.6
2011-11-26,4347.0,27.6
2011-11-27,4348.0,26.2
2011-11-28,4349.0,26.6
2011-11-29,4350.0,26.7
2011-11-30,4351.0,24.7
2011-12-01,4352.0,21.1
2011-12-02,4353.0,20.9
2011-12-03,4354.0,22.9
2011-12-04,4355.0,25.5
2011-12-05,4356.0,24.3
2011-12-06,4357.0,24.5
2011-12-07,4358.0,25.2
2011-12-08,4359.0,24.0
2011-12-09,4360.0,24.3
2011-12-10,4361.0,25.5
2011-12-11,4362.0,25.9
2011-12-12,4363.0,27.3
2011-12-13,4364.0,26.1
2011-12-14,4365.0,23.2
2011-12-15,4366.0,22.4
2011-12-16,4367.0,23.4
2011-12-17,4368.0,24.3
2011-12-18,4369.0,24.7
2011-12-19,4370.0,25.9
2011-12-20,4371.0,28.0
2011-12-21,4372.0,27.6
2011-12-22,4373.0,28.7
2011-12-23,4374.0,30.1
2011-12-24,4375.0,26.4
2011-12-25,4376.0,24.3
2011-12-26,4377.0,25.7
2011-12-27,4378.0,26.5
2011-12-28,4379.0,28.5
2011-12-29,4380.0,26.9
2011-12-30,4381.0,26.5
2011-12-31,4382.0,26.6
2012-01-01,4383.0,25.3
2012-01-02,4384.0,25.6
2012-01-03,4385.0,26.4
2012-01-04,4386.0,26.8
2012-01-05,4387.0,27.0
2012-01-06,4388.0,27.2
2012-01-07,4389.0,27.9
2012-01-08,4390.0,29.1
2012-01-09,4391.0,28.8
2012-01-10,4392.0,28.7
2012-01-11,4393.0,28.8
2012-01-12,4394.0,26.2
2012-01-13,4395.0,22.7
2012-01-14,4396.0,24.7
2012-01-15,4397.0,25.3
2012-01-16,4398.0,26.7
2012-01-17,4399.0,27.0
2012-01-18,4400.0,27.0
2012-01-19,4401.0,27.5
2012-01-20,4402.0,28.7
2012-01-21,4403.0,28.8
2012-01-22,4404.0,26.8
2012-01-23,4405.0,27.0
2012-01-24,4406.0,25.2
2012-01-25,4407.0,26.3
2012-01-26,4408.0,26.1
2012-01-27,4409.0,25.2
2012-01-28,4410.0,26.4
2012-01-29,4411.0,27.5
2012-01-30,4412.0,28.6
2012-01-31,4413.0,28.7
2012-02-01,4414.0,29.2
2012-02-02,4415.0,29.0
2012-02-03,4416.0,30.3
2012-02-04,4417.0,29.1
2012-02-05,4418.0,30.8
2012-02-06,4419.0,30.2
2012-02-07,4420.0,29.6
2012-02-08,4421.0,29.4
2012-02-09,4422.0,27.6
2012-02-10,4423.0,27.0
2012-02-11,4424.0,25.9
2012-02-12,4425.0,25.5
2012-02-13,4426.0,27.8
2012-02-14,4427.0,28.8
2012-02-15,4428.0,28.5
2012-02-16,4429.0,27.8
2012-02-17,4430.0,29.6
2012-02-18,4431.0,30.1
2012-02-19,4432.0,28.2
2012-02-20,4433.0,28.4
2012-02-21,4434.0,27.2
2012-02-22,4435.0,23.9
2012-02-23,4436.0,24.2
2012-02-24,4437.0,24.5
2012-02-25,4438.0,25.1
2012-02-26,4439.0,26.7
2012-02-27,4440.0,26.2
2012-02-28,4441.0,25.8
2012-02-29,4442.0,25.8
2012-03-01,4443.0,23.9
2012-03-02,4444.0,23.0
2012-03-03,4445.0,24.6
2012-03-04,4446.0,25.9
2012-03-05,4447.0,29.2
2012-03-06,4448.0,29.2
2012-03-07,4449.0,29.0
2012-03-08,4450.0,27.2
2012-03-09,4451.0,27.9
2012-03-10,4452.0,28.0
2012-03-11,4453.0,27.8
2012-03-12,4454.0,28.4
2012-03-13,4455.0,28.3
2012-03-14,4456.0,24.8
2012-03-15,4457.0,25.3
2012-03-16,4458.0,25.0
2012-03-17,4459.0,26.7
2012-03-18,4460.0,27.0
2012-03-19,4461.0,26.8
2012-03-20,4462.0,26.3
2012-03-21,4463.0,25.6
2012-03-22,4464.0,22.6
2012-03-23,4465.0,23.5
2012-03-24,4466.0,21.7
2012-03-25,4467.0,22.8
2012-03-26,4468.0,21.2
2012-03-27,4469.0,19.6
2012-03-28,4470.0,15.1
2012-03-29,4471.0,17.3
2012-03-30,4472.0,19.8
2012-03-31,4473.0,21.4
2012-04-01,4474.0,23.2
2012-04-02,4475.0,23.6
2012-04-03,4476.0,23.2
2012-04-04,4477.0,26.0
2012-04-05,4478.0,23.0
2012-04-06,4479.0,22.0
2012-04-07,4480.0,24.0
2012-04-08,4481.0,24.2
2012-04-09,4482.0,23.6
2012-04-10,4483.0,23.3
2012-04-11,4484.0,24.8
2012-04-12,4485.0,24.7
2012-04-13,4486.0,25.1
2012-04-14,4487.0,22.6
2012-04-15,4488.0,21.1
2012-04-16,4489.0,20.8
2012-04-17,4490.0,23.0
2012-04-18,4491.0,23.9
2012-04-19,4492.0,22.7
2012-04-20,4493.0,20.7
2012-04-21,4494.0,22.4
2012-04-22,4495.0,20.3
2012-04-23,4496.0,20.4
2012-04-24,4497.0,20.3
2012-04-25,4498.0,20.8
2012-04-26,4499.0,18.9
2012-04-27,4500.0,18.6
2012-04-28,4501.0,18.0
2012-04-29,4502.0,14.5
2012-05-01,4504.0,12.6
2012-05-02,4505.0,17.5
2012-05-03,4506.0,19.5
2012-05-04,4507.0,20.8
2012-05-05,4508.0,21.2
2012-05-06,4509.0,21.5
2012-05-07,4510.0,20.9
2012-05-08,4511.0,21.5
2012-05-09,4512.0,22.1
2012-05-10,4513.0,22.6
2012-05-11,4514.0,20.2
2012-05-12,4515.0,19.0
2012-05-13,4516.0,14.9
2012-05-14,4517.0,16.9
2012-05-15,4518.0,19.8
2012-05-16,4519.0,19.9
2012-05-17,4520.0,20.1
2012-05-18,4521.0,19.9
2012-05-19,4522.0,19.3
2012-05-20,4523.0,20.2
2012-05-21,4524.0,20.4
2012-05-22,4525.0,20.6
2012-05-23,4526.0,18.5
2012-05-24,4527.0,18.2
2012-05-25,4528.0,15.6
2012-05-26,4529.0,17.4
2012-05-27,4530.0,19.9
2012-05-28,4531.0,22.5
2012-05-29,4532.0,23.4
2012-05-30,4533.0,12.2
2012-05-30,4533.0,21.3
2012-05-31,4534.0,19.7
2012-06-01,4535.0,19.9
2012-06-02,4536.0,21.3
2012-06-03,4537.0,19.9
2012-06-04,4538.0,14.0
2012-06-05,4539.0,11.7
2012-06-06,4540.0,10.7
2012-06-07,4541.0,7.0
2012-06-08,4542.0,8.6
2012-06-09,4543.0,13.9
2012-06-10,4544.0,17.6
2012-06-11,4545.0,19.7
2012-06-12,4546.0,22.2
2012-06-13,4547.0,22.8
2012-06-14,4548.0,22.2
2012-06-15,4549.0,21.5
2012-06-16,4550.0,20.4
2012-06-17,4551.0,19.7
2012-06-18,4552.0,19.0
2012-06-19,4553.0,19.3
2012-06-20,4554.0,15.0
2012-06-21,4555.0,16.9
2012-06-22,4556.0,13.1
2012-06-23,4557.0,14.1
2012-06-24,4558.0,17.6
2012-06-25,4559.0,18.0
2012-06-26,4560.0,18.3
2012-06-27,4561.0,20.6
2012-06-28,4562.0,21.8
2012-06-29,4563.0,21.6
2012-06-30,4564.0,22.3
2012-07-01,4565.0,21.7
2012-07-02,4566.0,22.5
2012-07-03,4567.0,21.9
2012-07-04,4568.0,21.6
2012-07-05,4569.0,19.7
2012-07-06,4570.0,15.2
2012-07-07,4571.0,10.1
2012-07-08,4572.0,11.1
2012-07-09,4573.0,14.8
2012-07-10,4574.0,19.7
2012-07-11,4575.0,14.6
2012-07-12,4576.0,12.4
2012-07-13,4577.0,11.7
2012-07-14,4578.0,12.7
2012-07-15,4579.0,13.2
2012-07-16,4580.0,11.2
2012-07-17,4581.0,12.4
2012-07-18,4582.0,11.3
2012-07-19,4583.0,11.6
2012-07-20,4584.0,12.014285714285714
2012-07-21,4585.0,12.059183673469388
2012-07-22,4586.0,11.967638483965015
2012-07-23,4587.0,11.791586838817162
2012-07-24,4588.0,11.87609924436247
2012-07-25,4589.0,11.801256279271394
2012-07-26,4590.0,11.872864319167308
2012-07-27,4591.0,11.911844936191207
2012-07-28,4592.0,11.897210539320563
2012-07-29,4593.0,11.874071520156447
2012-07-30,4594.0,11.860704811040936
2012-07-31,4595.0,21.9
2012-08-01,4596.0,21.7
2012-08-02,4597.0,22.5
2012-08-03,4598.0,22.3
2012-08-04,4599.0,22.7
2012-08-05,4600.0,22.0
2012-08-06,4601.0,21.3
2012-08-07,4602.0,23.2
2012-08-08,4603.0,23.1
2012-08-09,4604.0,21.5
2012-08-10,4605.0,23.0
2012-08-11,4606.0,23.4
2012-08-12,4607.0,24.2
2012-08-13,4608.0,21.1
2012-08-14,4609.0,22.9
2012-08-15,4610.0,24.0
2012-08-16,4611.0,21.7
2012-08-17,4612.0,24.7
2012-08-18,4613.0,25.0
2012-08-19,4614.0,24.0
2012-08-20,4615.0,24.0
2012-08-21,4616.0,24.2
2012-08-22,4617.0,24.8
2012-08-23,4618.0,25.3
2012-08-24,4619.0,24.6
2012-08-25,4620.0,17.2
2012-08-26,4621.0,13.1
2012-08-27,4622.0,11.3
2012-08-28,4623.0,14.0
2012-08-29,4624.0,15.1
2012-08-30,4625.0,20.0
2012-08-31,4626.0,22.3
2012-09-01,4627.0,21.5
2012-09-02,4628.0,22.9
2012-09-03,4629.0,24.3
2012-09-04,4630.0,23.1
2012-09-05,4631.0,23.3
2012-09-06,4632.0,26.4
2012-09-07,4633.0,27.4
2012-09-08,4634.0,25.7
2012-09-09,4635.0,22.0
2012-09-10,4636.0,20.3
2012-09-11,4637.0,19.0
2012-09-12,4638.0,21.0
2012-09-13,4639.0,21.1
2012-09-14,4640.0,23.7
2012-09-15,4641.0,27.6
2012-09-16,4642.0,28.4
2012-09-17,4643.0,27.2
2012-09-18,4644.0,29.9
2012-09-19,4645.0,18.9
2012-09-20,4646.0,16.3
2012-09-21,4647.0,19.1
2012-09-22,4648.0,17.9
2012-09-23,4649.0,19.5
2012-09-24,4650.0,22.9
2012-09-25,4651.0,19.0
2012-09-26,4652.0,12.8
2012-09-27,4653.0,16.5
2012-09-28,4654.0,20.2
2012-09-29,4655.0,17.3
2012-09-30,4656.0,23.0
2012-10-01,4657.0,24.6
2012-10-02,4658.0,26.7
2012-10-03,4659.0,19.9
2012-10-04,4660.0,21.2
2012-10-05,4661.0,24.7
2012-10-06,4662.0,27.1
2012-10-07,4663.0,29.1
2012-10-08,4664.0,29.1
2012-10-09,4665.0,27.9
2012-10-10,4666.0,21.9
2012-10-11,4667.0,19.7
2012-10-12,4668.0,21.3
2012-10-13,4669.0,23.5
2012-10-14,4670.0,23.5
2012-10-15,4671.0,24.5
2012-10-16,4672.0,22.8
2012-10-17,4673.0,23.3
2012-10-18,4674.0,22.4
2012-10-19,4675.0,23.8
2012-10-20,4676.0,21.1
2012-10-21,4677.0,20.6
2012-10-22,4678.0,26.7
2012-10-23,4679.0,20.4
2012-10-24,4680.0,19.7
2012-10-25,4681.0,23.1
2012-10-26,4682.0,23.2
2012-10-27,4683.0,25.7
2012-10-28,4684.0,24.7
2012-10-29,4685.0,27.7
2012-10-30,4686.0,24.9
2012-10-31,4687.0,22.4
2012-11-01,4688.0,21.8
2012-11-02,4689.0,24.2
2012-11-03,4690.0,24.9
2012-11-04,4691.0,25.5
2012-11-05,4692.0,26.5
2012-11-06,4693.0,26.3
2012-11-07,4694.0,26.9
2012-11-08,4695.0,23.1
2012-11-09,4696.0,25.6
2012-11-10,4697.0,26.3
2012-11-11,4698.0,28.2
2012-11-12,4699.0,26.7
2012-11-13,4700.0,23.6
2012-11-14,4701.0,22.4
2012-11-15,4702.0,23.8
2012-11-16,4703.0,24.9
2012-11-17,4704.0,25.9
2012-11-18,4705.0,25.5
2012-11-19,4706.0,24.4
2012-11-20,4707.0,25.8
2012-11-21,4708.0,27.3
2012-11-22,4709.0,30.0
2012-11-23,4710.0,24.2
2012-11-24,4711.0,25.9
2012-11-25,4712.0,25.2
2012-11-26,4713.0,25.5
2012-11-27,4714.0,25.3
2012-11-28,4715.0,26.7
2012-11-29,4716.0,23.9
2012-11-30,4717.0,26.8
2012-12-01,4718.0,26.6
2012-12-02,4719.0,27.0
2012-12-03,4720.0,28.5
2012-12-04,4721.0,28.1
2012-12-05,4722.0,27.9
2012-12-06,4723.0,26.9
2012-12-07,4724.0,28.7
2012-12-08,4725.0,26.9
2012-12-09,4726.0,27.9
2012-12-10,4727.0,29.5
2012-12-11,4728.0,28.8
2012-12-12,4729.0,27.5
2012-12-13,4730.0,22.0
2012-12-14,4731.0,24.2
2012-12-15,4732.0,26.9
2012-12-16,4733.0,27.5
2012-12-17,4734.0,28.5
2012-12-18,4735.0,26.8
2012-12-19,4736.0,28.6
2012-12-20,4737.0,28.5
2012-12-21,4738.0,24.6
2012-12-22,4739.0,26.1
2012-12-23,4740.0,28.2
2012-12-24,4741.0,30.0
2012-12-25,4742.0,30.4
2012-12-26,4743.0,30.5
2012-12-27,4744.0,25.1
2012-12-28,4745.0,25.8
2012-12-29,4746.0,24.3
2012-12-30,4747.0,25.5
2012-12-31,4748.0,27.4
2013-01-01,4749.0,21.5
2013-01-02,4750.0,23.0
2013-01-03,4751.0,25.3
2013-01-04,4752.0,26.9
2013-01-05,4753.0,28.1
2013-01-06,4754.0,28.1
2013-01-07,4755.0,26.4
2013-01-08,4756.0,26.0
2013-01-09,4757.0,26.8
2013-01-10,4758.0,27.2
2013-01-11,4759.0,25.2
2013-01-12,4760.0,25.5
2013-01-13,4761.0,25.5
2013-01-14,4762.0,27.0
2013-01-15,4763.0,25.8
2013-01-16,4764.0,26.1
2013-01-17,4765.0,27.1
2013-01-18,4766.0,28.1
2013-01-19,4767.0,27.0
2013-01-20,4768.0,25.6
2013-01-21,4769.0,26.4
2013-01-22,4770.0,25.7
2013-01-23,4771.0,26.8
2013-01-24,4772.0,28.9
2013-01-25,4773.0,23.8
2013-01-26,4774.0,23.8
2013-01-27,4775.0,24.5
2013-01-28,4776.0,27.0
2013-01-29,4777.0,28.7
2013-01-30,4778.0,29.0
2013-01-31,4779.0,29.2
2013-02-01,4780.0,29.3
2013-02-02,4781.0,28.1
2013-02-03,4782.0,26.9
2013-02-04,4783.0,25.6
2013-02-05,4784.0,25.7
2013-02-06,4785.0,24.6
2013-02-07,4786.0,24.4
2013-02-08,4787.0,25.1
2013-02-09,4788.0,26.2
2013-02-10,4789.0,26.3
2013-02-11,4790.0,24.5
2013-02-12,4791.0,25.3
2013-02-13,4792.0,24.1
2013-02-14,4793.0,23.3
2013-02-15,4794.0,24.8
2013-02-16,4795.0,25.0
2013-02-17,4796.0,27.1
2013-02-18,4797.0,25.9
2013-02-19,4798.0,26.0
2013-02-20,4799.0,25.8
2013-02-21,4800.0,25.2
2013-02-22,4801.0,26.0
2013-02-23,4802.0,27.1
2013-02-24,4803.0,28.1
2013-02-25,4804.0,25.1
2013-02-26,4805.0,24.5
2013-02-27,4806.0,23.2
2013-02-28,4807.0,24.8
2013-03-01,4808.0,27.8
2013-03-02,4809.0,28.1
2013-03-03,4810.0,27.6
2013-03-04,4811.0,25.5
2013-03-05,4812.0,21.7
2013-03-06,4813.0,23.3
2013-03-07,4814.0,23.6
2013-03-08,4815.0,27.3
2013-03-09,4816.0,26.3
2013-03-10,4817.0,24.4
2013-03-11,4818.0,23.9
2013-03-12,4819.0,25.2
2013-03-13,4820.0,22.5
2013-03-14,4821.0,22.9
2013-03-15,4822.0,24.2
2013-03-16,4823.0,25.3
2013-03-17,4824.0,24.1
2013-03-18,4825.0,23.3
2013-03-19,4826.0,23.2
2013-03-20,4827.0,21.7
2013-03-21,4828.0,22.4
2013-03-22,4829.0,22.5
2013-03-23,4830.0,22.9
2013-03-24,4831.0,22.3
2013-03-25,4832.0,23.0
2013-03-26,4833.0,23.7
2013-03-27,4834.0,20.5
2013-03-28,4835.0,20.2
2013-03-29,4836.0,22.9
2013-03-30,4837.0,23.8
2013-03-31,4838.0,25.3
2013-04-01,4839.0,26.3
2013-04-02,4840.0,23.6
2013-04-03,4841.0,24.2
2013-04-04,4842.0,23.3
2013-04-05,4843.0,21.3
2013-04-06,4844.0,20.9
2013-04-07,4845.0,23.4
2013-04-08,4846.0,24.3
2013-04-09,4847.0,23.5
2013-04-10,4848.0,24.8
2013-04-11,4849.0,26.1
2013-04-12,4850.0,22.0
2013-04-13,4851.0,19.1
2013-04-14,4852.0,16.3
2013-04-15,4853.0,17.2
2013-04-16,4854.0,18.4
2013-04-17,4855.0,17.7
2013-04-18,4856.0,18.2
2013-04-19,4857.0,19.8
2013-04-20,4858.0,20.2
2013-04-21,4859.0,20.6
2013-04-22,4860.0,20.7
2013-04-23,4861.0,20.6
2013-04-24,4862.0,20.5
2013-04-25,4863.0,21.3
2013-04-26,4864.0,22.4
2013-04-27,4865.0,24.5
2013-04-28,4866.0,24.8
2013-04-29,4867.0,22.8
2013-04-30,4868.0,22.5
2013-05-01,4869.0,24.9
2013-05-02,4870.0,25.7
2013-05-03,4871.0,26.3
2013-05-04,4872.0,20.4
2013-05-05,4873.0,19.4
2013-05-06,4874.0,16.4
2013-05-07,4875.0,15.7
2013-05-08,4876.0,15.5
2013-05-09,4877.0,17.7
2013-05-10,4878.0,19.5
2013-05-11,4879.0,21.3
2013-05-12,4880.0,18.2
2013-05-13,4881.0,19.3
2013-05-14,4882.0,20.2
2013-05-15,4883.0,19.6
2013-05-16,4884.0,15.4
2013-05-17,4885.0,14.0
2013-05-18,4886.0,19.0
2013-05-19,4887.0,21.0
2013-05-20,4888.0,19.6
2013-05-21,4889.0,18.8
2013-05-22,4890.0,19.6
2013-05-23,4891.0,18.2
2013-05-24,4892.0,17.5
2013-05-25,4893.0,17.3
2013-05-26,4894.0,19.5
2013-05-27,4895.0,20.9
2013-05-28,4896.0,21.8
2013-05-29,4897.0,21.6
2013-05-30,4898.0,15.1
2013-05-31,4899.0,17.2
2013-06-01,4900.0,20.8
2013-06-02,4901.0,19.5
2013-06-03,4902.0,16.8
2013-06-04,4903.0,17.3
2013-06-05,4904.0,19.6
2013-06-06,4905.0,18.9
2013-06-07,4906.0,18.3
2013-06-08,4907.0,18.3
2013-06-09,4908.0,20.8
2013-06-10,4909.0,19.8
2013-06-11,4910.0,18.4
2013-06-12,4911.0,18.1
2013-06-13,4912.0,17.1
2013-06-14,4913.0,16.7
2013-06-15,4914.0,16.6
2013-06-16,4915.0,18.5
2013-06-17,4916.0,19.0
2013-06-18,4917.0,19.8
2013-06-19,4918.0,20.0
2013-06-20,4919.0,18.3
2013-06-21,4920.0,13.2
2013-06-22,4921.0,13.7
2013-06-23,4922.0,14.6
2013-06-24,4923.0,17.8
2013-06-25,4924.0,15.0
2013-06-26,4925.0,15.0
2013-06-27,4926.0,17.8
2013-06-28,4927.0,21.0
2013-06-29,4928.0,21.0
2013-06-30,4929.0,17.8
2013-07-01,4930.0,14.6
2013-07-02,4931.0,16.2
2013-07-03,4932.0,18.6
2013-07-04,4933.0,22.6
2013-07-05,4934.0,22.8
2013-07-06,4935.0,22.2
2013-07-07,4936.0,21.8
2013-07-08,4937.0,18.6
2013-07-09,4938.0,20.3
2013-07-10,4939.0,21.0
2013-07-11,4940.0,20.9
2013-07-12,4941.0,20.6
2013-07-13,4942.0,21.0
2013-07-14,4943.0,20.4
2013-07-15,4944.0,18.9
2013-07-16,4945.0,14.3
2013-07-17,4946.0,17.4
2013-07-18,4947.0,21.0
2013-07-19,4948.0,15.5
2013-07-20,4949.0,13.2
2013-07-21,4950.0,11.2
2013-07-22,4951.0,7.3
2013-07-23,4952.0,6.1
2013-07-24,4953.0,6.7
2013-07-25,4954.0,8.5
2013-07-26,4955.0,14.4
2013-07-27,4956.0,17.0
2013-07-28,4957.0,17.0
2013-07-29,4958.0,18.9
2013-07-30,4959.0,20.2
2013-07-31,4960.0,20.8
2013-08-01,4961.0,22.8
2013-08-02,4962.0,23.0
2013-08-03,4963.0,17.7
2013-08-04,4964.0,17.5
2013-08-05,4965.0,19.1
2013-08-06,4966.0,22.2
2013-08-07,4967.0,22.5
2013-08-08,4968.0,24.4
2013-08-09,4969.0,14.6
2013-08-10,4970.0,8.8
2013-08-11,4971.0,10.1
2013-08-12,4972.0,16.0
2013-08-13,4973.0,14.4
2013-08-14,4974.0,10.0
2013-08-15,4975.0,9.9
2013-08-16,4976.0,14.5
2013-08-17,4977.0,14.9
2013-08-18,4978.0,18.2
2013-08-19,4979.0,19.0
2013-08-20,4980.0,21.5
2013-08-21,4981.0,22.9
2013-08-22,4982.0,23.5
2013-08-23,4983.0,16.6
2013-08-24,4984.0,11.6
2013-08-25,4985.0,9.9
2013-08-26,4986.0,8.5
2013-08-27,4987.0,7.8
2013-08-28,4988.0,9.7
2013-08-29,4989.0,13.8
2013-08-30,4990.0,19.0
2013-08-31,4991.0,23.6
2013-09-01,4992.0,22.6
2013-09-02,4993.0,18.1
2013-09-03,4994.0,19.8
2013-09-04,4995.0,18.7
2013-09-05,4996.0,20.2
2013-09-06,4997.0,21.8
2013-09-07,4998.0,23.4
2013-09-08,4999.0,21.0
2013-09-09,5000.0,22.1
2013-09-10,5001.0,25.1
2013-09-11,5002.0,24.7
2013-09-12,5003.0,25.8
2013-09-13,5004.0,26.1
2013-09-14,5005.0,25.3
2013-09-15,5006.0,20.2
2013-09-16,5007.0,14.9
2013-09-17,5008.0,12.2
2013-09-18,5009.0,12.0
2013-09-19,5010.0,15.3
2013-09-20,5011.0,24.2
2013-09-21,5012.0,23.1
2013-09-22,5013.0,18.2
2013-09-23,5014.0,14.4
2013-09-24,5015.0,12.3
2013-09-25,5016.0,13.5
2013-09-26,5017.0,18.2
2013-09-27,5018.0,20.7
2013-09-28,5019.0,18.5
2013-09-29,5020.0,19.4
2013-09-30,5021.0,18.8
2013-10-01,5022.0,18.4
2013-10-02,5023.0,21.6
2013-10-03,5024.0,21.4
2013-10-04,5025.0,21.0
2013-10-05,5026.0,17.6
2013-10-06,5027.0,18.6
2013-10-07,5028.0,20.7
2013-10-08,5029.0,20.7
2013-10-09,5030.0,23.1
2013-10-10,5031.0,21.7
2013-10-11,5032.0,22.6
2013-10-12,5033.0,21.7
2013-10-13,5034.0,22.8
2013-10-14,5035.0,24.2
2013-10-15,5036.0,22.7
2013-10-16,5037.0,21.4
2013-10-17,5038.0,22.2
2013-10-18,5039.0,23.2
2013-10-19,5040.0,22.7
2013-10-20,5041.0,26.0
2013-10-21,5042.0,24.8
2013-10-22,5043.0,23.8
2013-10-23,5044.0,28.0
2013-10-24,5045.0,22.5
2013-10-25,5046.0,24.0
2013-10-26,5047.0,25.6
2013-10-27,5048.0,23.2
2013-10-28,5049.0,22.0
2013-10-29,5050.0,23.3
2013-10-30,5051.0,24.2
2013-10-31,5052.0,26.8
2013-11-01,5053.0,26.9
2013-11-02,5054.0,24.4
2013-11-03,5055.0,22.2
2013-11-04,5056.0,21.0
2013-11-05,5057.0,22.7
2013-11-06,5058.0,24.2
2013-11-07,5059.0,23.5
2013-11-08,5060.0,25.5
2013-11-09,5061.0,27.7
2013-11-10,5062.0,29.6
2013-11-11,5063.0,28.0
2013-11-12,5064.0,22.4
2013-11-13,5065.0,24.1
2013-11-14,5066.0,26.6
2013-11-15,5067.0,27.4
2013-11-16,5068.0,22.1
2013-11-17,5069.0,23.2
2013-11-18,5070.0,26.2
2013-11-19,5071.0,27.3
2013-11-20,5072.0,24.1
2013-11-21,5073.0,23.2
2013-11-22,5074.0,24.6
2013-11-23,5075.0,24.4
2013-11-24,5076.0,25.8
2013-11-25,5077.0,26.0
2013-11-26,5078.0,26.4
2013-11-27,5079.0,27.3
2013-11-28,5080.0,26.3
2013-11-29,5081.0,22.7
2013-11-30,5082.0,25.2
2013-12-01,5083.0,25.9
2013-12-02,5084.0,25.7
2013-12-03,5085.0,26.4
2013-12-04,5086.0,27.5
2013-12-05,5087.0,27.2
2013-12-06,5088.0,23.5
2013-12-07,5089.0,25.5
2013-12-08,5090.0,26.8
2013-12-09,5091.0,25.7
2013-12-10,5092.0,23.6
2013-12-11,5093.0,24.7
2013-12-12,5094.0,25.5
2013-12-13,5095.0,25.5
2013-12-14,5096.0,25.0
2013-12-15,5097.0,27.2
2013-12-16,5098.0,26.9
2013-12-17,5099.0,26.7
2013-12-18,5100.0,27.1
2013-12-19,5101.0,26.5
2013-12-20,5102.0,25.6
2013-12-21,5103.0,25.9
2013-12-22,5104.0,26.3
2013-12-23,5105.0,27.2
2013-12-24,5106.0,27.5
2013-12-25,5107.0,28.7
2013-12-26,5108.0,28.8
2013-12-27,5109.0,28.1
2013-12-28,5110.0,26.4
2013-12-29,5111.0,26.2
2013-12-30,5112.0,25.7
2013-12-31,5113.0,26.2
2014-01-01,5114.0,27.7
2014-01-02,5115.0,27.6
2014-01-03,5116.0,25.5
2014-01-04,5117.0,23.9
2014-01-05,5118.0,25.9
2014-01-06,5119.0,26.8
2014-01-07,5120.0,26.5
2014-01-08,5121.0,24.2
2014-01-09,5122.0,26.8
2014-01-10,5123.0,28.8
2014-01-11,5124.0,27.9
2014-01-12,5125.0,24.0
2014-01-13,5126.0,23.4
2014-01-14,5127.0,24.1
2014-01-15,5128.0,25.1
2014-01-16,5129.0,25.1
2014-01-17,5130.0,27.2
2014-01-18,5131.0,28.2
2014-01-19,5132.0,28.7
2014-01-20,5133.0,29.2
2014-01-21,5134.0,29.8
2014-01-22,5135.0,30.3
2014-01-23,5136.0,28.9
2014-01-24,5137.0,29.4
2014-01-25,5138.0,24.4
2014-01-26,5139.0,27.7
2014-01-27,5140.0,28.4
2014-01-28,5141.0,29.3
2014-01-29,5142.0,27.7
2014-01-30,5143.0,27.7
2014-01-31,5144.0,27.1
2014-02-01,5145.0,28.6
2014-02-02,5146.0,31.2
2014-02-03,5147.0,30.3
2014-02-04,5148.0,29.6
2014-02-05,5149.0,29.0
2014-02-06,5150.0,30.8
2014-02-07,5151.0,28.2
2014-02-08,5152.0,30.4
2014-02-09,5153.0,29.1
2014-02-10,5154.0,28.4
2014-02-11,5155.0,29.2
2014-02-12,5156.0,28.7
2014-02-13,5157.0,24.9
2014-02-14,5158.0,24.9
2014-02-15,5159.0,24.8
2014-02-16,5160.0,26.4
2014-02-17,5161.0,27.2
2014-02-18,5162.0,28.2
2014-02-19,5163.0,27.5
2014-02-20,5164.0,24.6
2014-02-21,5165.0,27.3
2014-02-22,5166.0,27.0
2014-02-23,5167.0,26.7
2014-02-24,5168.0,27.0
2014-02-25,5169.0,26.3
2014-02-26,5170.0,26.0
2014-02-27,5171.0,23.0
2014-02-28,5172.0,21.8
2014-03-01,5173.0,23.0
2014-03-02,5174.0,23.5
2014-03-03,5175.0,22.3
2014-03-04,5176.0,23.8
2014-03-05,5177.0,24.1
2014-03-06,5178.0,24.9
2014-03-07,5179.0,24.5
2014-03-08,5180.0,24.3
2014-03-09,5181.0,25.0
2014-03-10,5182.0,24.9
2014-03-11,5183.0,24.3
2014-03-12,5184.0,23.8
2014-03-13,5185.0,25.2
2014-03-14,5186.0,27.3
2014-03-15,5187.0,25.4
2014-03-16,5188.0,27.5
2014-03-17,5189.0,26.2
2014-03-18,5190.0,23.4
2014-03-19,5191.0,23.8
2014-03-20,5192.0,23.0
2014-03-21,5193.0,23.1
2014-03-22,5194.0,21.3
2014-03-23,5195.0,19.3
2014-03-24,5196.0,23.3
2014-03-25,5197.0,23.7
2014-03-26,5198.0,24.0
2014-03-27,5199.0,24.5
2014-03-28,5200.0,24.9
2014-03-29,5201.0,26.4
2014-03-30,5202.0,25.6
2014-03-31,5203.0,23.9
2014-04-01,5204.0,25.1
2014-04-02,5205.0,25.0
2014-04-03,5206.0,25.5
2014-04-04,5207.0,26.5
2014-04-05,5208.0,26.2
2014-04-06,5209.0,27.0
2014-04-07,5210.0,27.9
2014-04-08,5211.0,28.4
2014-04-09,5212.0,24.0
2014-04-10,5213.0,23.2
2014-04-11,5214.0,25.3
2014-04-12,5215.0,21.9
2014-04-13,5216.0,17.2
2014-04-14,5217.0,15.8
2014-04-15,5218.0,19.3
2014-04-16,5219.0,22.6
2014-04-17,5220.0,23.9
2014-04-18,5221.0,20.4
2014-04-19,5222.0,19.4
2014-04-20,5223.0,21.2
2014-04-21,5224.0,21.6
2014-04-22,5225.0,22.0
2014-04-23,5226.0,20.0
2014-04-24,5227.0,19.5
2014-04-25,5228.0,17.7
2014-04-26,5229.0,19.2
2014-04-27,5230.0,22.4
2014-04-28,5231.0,20.7
2014-04-29,5232.0,21.0
2014-04-30,5233.0,20.4
2014-05-01,5234.0,18.9
2014-05-02,5235.0,18.9
2014-05-03,5236.0,23.3
2014-05-04,5237.0,23.5
2014-05-05,5238.0,22.6
2014-05-06,5239.0,22.8
2014-05-07,5240.0,23.5
2014-05-08,5241.0,22.5
2014-05-09,5242.0,18.3
2014-05-10,5243.0,17.7
2014-05-11,5244.0,19.8
2014-05-12,5245.0,20.6
2014-05-13,5246.0,20.3
2014-05-14,5247.0,20.7
2014-05-15,5248.0,19.5
2014-05-16,5249.0,20.7
2014-05-17,5250.0,21.0
2014-05-18,5251.0,20.9
2014-05-19,5252.0,20.8
2014-05-20,5253.0,22.2
2014-05-21,5254.0,23.6
2014-05-22,5255.0,21.2
2014-05-23,5256.0,13.0
2014-05-24,5257.0,12.0
2014-05-25,5258.0,13.1
2014-05-26,5259.0,11.1
2014-05-27,5260.0,12.6
2014-05-28,5261.0,13.0
2014-05-29,5262.0,17.0
2014-05-30,5263.0,18.7
2014-05-31,5264.0,17.8
2014-06-01,5265.0,16.1
2014-06-02,5266.0,12.8
2014-06-03,5267.0,15.0
2014-06-04,5268.0,18.5
2014-06-05,5269.0,22.3
2014-06-06,5270.0,21.6
2014-06-07,5271.0,20.8
2014-06-08,5272.0,18.1
2014-06-09,5273.0,16.7
2014-06-10,5274.0,17.7
2014-06-11,5275.0,20.9
2014-06-12,5276.0,23.3
2014-06-13,5277.0,21.0
2014-06-14,5278.0,18.3
2014-06-15,5279.0,19.5
2014-06-16,5280.0,20.5
2014-06-17,5281.0,20.3
2014-06-18,5282.0,17.2
2014-06-19,5283.0,12.4
2014-06-20,5284.0,13.1
2014-06-21,5285.0,16.9
2014-06-22,5286.0,18.1
2014-06-23,5287.0,20.9
2014-06-24,5288.0,21.4
2014-06-25,5289.0,21.5
2014-06-26,5290.0,21.0
2014-06-27,5291.0,19.1
2014-06-28,5292.0,16.8
2014-06-29,5293.0,14.3
2014-06-30,5294.0,12.3
2014-07-01,5295.0,13.4
2014-07-02,5296.0,18.6
2014-07-03,5297.0,22.3
2014-07-04,5298.0,23.1
2014-07-05,5299.0,22.9
2014-07-06,5300.0,17.4
2014-07-07,5301.0,13.5
2014-07-08,5302.0,13.6
2014-07-09,5303.0,17.3
2014-07-10,5304.0,17.6
2014-07-11,5305.0,18.4
2014-07-12,5306.0,19.2
2014-07-13,5307.0,19.8
2014-07-14,5308.0,20.5
2014-07-15,5309.0,20.9
2014-07-16,5310.0,21.6
2014-07-17,5311.0,19.5
2014-07-18,5312.0,15.2
2014-07-19,5313.0,12.0
2014-07-20,5314.0,14.1
2014-07-21,5315.0,18.1
2014-07-22,5316.0,20.7
2014-07-23,5317.0,20.0
2014-07-24,5318.0,12.6
2014-07-25,5319.0,11.0
2014-07-26,5320.0,12.1
2014-07-27,5321.0,14.6
2014-07-28,5322.0,18.4
2014-07-29,5323.0,19.7
2014-07-30,5324.0,19.5
2014-07-31,5325.0,20.5
2014-08-01,5326.0,22.1
2014-08-02,5327.0,22.7
2014-08-03,5328.0,23.2
2014-08-04,5329.0,21.3
2014-08-05,5330.0,18.6
2014-08-06,5331.0,21.1
2014-08-07,5332.0,22.4
2014-08-08,5333.0,18.3
2014-08-09,5334.0,19.5
2014-08-10,5335.0,21.7
2014-08-11,5336.0,21.5
2014-08-12,5337.0,20.9
2014-08-13,5338.0,14.2
2014-08-14,5339.0,11.8
2014-08-15,5340.0,17.1
2014-08-16,5341.0,20.8
2014-08-17,5342.0,21.5
2014-08-18,5343.0,21.5
2014-08-19,5344.0,21.9
2014-08-20,5345.0,21.5
2014-08-21,5346.0,22.3
2014-08-22,5347.0,24.1
2014-08-23,5348.0,25.2
2014-08-24,5349.0,25.4
2014-08-25,5350.0,18.5
2014-08-26,5351.0,14.6
2014-08-27,5352.0,12.5
2014-08-28,5353.0,14.6
2014-08-29,5354.0,17.5
2014-08-30,5355.0,22.5
2014-08-31,5356.0,20.9
2014-09-01,5357.0,22.0
2014-09-02,5358.0,26.6
2014-09-03,5359.0,25.4
2014-09-04,5360.0,23.5
2014-09-05,5361.0,21.3
2014-09-06,5362.0,23.5
2014-09-07,5363.0,21.1
2014-09-08,5364.0,23.5
2014-09-09,5365.0,26.1
2014-09-10,5366.0,27.6
2014-09-11,5367.0,21.4
2014-09-12,5368.0,22.5
2014-09-13,5369.0,26.3
2014-09-14,5370.0,25.3
2014-09-15,5371.0,18.8
2014-09-16,5372.0,18.4
2014-09-17,5373.0,20.7
2014-09-18,5374.0,20.0
2014-09-19,5375.0,18.9
2014-09-20,5376.0,21.0
2014-09-21,5377.0,18.1
2014-09-22,5378.0,19.9
2014-09-23,5379.0,24.3
2014-09-24,5380.0,20.7
2014-09-25,5381.0,20.9
2014-09-26,5382.0,21.4
2014-09-27,5383.0,21.2
2014-09-28,5384.0,23.2
2014-09-29,5385.0,23.7
2014-09-30,5386.0,23.9
2014-10-01,5387.0,22.6
2014-10-02,5388.0,23.6
2014-10-03,5389.0,22.6
2014-10-04,5390.0,22.4
2014-10-05,5391.0,22.9
2014-10-06,5392.0,18.9
2014-10-07,5393.0,21.0
2014-10-08,5394.0,24.7
2014-10-09,5395.0,27.3
2014-10-10,5396.0,27.6
2014-10-11,5397.0,26.2
2014-10-12,5398.0,27.2
2014-10-13,5399.0,27.8
2014-10-14,5400.0,27.5
2014-10-15,5401.0,29.6
2014-10-16,5402.0,30.4
2014-10-17,5403.0,31.7
2014-10-18,5404.0,28.6
2014-10-19,5405.0,25.6
2014-10-20,5406.0,23.7
2014-10-21,5407.0,24.5
2014-10-22,5408.0,24.5
2014-10-23,5409.0,24.7
2014-10-24,5410.0,25.3
2014-10-25,5411.0,26.3
2014-10-26,5412.0,26.2
2014-10-27,5413.0,27.9
2014-10-28,5414.0,28.9
2014-10-29,5415.0,29.5
2014-10-30,5416.0,24.9
2014-10-31,5417.0,24.7
2014-11-01,5418.0,23.6
2014-11-02,5419.0,25.5
2014-11-03,5420.0,27.4
2014-11-04,5421.0,22.3
2014-11-05,5422.0,23.9
2014-11-06,5423.0,26.6
2014-11-07,5424.0,21.9
2014-11-08,5425.0,23.8
2014-11-09,5426.0,24.6
2014-11-10,5427.0,25.3
2014-11-11,5428.0,21.9
2014-11-12,5429.0,23.0
2014-11-13,5430.0,22.5
2014-11-14,5431.0,21.7
2014-11-15,5432.0,21.3
2014-11-16,5433.0,23.0
2014-11-17,5434.0,23.8
2014-11-18,5435.0,24.5
2014-11-19,5436.0,25.8
2014-11-20,5437.0,24.9
2014-11-21,5438.0,24.9
2014-11-22,5439.0,22.9
2014-11-23,5440.0,22.9
2014-11-24,5441.0,25.9
2014-11-25,5442.0,24.8
2014-11-26,5443.0,25.7
2014-11-27,5444.0,27.3
2014-11-28,5445.0,26.4
2014-11-29,5446.0,27.7
2014-11-30,5447.0,28.6
2014-12-01,5448.0,25.5
2014-12-02,5449.0,22.7
2014-12-03,5450.0,23.0
2014-12-04,5451.0,23.1
2014-12-05,5452.0,25.3
2014-12-06,5453.0,25.8
2014-12-07,5454.0,28.4
2014-12-08,5455.0,25.9
2014-12-09,5456.0,26.6
2014-12-10,5457.0,25.0
2014-12-11,5458.0,27.4
2014-12-12,5459.0,25.5
2014-12-13,5460.0,25.9
2014-12-14,5461.0,26.8
2014-12-15,5462.0,26.3
2014-12-16,5463.0,28.0
2014-12-17,5464.0,23.3
2014-12-18,5465.0,25.0
2014-12-19,5466.0,27.1
2014-12-20,5467.0,29.6
2014-12-21,5468.0,25.0
2014-12-22,5469.0,23.4
2014-12-23,5470.0,22.9
2014-12-24,5471.0,24.6
2014-12-25,5472.0,25.7
2014-12-26,5473.0,28.6
2014-12-27,5474.0,26.1
2014-12-28,5475.0,28.9
2014-12-29,5476.0,23.3
2014-12-30,5477.0,25.0
2014-12-31,5478.0,25.4
2015-01-01,5479.0,28.3
2015-01-02,5480.0,22.6
2015-01-03,5481.0,24.2
2015-01-04,5482.0,26.6
2015-01-05,5483.0,26.4
2015-01-06,5484.0,28.2
2015-01-07,5485.0,28.1
2015-01-08,5486.0,26.0
2015-01-09,5487.0,28.2
2015-01-10,5488.0,27.7
2015-01-11,5489.0,27.9
2015-01-12,5490.0,28.1
2015-01-13,5491.0,29.4
2015-01-14,5492.0,26.6
2015-01-15,5493.0,25.9
2015-01-16,5494.0,27.2
2015-01-17,5495.0,27.0
2015-01-18,5496.0,26.4
2015-01-19,5497.0,28.1
2015-01-20,5498.0,25.5
2015-01-21,5499.0,25.3
2015-01-22,5500.0,26.8
2015-01-23,5501.0,27.8
2015-01-24,5502.0,27.6
2015-01-25,5503.0,25.6
2015-01-26,5504.0,26.8
2015-01-27,5505.0,26.1
2015-01-28,5506.0,25.9
2015-01-29,5507.0,24.5
2015-01-30,5508.0,25.4
2015-01-31,5509.0,26.6
2015-02-01,5510.0,28.5
2015-02-02,5511.0,26.8
2015-02-03,5512.0,25.6
2015-02-04,5513.0,25.5
2015-02-05,5514.0,26.6
2015-02-06,5515.0,26.4
2015-02-07,5516.0,26.8
2015-02-08,5517.0,25.9
2015-02-09,5518.0,27.9
2015-02-10,5519.0,27.5
2015-02-11,5520.0,27.3
2015-02-12,5521.0,26.5
2015-02-13,5522.0,25.5
2015-02-14,5523.0,23.6
2015-02-15,5524.0,25.1
2015-02-16,5525.0,26.0
2015-02-17,5526.0,25.6
2015-02-18,5527.0,25.5
2015-02-19,5528.0,23.7
2015-02-20,5529.0,25.2
2015-02-21,5530.0,25.4
2015-02-22,5531.0,26.9
2015-02-23,5532.0,25.1
2015-02-24,5533.0,25.9
2015-02-25,5534.0,27.2
2015-02-26,5535.0,28.2
2015-02-27,5536.0,27.0
2015-02-28,5537.0,26.8
2015-03-01,5538.0,28.0
2015-03-02,5539.0,27.0
2015-03-03,5540.0,28.5
2015-03-04,5541.0,26.0
2015-03-05,5542.0,24.4
2015-03-06,5543.0,25.2
2015-03-07,5544.0,24.2
2015-03-08,5545.0,24.0
2015-03-09,5546.0,25.5
2015-03-10,5547.0,26.1
2015-03-11,5548.0,25.7
2015-03-12,5549.0,25.6
2015-03-13,5550.0,25.9
2015-03-14,5551.0,26.1
2015-03-15,5552.0,25.9
2015-03-16,5553.0,26.9
2015-03-17,5554.0,26.8
2015-03-18,5555.0,27.5
2015-03-19,5556.0,26.9
2015-03-20,5557.0,26.2
2015-03-21,5558.0,25.0
2015-03-22,5559.0,21.2
2015-03-23,5560.0,21.3
2015-03-24,5561.0,24.2
2015-03-25,5562.0,26.0
2015-03-26,5563.0,23.6
2015-03-27,5564.0,23.3
2015-03-28,5565.0,23.0
2015-03-29,5566.0,22.3
2015-03-30,5567.0,22.7
2015-03-31,5568.0,21.6
2015-04-01,5569.0,22.4
2015-04-02,5570.0,23.0
2015-04-03,5571.0,24.8
2015-04-04,5572.0,24.4
2015-04-05,5573.0,23.8
2015-04-06,5574.0,21.1
2015-04-07,5575.0,21.3
2015-04-08,5576.0,22.7
2015-04-09,5577.0,22.3
2015-04-10,5578.0,23.7
2015-04-11,5579.0,24.6
2015-04-12,5580.0,24.5
2015-04-13,5581.0,24.5
2015-04-14,5582.0,22.8
2015-04-15,5583.0,22.3
2015-04-16,5584.0,23.2
2015-04-17,5585.0,23.5
2015-04-18,5586.0,22.5
2015-04-19,5587.0,24.0
2015-04-20,5588.0,27.0
2015-04-21,5589.0,23.2
2015-04-22,5590.0,22.1
2015-04-23,5591.0,21.2
2015-04-24,5592.0,20.2
2015-04-25,5593.0,19.7
2015-04-26,5594.0,21.3
2015-04-27,5595.0,21.5
2015-04-28,5596.0,21.9
2015-04-29,5597.0,21.8
2015-04-30,5598.0,21.9
2015-05-01,5599.0,22.1
2015-05-02,5600.0,23.7
2015-05-03,5601.0,19.6
2015-05-04,5602.0,18.5
2015-05-05,5603.0,16.1
2015-05-06,5604.0,19.0
2015-05-07,5605.0,18.3
2015-05-08,5606.0,20.7
2015-05-09,5607.0,20.8
2015-05-10,5608.0,19.0
2015-05-11,5609.0,18.1
2015-05-12,5610.0,17.3
2015-05-13,5611.0,19.7
2015-05-14,5612.0,18.6
2015-05-15,5613.0,20.8
2015-05-16,5614.0,19.8
2015-05-17,5615.0,20.5
2015-05-18,5616.0,21.7
2015-05-19,5617.0,20.9
2015-05-20,5618.0,20.8
2015-05-21,5619.0,22.7
2015-05-22,5620.0,23.5
2015-05-23,5621.0,25.2
2015-05-24,5622.0,24.1
2015-05-25,5623.0,22.8
2015-05-26,5624.0,22.4
2015-05-27,5625.0,19.6
2015-05-28,5626.0,15.5
2015-05-29,5627.0,16.1
2015-05-30,5628.0,14.4
2015-05-31,5629.0,17.4
2015-06-01,5630.0,17.1
2015-06-02,5631.0,18.4
2015-06-03,5632.0,20.5
2015-06-04,5633.0,21.9
2015-06-05,5634.0,22.6
2015-06-06,5635.0,22.4
2015-06-07,5636.0,22.7
2015-06-08,5637.0,22.3
2015-06-09,5638.0,23.4
2015-06-10,5639.0,24.1
2015-06-11,5640.0,21.7
2015-06-12,5641.0,18.8
2015-06-13,5642.0,21.7
2015-06-14,5643.0,19.1
2015-06-15,5644.0,13.3
2015-06-16,5645.0,13.2
2015-06-17,5646.0,21.6
2015-06-18,5647.0,15.8
2015-06-19,5648.0,11.7
2015-06-20,5649.0,17.1
2015-06-21,5650.0,20.8
2015-06-22,5651.0,21.6
2015-06-23,5652.0,20.5
2015-06-24,5653.0,20.6
2015-06-25,5654.0,19.3
2015-06-26,5655.0,19.5
2015-06-27,5656.0,19.3
2015-06-28,5657.0,20.5
2015-06-29,5658.0,21.7
2015-06-30,5659.0,19.0
2015-07-01,5660.0,18.6
2015-07-02,5661.0,18.1
2015-07-03,5662.0,17.2
2015-07-04,5663.0,10.6
2015-07-05,5664.0,13.4
2015-07-06,5665.0,17.4
2015-07-07,5666.0,18.4
2015-07-08,5667.0,16.5
2015-07-09,5668.0,16.7
2015-07-10,5669.0,16.1
2015-07-11,5670.0,19.0
2015-07-12,5671.0,19.6
2015-07-13,5672.0,23.6
2015-07-14,5673.0,19.0
2015-07-15,5674.0,14.7
2015-07-16,5675.0,15.8
2015-07-17,5676.0,17.4
2015-07-18,5677.0,20.2
2015-07-19,5678.0,22.0
2015-07-20,5679.0,19.4
2015-07-21,5680.0,13.8
2015-07-22,5681.0,12.8
2015-07-23,5682.0,16.2
2015-07-24,5683.0,15.9
2015-07-25,5684.0,15.0
2015-07-26,5685.0,15.4
2015-07-27,5686.0,18.0
2015-07-28,5687.0,19.9
2015-07-29,5688.0,21.0
2015-07-30,5689.0,21.9
2015-07-31,5690.0,23.0
2015-08-01,5691.0,23.9
2015-08-02,5692.0,22.6
2015-08-03,5693.0,23.0
2015-08-04,5694.0,23.3
2015-08-05,5695.0,23.1
2015-08-06,5696.0,24.2
2015-08-07,5697.0,25.1
2015-08-08,5698.0,26.0
2015-08-09,5699.0,25.5
2015-08-10,5700.0,24.9
2015-08-11,5701.0,24.1
2015-08-12,5702.0,24.5
2015-08-13,5703.0,22.9
2015-08-14,5704.0,22.6
2015-08-15,5705.0,21.8
2015-08-16,5706.0,22.3
2015-08-17,5707.0,24.7
2015-08-18,5708.0,20.1
2015-08-19,5709.0,17.5
2015-08-20,5710.0,16.4
2015-08-21,5711.0,20.9
2015-08-22,5712.0,22.2
2015-08-23,5713.0,21.9
2015-08-24,5714.0,18.7
2015-08-25,5715.0,21.2
2015-08-26,5716.0,22.2
2015-08-27,5717.0,19.3
2015-08-28,5718.0,19.3
2015-08-29,5719.0,21.7
2015-08-30,5720.0,22.9
2015-08-31,5721.0,24.0
2015-09-01,5722.0,24.7
2015-09-02,5723.0,22.5
2015-09-03,5724.0,22.5
2015-09-04,5725.0,20.1
2015-09-05,5726.0,18.3
2015-09-06,5727.0,18.5
2015-09-07,5728.0,20.2
2015-09-08,5729.0,21.2
2015-09-09,5730.0,20.3
2015-09-10,5731.0,21.1
2015-09-11,5732.0,14.9
2015-09-12,5733.0,12.7
2015-09-13,5734.0,15.2
2015-09-14,5735.0,19.7
2015-09-15,5736.0,23.9
2015-09-16,5737.0,29.4
2015-09-17,5738.0,30.7
2015-09-18,5739.0,29.4
2015-09-19,5740.0,27.5
2015-09-20,5741.0,25.4
2015-09-21,5742.0,28.4
2015-09-22,5743.0,29.4
2015-09-23,5744.0,28.8
2015-09-24,5745.0,29.8
2015-09-25,5746.0,23.9
2015-09-26,5747.0,22.1
2015-09-27,5748.0,18.5
2015-09-28,5749.0,18.3
2015-09-29,5750.0,20.6
2015-09-30,5751.0,22.8
2015-10-01,5752.0,24.7
2015-10-02,5753.0,24.1
2015-10-03,5754.0,19.3
2015-10-04,5755.0,20.4
2015-10-05,5756.0,24.1
2015-10-06,5757.0,27.7
2015-10-07,5758.0,28.6
2015-10-08,5759.0,29.8
2015-10-09,5760.0,21.2
2015-10-10,5761.0,19.3
2015-10-11,5762.0,16.6
2015-10-12,5763.0,16.8
2015-10-13,5764.0,17.9
2015-10-14,5765.0,26.3
2015-10-15,5766.0,29.5
2015-10-16,5767.0,25.8
2015-10-17,5768.0,22.0
2015-10-18,5769.0,23.0
2015-10-19,5770.0,26.5
2015-10-20,5771.0,30.8
2015-10-21,5772.0,30.8
2015-10-22,5773.0,29.1
2015-10-23,5774.0,25.6
2015-10-24,5775.0,26.5
2015-10-25,5776.0,24.3
2015-10-26,5777.0,23.0
2015-10-27,5778.0,22.6
2015-10-28,5779.0,25.0
2015-10-29,5780.0,27.0
2015-10-30,5781.0,25.3
2015-10-31,5782.0,23.0
2015-11-01,5783.0,24.6
2015-11-02,5784.0,24.1
2015-11-03,5785.0,21.9
2015-11-04,5786.0,23.0
2015-11-05,5787.0,22.7
2015-11-06,5788.0,20.4
2015-11-07,5789.0,22.5
2015-11-08,5790.0,21.5
2015-11-09,5791.0,25.7
2015-11-10,5792.0,27.7
2015-11-11,5793.0,24.2
2015-11-12,5794.0,27.3
2015-11-13,5795.0,29.7
2015-11-14,5796.0,23.9
2015-11-15,5797.0,23.9
2015-11-16,5798.0,23.0
2015-11-17,5799.0,23.6
2015-11-18,5800.0,23.2
2015-11-19,5801.0,24.2
2015-11-20,5802.0,20.7
2015-11-21,5803.0,20.7
2015-11-22,5804.0,23.7
2015-11-23,5805.0,23.7
2015-11-24,5806.0,25.3
2015-11-25,5807.0,26.1
2015-11-26,5808.0,24.8
2015-11-27,5809.0,25.0
2015-11-28,5810.0,22.6
2015-11-29,5811.0,23.4
2015-11-30,5812.0,23.4
2015-12-01,5813.0,24.7
2015-12-02,5814.0,23.5
2015-12-03,5815.0,23.8
2015-12-04,5816.0,22.1
2015-12-05,5817.0,23.4
2015-12-06,5818.0,24.6
2015-12-07,5819.0,23.5
2015-12-08,5820.0,26.1
2015-12-09,5821.0,26.4
2015-12-10,5822.0,22.8
2015-12-11,5823.0,24.7
2015-12-12,5824.0,24.1
2015-12-13,5825.0,23.6
2015-12-14,5826.0,25.9
2015-12-15,5827.0,24.3
2015-12-16,5828.0,26.8
2015-12-17,5829.0,28.0
2015-12-18,5830.0,26.9
2015-12-19,5831.0,22.8
2015-12-20,5832.0,24.8
2015-12-21,5833.0,27.5
2015-12-22,5834.0,28.5
2015-12-23,5835.0,28.9
2015-12-24,5836.0,25.1
2015-12-25,5837.0,25.2
2015-12-26,5838.0,25.5
2015-12-27,5839.0,25.5
2015-12-28,5840.0,26.2
2015-12-29,5841.0,26.0
2015-12-30,5842.0,26.6
2015-12-31,5843.0,25.6
2016-01-01,5844.0,24.1
2016-01-02,5845.0,26.9
2016-01-03,5846.0,27.3
2016-01-04,5847.0,26.6
2016-01-05,5848.0,25.8
2016-01-06,5849.0,26.4
2016-01-07,5850.0,28.1
2016-01-08,5851.0,28.3
2016-01-09,5852.0,27.6
2016-01-10,5853.0,25.3
2016-01-11,5854.0,27.9
2016-01-12,5855.0,29.1
2016-01-13,5856.0,28.2
2016-01-14,5857.0,26.5
2016-01-15,5858.0,27.8
2016-01-16,5859.0,28.0
2016-01-17,5860.0,28.6
2016-01-18,5861.0,27.9
2016-01-19,5862.0,28.0
2016-01-20,5863.0,27.9
2016-01-21,5864.0,27.9
2016-01-22,5865.0,27.6
2016-01-23,5866.0,27.9
2016-01-24,5867.0,29.2
2016-01-25,5868.0,29.5
2016-01-26,5869.0,24.2
2016-01-27,5870.0,25.5
2016-01-28,5871.0,28.2
2016-01-29,5872.0,29.8
2016-01-30,5873.0,24.4
2016-01-31,5874.0,24.1
2016-02-01,5875.0,23.6
2016-02-02,5876.0,24.0
2016-02-03,5877.0,24.2
2016-02-04,5878.0,24.7
2016-02-05,5879.0,26.9
2016-02-06,5880.0,27.5
2016-02-07,5881.0,28.3
2016-02-08,5882.0,28.5
2016-02-09,5883.0,27.5
2016-02-10,5884.0,26.7
2016-02-11,5885.0,27.5
2016-02-12,5886.0,28.0
2016-02-13,5887.0,28.9
2016-02-14,5888.0,29.7
2016-02-15,5889.0,28.3
2016-02-16,5890.0,27.2
2016-02-17,5891.0,29.4
2016-02-18,5892.0,28.4
2016-02-19,5893.0,27.8
2016-02-20,5894.0,27.6
2016-02-21,5895.0,26.3
2016-02-22,5896.0,24.7
2016-02-23,5897.0,24.8
2016-02-24,5898.0,25.0
2016-02-25,5899.0,26.6
2016-02-26,5900.0,27.8
2016-02-27,5901.0,24.0
2016-02-28,5902.0,24.9
2016-02-29,5903.0,26.9
2016-03-01,5904.0,26.4
2016-03-02,5905.0,25.4
2016-03-03,5906.0,22.7
2016-03-04,5907.0,21.1
2016-03-05,5908.0,23.5
2016-03-06,5909.0,23.5
2016-03-07,5910.0,24.6
2016-03-08,5911.0,26.1
2016-03-09,5912.0,23.2
2016-03-10,5913.0,21.3
2016-03-11,5914.0,21.6
2016-03-12,5915.0,19.7
2016-03-13,5916.0,22.7
2016-03-14,5917.0,24.6
2016-03-15,5918.0,26.1
2016-03-16,5919.0,26.3
2016-03-17,5920.0,27.4
2016-03-18,5921.0,28.3
2016-03-19,5922.0,27.7
2016-03-20,5923.0,27.2
2016-03-21,5924.0,24.5
2016-03-22,5925.0,22.7
2016-03-23,5926.0,23.7
2016-03-24,5927.0,22.2
2016-03-25,5928.0,22.5
2016-03-26,5929.0,18.9
2016-03-27,5930.0,19.6
2016-03-28,5931.0,21.6
2016-03-29,5932.0,22.0
2016-03-30,5933.0,23.7
2016-03-31,5934.0,24.9
2016-04-01,5935.0,26.8
2016-04-02,5936.0,28.2
2016-04-03,5937.0,27.6
2016-04-04,5938.0,28.4
2016-04-05,5939.0,28.4
2016-04-06,5940.0,28.4
2016-04-07,5941.0,28.5
2016-04-08,5942.0,28.8
2016-04-09,5943.0,26.0
2016-04-10,5944.0,24.9
2016-04-11,5945.0,24.8
2016-04-12,5946.0,25.8
2016-04-13,5947.0,26.0
2016-04-14,5948.0,26.4
2016-04-15,5949.0,28.3
2016-04-16,5950.0,28.6
2016-04-17,5951.0,28.3
2016-04-18,5952.0,27.9
2016-04-19,5953.0,27.2
2016-04-20,5954.0,28.1
2016-04-21,5955.0,26.8
2016-04-22,5956.0,24.3
2016-04-23,5957.0,27.7
2016-04-24,5958.0,27.9
2016-04-25,5959.0,22.0
2016-04-26,5960.0,14.9
2016-04-27,5961.0,11.2
2016-04-28,5962.0,11.0
2016-04-29,5963.0,19.857142857142858
2016-04-30,5964.0,12.9
2016-05-01,5965.0,13.7
2016-05-02,5966.0,17.4
2016-05-03,5967.0,20.0
2016-05-04,5968.0,19.3
2016-05-05,5969.0,20.3
2016-05-06,5970.0,19.8
2016-05-07,5971.0,19.6
2016-05-08,5972.0,18.7
2016-05-09,5973.0,19.3
2016-05-10,5974.0,21.0
2016-05-11,5975.0,20.6
2016-05-12,5976.0,19.7
2016-05-13,5977.0,18.3
2016-05-14,5978.0,21.8
2016-05-15,5979.0,23.1
2016-05-16,5980.0,15.7
2016-05-17,5981.0,14.0
2016-05-18,5982.0,14.2
2016-05-19,5983.0,15.3
2016-05-20,5984.0,18.3
2016-05-21,5985.0,16.5
2016-05-22,5986.0,14.5
2016-05-23,5987.0,11.6
2016-05-24,5988.0,15.1
2016-05-25,5989.0,18.2
2016-05-26,5990.0,18.8
2016-05-27,5991.0,18.3
2016-05-28,5992.0,17.0
2016-05-29,5993.0,16.5
2016-05-30,5994.0,16.1
2016-05-31,5995.0,15.9
2016-06-01,5996.0,14.1
2016-06-02,5997.0,13.3
2016-06-03,5998.0,12.9
2016-06-04,5999.0,13.3
2016-06-05,6000.0,14.8
2016-06-06,6001.0,12.8
2016-06-07,6002.0,10.8
2016-06-08,6003.0,10.5
2016-06-09,6004.0,9.6
2016-06-10,6005.0,10.0
2016-06-11,6006.0,9.0
2016-06-12,6007.0,8.2
2016-06-13,6008.0,12.2
2016-06-14,6009.0,15.4
2016-06-15,6010.0,17.1
2016-06-16,6011.0,18.6
2016-06-17,6012.0,16.3
2016-06-18,6013.0,14.1
2016-06-19,6014.0,13.8
2016-06-20,6015.0,13.2
2016-06-21,6016.0,14.1
2016-06-22,6017.0,15.3
2016-06-23,6018.0,14.4
2016-06-24,6019.0,18.3
2016-06-25,6020.0,19.3
2016-06-26,6021.0,20.1
2016-06-27,6022.0,18.3
2016-06-28,6023.0,18.5
2016-06-29,6024.0,19.1
2016-06-30,6025.0,18.9
2016-07-01,6026.0,19.9
2016-07-02,6027.0,20.6
2016-07-03,6028.0,21.5
2016-07-04,6029.0,21.1
2016-07-05,6030.0,21.2
2016-07-06,6031.0,12.9
2016-07-07,6032.0,11.5
2016-07-08,6033.0,13.5
2016-07-09,6034.0,19.7
2016-07-10,6035.0,21.8
2016-07-11,6036.0,24.9
2016-07-12,6037.0,20.7
2016-07-13,6038.0,21.1
2016-07-14,6039.0,24.5
2016-07-15,6040.0,19.1
2016-07-16,6041.0,13.3
2016-07-17,6042.0,8.6
2016-07-18,6043.0,7.3
2016-07-19,6044.0,11.9
2016-07-20,6045.0,12.1
2016-07-21,6046.0,12.2
2016-07-22,6047.0,14.2
2016-07-23,6048.0,18.7
2016-07-24,6049.0,19.4
2016-07-25,6050.0,21.8
2016-07-26,6051.0,20.5
2016-07-27,6052.0,11.6
2016-07-28,6053.0,12.7
2016-07-29,6054.0,18.3
2016-07-30,6055.0,20.2
2016-07-31,6056.0,22.2
2016-08-01,6057.0,22.6
2016-08-02,6058.0,21.0
2016-08-03,6059.0,21.5
2016-08-04,6060.0,21.6
2016-08-05,6061.0,22.3
2016-08-06,6062.0,24.0
2016-08-07,6063.0,20.1
2016-08-08,6064.0,15.9
2016-08-09,6065.0,15.7
2016-08-10,6066.0,14.5
2016-08-11,6067.0,14.1
2016-08-12,6068.0,15.9
2016-08-13,6069.0,18.7
2016-08-14,6070.0,19.5
2016-08-15,6071.0,18.6
2016-08-16,6072.0,20.6
2016-08-17,6073.0,23.2
2016-08-18,6074.0,17.1
2016-08-19,6075.0,18.3
2016-08-20,6076.0,18.8
2016-08-21,6077.0,13.5
2016-08-22,6078.0,11.6
2016-08-23,6079.0,14.5
2016-08-24,6080.0,17.7
2016-08-25,6081.0,21.7
2016-08-26,6082.0,24.4
2016-08-27,6083.0,24.6
2016-08-28,6084.0,22.3
2016-08-29,6085.0,18.3
2016-08-30,6086.0,14.6
2016-08-31,6087.0,15.5
2016-09-01,6088.0,17.5
2016-09-02,6089.0,19.1
2016-09-03,6090.0,16.5
2016-09-04,6091.0,16.0
2016-09-05,6092.0,13.6
2016-09-06,6093.0,12.5
2016-09-07,6094.0,12.5
2016-09-08,6095.0,13.9
2016-09-09,6096.0,16.7
2016-09-10,6097.0,20.7
2016-09-11,6098.0,22.9
2016-09-12,6099.0,26.4
2016-09-13,6100.0,22.5
2016-09-14,6101.0,17.0
2016-09-15,6102.0,15.8
2016-09-16,6103.0,18.5
2016-09-17,6104.0,23.1
2016-09-18,6105.0,23.2
2016-09-19,6106.0,19.8
2016-09-20,6107.0,16.5
2016-09-21,6108.0,19.5
2016-09-22,6109.0,21.1
2016-09-23,6110.0,21.6
2016-09-24,6111.0,22.2
2016-09-25,6112.0,19.4
2016-09-26,6113.0,19.8
2016-09-27,6114.0,21.7
2016-09-28,6115.0,23.3
2016-09-29,6116.0,24.2
2016-09-30,6117.0,18.6
2016-10-01,6118.0,21.4
2016-10-02,6119.0,23.1
2016-10-03,6120.0,18.5
2016-10-04,6121.0,19.6
2016-10-05,6122.0,20.6
2016-10-06,6123.0,17.6
2016-10-07,6124.0,18.9
2016-10-08,6125.0,20.9
2016-10-09,6126.0,20.4
2016-10-10,6127.0,22.0
2016-10-11,6128.0,22.3
2016-10-12,6129.0,19.1
2016-10-13,6130.0,20.6
2016-10-14,6131.0,23.7
2016-10-15,6132.0,22.8
2016-10-16,6133.0,28.3
2016-10-17,6134.0,29.6
2016-10-18,6135.0,27.3
2016-10-19,6136.0,30.1
2016-10-20,6137.0,22.5
2016-10-21,6138.0,21.1
2016-10-22,6139.0,23.3
2016-10-23,6140.0,26.9
2016-10-24,6141.0,26.9
2016-10-25,6142.0,22.3
2016-10-26,6143.0,21.5
2016-10-27,6144.0,18.0
2016-10-28,6145.0,15.9
2016-10-29,6146.0,18.9
2016-10-30,6147.0,23.0
2016-10-31,6148.0,25.9
2016-11-01,6149.0,27.2
2016-11-02,6150.0,19.5
2016-11-03,6151.0,17.4
2016-11-04,6152.0,20.4
2016-11-05,6153.0,23.6
2016-11-06,6154.0,25.2
2016-11-07,6155.0,26.2
2016-11-08,6156.0,24.4
2016-11-09,6157.0,25.4
2016-11-10,6158.0,25.2
2016-11-11,6159.0,21.2
2016-11-12,6160.0,23.4
2016-11-13,6161.0,23.9
2016-11-14,6162.0,25.2
2016-11-15,6163.0,23.9
2016-11-16,6164.0,23.8
2016-11-17,6165.0,22.9
2016-11-18,6166.0,18.3
2016-11-19,6167.0,20.0
2016-11-20,6168.0,22.6
2016-11-21,6169.0,25.3
2016-11-22,6170.0,24.3
2016-11-23,6171.0,23.1
2016-11-24,6172.0,24.9
2016-11-25,6173.0,23.0
2016-11-26,6174.0,26.5
2016-11-27,6175.0,26.0
2016-11-28,6176.0,24.5
2016-11-29,6177.0,24.5
2016-11-30,6178.0,23.7
2016-12-01,6179.0,24.8
2016-12-02,6180.0,26.0
2016-12-03,6181.0,24.0
2016-12-04,6182.0,24.0
2016-12-05,6183.0,24.4
2016-12-06,6184.0,23.8
2016-12-07,6185.0,25.0
2016-12-08,6186.0,23.5
2016-12-09,6187.0,22.5
2016-12-10,6188.0,25.7
2016-12-11,6189.0,25.2
2016-12-12,6190.0,25.3
2016-12-13,6191.0,26.7
2016-12-14,6192.0,23.2
2016-12-15,6193.0,22.8
2016-12-16,6194.0,24.9
2016-12-17,6195.0,25.7
2016-12-18,6196.0,25.2
2016-12-19,6197.0,23.2
2016-12-20,6198.0,23.6
2016-12-21,6199.0,25.4
2016-12-22,6200.0,25.3
2016-12-23,6201.0,25.7
2016-12-24,6202.0,26.6
2016-12-25,6203.0,28.7
2016-12-26,6204.0,29.3
2016-12-27,6205.0,28.8
2016-12-28,6206.0,27.0
2016-12-29,6207.0,27.0
2016-12-30,6208.0,24.8
2016-12-31,6209.0,27.2
2017-01-01,6210.0,26.1
2017-01-02,6211.0,27.6
2017-01-03,6212.0,28.3
2017-01-04,6213.0,29.2
2017-01-05,6214.0,25.3
2017-01-06,6215.0,26.1
2017-01-07,6216.0,26.4
2017-01-08,6217.0,29.0
2017-01-09,6218.0,29.9
2017-01-10,6219.0,26.3
2017-01-11,6220.0,26.9
2017-01-12,6221.0,28.3
2017-01-13,6222.0,28.5
2017-01-14,6223.0,28.2
2017-01-15,6224.0,28.3
2017-01-16,6225.0,26.3
2017-01-17,6226.0,25.8
2017-01-18,6227.0,27.3
2017-01-19,6228.0,27.9
2017-01-20,6229.0,28.4
2017-01-21,6230.0,26.9
2017-01-22,6231.0,26.3
2017-01-23,6232.0,26.7
2017-01-24,6233.0,26.5
2017-01-25,6234.0,26.6
2017-01-26,6235.0,25.0
2017-01-27,6236.0,22.8
2017-01-28,6237.0,25.0
2017-01-29,6238.0,27.5
2017-01-30,6239.0,26.5
2017-01-31,6240.0,23.8
2017-02-01,6241.0,24.0
2017-02-02,6242.0,24.4
2017-02-03,6243.0,26.9
2017-02-04,6244.0,29.2
2017-02-05,6245.0,23.4
2017-02-06,6246.0,24.7
2017-02-07,6247.0,24.7
2017-02-08,6248.0,26.8
2017-02-09,6249.0,24.3
2017-02-10,6250.0,23.9
2017-02-11,6251.0,24.4
2017-02-12,6252.0,25.3
2017-02-13,6253.0,25.3
2017-02-14,6254.0,24.7
2017-02-15,6255.0,26.7
2017-02-16,6256.0,28.7
2017-02-17,6257.0,27.6
2017-02-18,6258.0,28.6
2017-02-19,6259.0,28.2
2017-02-20,6260.0,28.6
2017-02-21,6261.0,28.9
2017-02-22,6262.0,27.2
2017-02-23,6263.0,23.5
2017-02-24,6264.0,25.8
2017-02-25,6265.0,27.4
2017-02-26,6266.0,27.3
2017-02-27,6267.0,27.1
2017-02-28,6268.0,25.0
2017-03-01,6269.0,25.2
2017-03-02,6270.0,26.1
2017-03-03,6271.0,27.0
2017-03-04,6272.0,26.1
2017-03-05,6273.0,27.1
2017-03-06,6274.0,27.3
2017-03-07,6275.0,28.3
2017-03-08,6276.0,29.7
2017-03-09,6277.0,30.3
2017-03-10,6278.0,27.4
2017-03-11,6279.0,26.8
2017-03-12,6280.0,26.4
2017-03-13,6281.0,22.1
2017-03-14,6282.0,24.0
2017-03-15,6283.0,28.6
2017-03-16,6284.0,23.0
2017-03-17,6285.0,21.3
2017-03-18,6286.0,21.9
2017-03-19,6287.0,24.4
2017-03-20,6288.0,24.7
2017-03-21,6289.0,24.4
2017-03-22,6290.0,24.4
2017-03-23,6291.0,25.5
2017-03-24,6292.0,25.2
2017-03-25,6293.0,25.6
2017-03-26,6294.0,23.3
2017-03-27,6295.0,23.8
2017-03-28,6296.0,24.8
2017-03-29,6297.0,25.1
2017-03-30,6298.0,24.4
2017-03-31,6299.0,23.8
2017-04-01,6300.0,22.4
2017-04-02,6301.0,22.4
2017-04-03,6302.0,23.9
2017-04-04,6303.0,23.3
2017-04-05,6304.0,22.0
2017-04-06,6305.0,22.5
2017-04-07,6306.0,24.4
2017-04-08,6307.0,25.6
2017-04-09,6308.0,26.0
2017-04-10,6309.0,25.9
2017-04-11,6310.0,21.3
2017-04-12,6311.0,20.4
2017-04-13,6312.0,21.9
2017-04-14,6313.0,24.6
2017-04-15,6314.0,25.8
2017-04-16,6315.0,21.8
2017-04-17,6316.0,22.5
2017-04-18,6317.0,23.6
2017-04-19,6318.0,24.2
2017-04-20,6319.0,20.6
2017-04-21,6320.0,20.1
2017-04-22,6321.0,19.9
2017-04-23,6322.0,20.4
2017-04-24,6323.0,23.5
2017-04-25,6324.0,24.3
2017-04-26,6325.0,18.2
2017-04-27,6326.0,12.8
2017-04-28,6327.0,14.5
2017-04-29,6328.0,16.5
2017-04-30,6329.0,18.7
2017-05-01,6330.0,20.4
2017-05-02,6331.0,21.8
2017-05-03,6332.0,21.1
2017-05-04,6333.0,21.4
2017-05-05,6334.0,22.3
2017-05-06,6335.0,21.7
2017-05-07,6336.0,22.8
2017-05-08,6337.0,21.642857142857142
2017-05-09,6338.0,26.6
2017-05-10,6339.0,22.4
2017-05-11,6340.0,22.2
2017-05-12,6341.0,22.7
2017-05-13,6342.0,20.3
2017-05-14,6343.0,16.9
2017-05-15,6344.0,17.0
2017-05-16,6345.0,16.5
2017-05-17,6346.0,19.4
2017-05-18,6347.0,19.3
2017-05-19,6348.0,20.3
2017-05-20,6349.0,18.9
2017-05-21,6350.0,15.6
2017-05-22,6351.0,17.4
2017-05-23,6352.0,21.1
2017-05-24,6353.0,22.8
2017-05-25,6354.0,24.6
2017-05-26,6355.0,24.5
2017-05-27,6356.0,21.7
2017-05-28,6357.0,18.2
2017-05-29,6358.0,17.7
2017-05-30,6359.0,19.3
2017-05-31,6360.0,15.5
2017-06-01,6361.0,13.0
2017-06-02,6362.0,14.1
2017-06-03,6363.0,17.3
2017-06-04,6364.0,21.8
2017-06-05,6365.0,21.0
2017-06-06,6366.0,18.5
2017-06-07,6367.0,20.7
2017-06-08,6368.0,17.4
2017-06-09,6369.0,10.9
2017-06-10,6370.0,9.6
2017-06-11,6371.0,11.7
2017-06-12,6372.0,14.5
2017-06-13,6373.0,17.0
2017-06-14,6374.0,18.3
2017-06-15,6375.0,19.5
2017-06-16,6376.0,20.5
2017-06-17,6377.0,22.4
2017-06-18,6378.0,20.2
2017-06-19,6379.0,9.4
2017-06-20,6380.0,9.7
2017-06-21,6381.0,16.9
2017-06-22,6382.0,19.2
2017-06-23,6383.0,20.0
2017-06-24,6384.0,19.5
2017-06-25,6385.0,19.6
2017-06-26,6386.0,20.4
2017-06-27,6387.0,19.2
2017-06-28,6388.0,19.0
2017-06-29,6389.0,18.0
2017-06-30,6390.0,17.6
2017-07-01,6391.0,17.9
2017-07-02,6392.0,15.3
2017-07-03,6393.0,15.9
2017-07-04,6394.0,16.9
2017-07-05,6395.0,17.2
2017-07-06,6396.0,16.9
2017-07-07,6397.0,16.5
2017-07-08,6398.0,17.6
2017-07-09,6399.0,17.1
2017-07-10,6400.0,17.4
2017-07-11,6401.0,18.7
2017-07-12,6402.0,18.5
2017-07-13,6403.0,19.3
2017-07-14,6404.0,20.9
2017-07-15,6405.0,22.1
2017-07-16,6406.0,18.3
2017-07-17,6407.0,5.5
2017-07-18,6408.0,4.5
2017-07-19,6409.0,7.3
2017-07-20,6410.0,9.7
2017-07-21,6411.0,13.0
2017-07-22,6412.0,14.7
2017-07-23,6413.0,18.0
2017-07-24,6414.0,20.6
2017-07-25,6415.0,18.5
2017-07-26,6416.0,18.0
2017-07-27,6417.0,18.1
2017-07-28,6418.0,18.7
2017-07-29,6419.0,19.8
2017-07-30,6420.0,18.5
2017-07-31,6421.0,19.2
2017-08-01,6422.0,20.4
2017-08-02,6423.0,16.9
2017-08-03,6424.0,14.6
2017-08-04,6425.0,14.0
2017-08-05,6426.0,15.9
2017-08-06,6427.0,16.7
2017-08-07,6428.0,17.4
2017-08-08,6429.0,20.4
2017-08-09,6430.0,20.7
2017-08-10,6431.0,22.2
2017-08-11,6432.0,23.3
2017-08-12,6433.0,23.0
2017-08-13,6434.0,16.9
2017-08-14,6435.0,15.6
2017-08-15,6436.0,17.8
2017-08-16,6437.0,19.2
2017-08-17,6438.0,19.0
2017-08-18,6439.0,19.7
2017-08-19,6440.0,21.8
2017-08-20,6441.0,15.6
2017-08-21,6442.0,11.7
2017-08-22,6443.0,15.9
2017-08-23,6444.0,20.5
2017-08-24,6445.0,23.3
2017-08-25,6446.0,23.1
2017-08-26,6447.0,22.0
2017-08-27,6448.0,20.0
2017-08-28,6449.0,22.9
2017-08-29,6450.0,23.4
2017-08-30,6451.0,21.8
2017-08-31,6452.0,19.2
2017-09-01,6453.0,23.1
2017-09-02,6454.0,23.8
2017-09-03,6455.0,24.5
2017-09-04,6456.0,23.9
2017-09-05,6457.0,20.7
2017-09-06,6458.0,21.6
2017-09-07,6459.0,23.0
2017-09-08,6460.0,23.4
2017-09-09,6461.0,25.0
2017-09-10,6462.0,27.9
2017-09-11,6463.0,20.6
2017-09-12,6464.0,22.6
2017-09-13,6465.0,26.5
2017-09-14,6466.0,25.3
2017-09-15,6467.0,20.6
2017-09-16,6468.0,17.0
2017-09-17,6469.0,17.7
2017-09-18,6470.0,19.2
2017-09-19,6471.0,24.4
2017-09-20,6472.0,25.6
2017-09-21,6473.0,24.7
2017-09-22,6474.0,24.6
2017-09-23,6475.0,22.1
2017-09-24,6476.0,22.9
2017-09-25,6477.0,22.2
2017-09-26,6478.0,24.0
2017-09-27,6479.0,24.4
2017-09-28,6480.0,22.4
2017-09-29,6481.0,19.9
2017-09-30,6482.0,22.2
2017-10-01,6483.0,22.2
2017-10-02,6484.0,16.5
2017-10-03,6485.0,17.6
2017-10-04,6486.0,18.9
2017-10-05,6487.0,24.7
2017-10-06,6488.0,25.0
2017-10-07,6489.0,21.0
2017-10-08,6490.0,20.1
2017-10-09,6491.0,20.0
2017-10-10,6492.0,22.0
2017-10-11,6493.0,24.8
2017-10-12,6494.0,25.0
2017-10-13,6495.0,20.5
2017-10-14,6496.0,17.8
2017-10-15,6497.0,20.1
2017-10-16,6498.0,24.3
2017-10-17,6499.0,26.1
2017-10-18,6500.0,28.4
2017-10-19,6501.0,21.9
2017-10-20,6502.0,22.0
2017-10-21,6503.0,22.2
2017-10-22,6504.0,18.7
2017-10-23,6505.0,18.0
2017-10-24,6506.0,22.5
2017-10-25,6507.0,19.8
2017-10-26,6508.0,18.3
2017-10-27,6509.0,19.3
2017-10-28,6510.0,20.5
2017-10-29,6511.0,22.3
2017-10-30,6512.0,20.6
2017-10-31,6513.0,22.4
2017-11-01,6514.0,21.6
2017-11-02,6515.0,24.5
2017-11-03,6516.0,20.8
2017-11-04,6517.0,19.1
2017-11-05,6518.0,21.1
2017-11-06,6519.0,23.1
2017-11-07,6520.0,24.5
2017-11-08,6521.0,22.6
2017-11-09,6522.0,24.7
2017-11-10,6523.0,21.1
2017-11-11,6524.0,20.6
2017-11-12,6525.0,20.8
2017-11-13,6526.0,21.0
2017-11-14,6527.0,22.6
2017-11-15,6528.0,24.5
2017-11-16,6529.0,24.5
2017-11-17,6530.0,23.0
2017-11-18,6531.0,21.3
2017-11-19,6532.0,19.7
2017-11-20,6533.0,21.0
2017-11-21,6534.0,21.7
2017-11-22,6535.0,20.3
2017-11-23,6536.0,20.4
2017-11-24,6537.0,23.4
2017-11-25,6538.0,21.6
2017-11-26,6539.0,18.6
2017-11-27,6540.0,20.6
2017-11-28,6541.0,23.7
2017-11-29,6542.0,25.1
2017-11-30,6543.0,24.5
2017-12-01,6544.0,24.629
2017-12-02,6545.0,25.355
2017-12-03,6546.0,25.921
2017-12-04,6547.0,26.688
2017-12-05,6548.0,27.9
2017-12-06,6549.0,25.869
2017-12-07,6550.0,24.491
2017-12-08,6551.0,26.228
2017-12-09,6552.0,26.03
2017-12-10,6553.0,26.384
2017-12-11,6554.0,25.086
2017-12-12,6555.0,23.879
2017-12-13,6556.0,25.986
2017-12-14,6557.0,27.259
2017-12-15,6558.0,27.628
2017-12-16,6559.0,27.733
2017-12-17,6560.0,26.065
2017-12-18,6561.0,26.125
2017-12-19,6562.0,27.049
2017-12-20,6563.0,23.222
2017-12-21,6564.0,25.651
2017-12-22,6565.0,24.833
2017-12-23,6566.0,24.06
2017-12-24,6567.0,22.96
2017-12-25,6568.0,24.183
2017-12-26,6569.0,24.771
2017-12-27,6570.0,23.935
2017-12-28,6571.0,24.946
2017-12-29,6572.0,25.651
2017-12-30,6573.0,26.427
2017-12-31,6574.0,28.024
2018-01-01,6575.0,25.516
2018-01-02,6576.0,22.906
2018-01-03,6577.0,24.268
2018-01-04,6578.0,24.638
2018-01-05,6579.0,26.277
2018-01-06,6580.0,24.131
2018-01-07,6581.0,25.281
2018-01-08,6582.0,26.0
2018-01-09,6583.0,23.88
2018-01-10,6584.0,23.3
2018-01-11,6585.0,24.08
2018-01-12,6586.0,24.386
2018-01-13,6587.0,23.89
2018-01-14,6588.0,22.622
2018-01-15,6589.0,23.513
2018-01-16,6590.0,24.946
2018-01-17,6591.0,25.963
2018-01-18,6592.0,23.815
2018-01-19,6593.0,24.489
2018-01-20,6594.0,25.572
2018-01-21,6595.0,24.591
2018-01-22,6596.0,24.101
2018-01-23,6597.0,27.159
2018-01-24,6598.0,24.509
2018-01-25,6599.0,25.818
2018-01-26,6600.0,26.119
2018-01-27,6601.0,26.294
2018-01-28,6602.0,26.156
2018-01-29,6603.0,25.788
2018-01-30,6604.0,26.474
2018-01-31,6605.0,26.63
2018-02-01,6606.0,25.891
2018-02-02,6607.0,27.541
2018-02-03,6608.0,25.964
2018-02-04,6609.0,25.302
2018-02-05,6610.0,25.435
2018-02-06,6611.0,25.7
2018-02-07,6612.0,27.022
2018-02-08,6613.0,26.982
2018-02-09,6614.0,25.278
2018-02-10,6615.0,25.403
2018-02-11,6616.0,25.021
2018-02-12,6617.0,22.339
2018-02-13,6618.0,23.639
2018-02-14,6619.0,25.403
2018-02-15,6620.0,25.356
2018-02-16,6621.0,26.211
2018-02-17,6622.0,21.998
2018-02-18,6623.0,21.43
2018-02-19,6624.0,21.778
2018-02-20,6625.0,23.896
2018-02-21,6626.0,24.301
2018-02-22,6627.0,22.847
2018-02-23,6628.0,23.03
2018-02-24,6629.0,24.985
2018-02-25,6630.0,25.001
2018-02-26,6631.0,25.922
2018-02-27,6632.0,24.781
2018-02-28,6633.0,23.717
2018-03-01,6634.0,24.321
2018-03-02,6635.0,25.523
2018-03-03,6636.0,25.153
2018-03-04,6637.0,23.517
2018-03-05,6638.0,25.059
2018-03-06,6639.0,24.441
2018-03-07,6640.0,23.955
2018-03-08,6641.0,23.093
2018-03-09,6642.0,23.872
2018-03-10,6643.0,26.221
2018-03-11,6644.0,27.258
2018-03-12,6645.0,27.238
2018-03-13,6646.0,27.118
2018-03-14,6647.0,28.156
2018-03-15,6648.0,24.625
2018-03-16,6649.0,24.211
2018-03-17,6650.0,25.769
2018-03-18,6651.0,27.725
2018-03-19,6652.0,26.519
2018-03-20,6653.0,22.788
2018-03-21,6654.0,23.158
2018-03-22,6655.0,23.998
2018-03-23,6656.0,26.576
2018-03-24,6657.0,25.042
2018-03-25,6658.0,19.564
2018-03-26,6659.0,17.695
2018-03-27,6660.0,20.033
2018-03-28,6661.0,22.675
2018-03-29,6662.0,23.503
2018-03-30,6663.0,23.394
2018-03-31,6664.0,23.028
2018-04-01,6665.0,22.813
2018-04-02,6666.0,21.365
2018-04-03,6667.0,21.922
2018-04-04,6668.0,22.221
2018-04-05,6669.0,22.403
2018-04-06,6670.0,22.204
2018-04-07,6671.0,22.616
2018-04-08,6672.0,25.104
2018-04-09,6673.0,24.944
2018-04-10,6674.0,26.818
2018-04-11,6675.0,28.131
2018-04-12,6676.0,27.014
2018-04-13,6677.0,29.315
2018-04-14,6678.0,26.057
2018-04-15,6679.0,24.1
2018-04-16,6680.0,24.011
2018-04-17,6681.0,23.067
2018-04-18,6682.0,22.341
2018-04-19,6683.0,23.159
2018-04-20,6684.0,23.809
2018-04-21,6685.0,24.263
2018-04-22,6686.0,24.161
2018-04-23,6687.0,23.527
2018-04-24,6688.0,23.407
2018-04-25,6689.0,23.31
2018-04-26,6690.0,23.028
2018-04-27,6691.0,22.76
2018-04-28,6692.0,23.532
2018-04-29,6693.0,23.699
2018-04-30,6694.0,23.876
2018-05-01,6695.0,23.3
2018-05-02,6696.0,24.1
2018-05-03,6697.0,23.9
2018-05-04,6698.0,23.1
2018-05-05,6699.0,20.7
2018-05-06,6700.0,21.4
2018-05-07,6701.0,23.2
2018-05-08,6702.0,22.7
2018-05-09,6703.0,22.4
2018-05-10,6704.0,23.7
2018-05-11,6705.0,20.2
2018-05-12,6706.0,18.0
2018-05-13,6707.0,17.2
2018-05-14,6708.0,20.3
2018-05-15,6709.0,21.2
2018-05-16,6710.0,19.2
2018-05-17,6711.0,20.5
2018-05-18,6712.0,20.9
2018-05-19,6713.0,14.6
2018-05-20,6714.0,11.8
2018-05-21,6715.0,12.3
2018-05-22,6716.0,12.1
2018-05-23,6717.0,12.5
2018-05-24,6718.0,15.4
2018-05-25,6719.0,17.4
2018-05-26,6720.0,19.8
2018-05-27,6721.0,20.4
2018-05-28,6722.0,20.5
2018-05-29,6723.0,19.7
2018-05-30,6724.0,20.6
2018-05-31,6725.0,19.9
2018-06-01,6726.0,17.4
2018-06-02,6727.0,13.0
2018-06-03,6728.0,12.2
2018-06-04,6729.0,12.4
2018-06-05,6730.0,11.4
2018-06-06,6731.0,11.5
2018-06-07,6732.0,11.6
2018-06-08,6733.0,11.0
2018-06-09,6734.0,17.0
2018-06-10,6735.0,22.0
2018-06-11,6736.0,23.4
2018-06-12,6737.0,20.3
2018-06-13,6738.0,10.4
2018-06-14,6739.0,7.0
2018-06-15,6740.0,9.3
2018-06-16,6741.0,9.1
2018-06-17,6742.0,9.7
2018-06-18,6743.0,11.5
2018-06-19,6744.0,14.9
2018-06-20,6745.0,16.7
2018-06-21,6746.0,18.8
2018-06-22,6747.0,18.1
2018-06-23,6748.0,19.4
2018-06-24,6749.0,19.6
2018-06-25,6750.0,15.8
2018-06-26,6751.0,14.1
2018-06-27,6752.0,18.3
2018-06-28,6753.0,18.6
2018-06-29,6754.0,20.1
2018-06-30,6755.0,19.5
2018-07-01,6756.0,19.6
2018-07-02,6757.0,20.4
2018-07-03,6758.0,18.1
2018-07-04,6759.0,16.6
2018-07-05,6760.0,19.0
2018-07-06,6761.0,20.0
2018-07-07,6762.0,20.6
2018-07-08,6763.0,13.3
2018-07-09,6764.0,10.8
2018-07-10,6765.0,10.5
2018-07-11,6766.0,11.3
2018-07-12,6767.0,13.2
2018-07-13,6768.0,16.4
2018-07-14,6769.0,17.9
2018-07-15,6770.0,19.8
2018-07-16,6771.0,21.0
2018-07-17,6772.0,21.1
2018-07-18,6773.0,20.0
2018-07-19,6774.0,20.4
2018-07-20,6775.0,17.3
2018-07-21,6776.0,9.3
2018-07-22,6777.0,12.7
2018-07-23,6778.0,19.0
2018-07-24,6779.0,15.3
2018-07-25,6780.0,17.2
2018-07-26,6781.0,13.8
2018-07-27,6782.0,16.5
2018-07-28,6783.0,19.4
2018-07-29,6784.0,13.2
2018-07-30,6785.0,12.2
2018-07-31,6786.0,12.0
2018-08-01,6787.0,12.5
2018-08-02,6788.0,14.5
2018-08-03,6789.0,16.7
2018-08-04,6790.0,16.7
2018-08-05,6791.0,11.4
2018-08-06,6792.0,11.1
2018-08-07,6793.0,14.1
2018-08-08,6794.0,16.1
2018-08-09,6795.0,9.6
2018-08-10,6796.0,11.1
2018-08-11,6797.0,11.1
2018-08-12,6798.0,13.7
2018-08-13,6799.0,15.9
2018-08-14,6800.0,17.2
2018-08-15,6801.0,17.9
2018-08-16,6802.0,17.7
2018-08-17,6803.0,18.7
2018-08-18,6804.0,18.4
2018-08-19,6805.0,19.4
2018-08-20,6806.0,10.0
2018-08-21,6807.0,7.6
2018-08-22,6808.0,9.7
2018-08-23,6809.0,16.8
2018-08-24,6810.0,19.7
2018-08-25,6811.0,12.2
2018-08-26,6812.0,9.5
2018-08-27,6813.0,12.3
2018-08-28,6814.0,17.7
2018-08-29,6815.0,21.7
2018-08-30,6816.0,22.9
2018-08-31,6817.0,21.3
2018-09-01,6818.0,16.022
2018-09-02,6819.0,11.79
2018-09-03,6820.0,13.751
2018-09-04,6821.0,15.408
2018-09-05,6822.0,14.568
2018-09-06,6823.0,16.918
2018-09-07,6824.0,17.866
2018-09-08,6825.0,19.057
2018-09-09,6826.0,19.679
2018-09-10,6827.0,19.848
2018-09-11,6828.0,20.99
2018-09-12,6829.0,22.572
2018-09-13,6830.0,17.807
2018-09-14,6831.0,18.67
2018-09-15,6832.0,20.238
2018-09-16,6833.0,16.893
2018-09-17,6834.0,19.877
2018-09-18,6835.0,18.206
2018-09-19,6836.0,19.686
2018-09-20,6837.0,18.853
2018-09-21,6838.0,21.381
2018-09-22,6839.0,24.182
2018-09-23,6840.0,26.496
2018-09-24,6841.0,23.286
2018-09-25,6842.0,20.401
2018-09-26,6843.0,20.75
2018-09-27,6844.0,19.918
2018-09-28,6845.0,22.241
2018-09-29,6846.0,24.464
2018-09-30,6847.0,21.353
2018-10-01,6848.0,24.5
2018-10-02,6849.0,21.4
2018-10-03,6850.0,20.9
2018-10-04,6851.0,20.9
2018-10-05,6852.0,19.0
2018-10-06,6853.0,18.7
2018-10-07,6854.0,19.0
2018-10-08,6855.0,21.6
2018-10-09,6856.0,20.8
2018-10-10,6857.0,21.9
2018-10-11,6858.0,22.6
2018-10-12,6859.0,24.1
2018-10-13,6860.0,21.2
2018-10-14,6861.0,20.3
2018-10-15,6862.0,19.3
2018-10-16,6863.0,22.0
2018-10-17,6864.0,22.7
2018-10-18,6865.0,20.1
2018-10-19,6866.0,20.7
2018-10-20,6867.0,22.4
2018-10-21,6868.0,22.2
2018-10-22,6869.0,22.3
2018-10-23,6870.0,20.5
2018-10-24,6871.0,19.7
2018-10-25,6872.0,21.2
2018-10-26,6873.0,21.0
2018-10-27,6874.0,18.9
2018-10-28,6875.0,19.6
2018-10-29,6876.0,21.4
2018-10-30,6877.0,25.0
2018-10-31,6878.0,21.6
2018-11-01,6879.0,20.1
2018-11-02,6880.0,23.3
2018-11-03,6881.0,22.6
2018-11-04,6882.0,22.6
2018-11-05,6883.0,24.3
2018-11-06,6884.0,24.8
2018-11-07,6885.0,25.8
2018-11-08,6886.0,25.0
2018-11-09,6887.0,24.1
2018-11-10,6888.0,24.6
2018-11-11,6889.0,25.7
2018-11-12,6890.0,26.5
2018-11-13,6891.0,28.0
2018-11-14,6892.0,23.0
2018-11-15,6893.0,23.7
2018-11-16,6894.0,25.6
2018-11-17,6895.0,27.0
2018-11-18,6896.0,21.4
2018-11-19,6897.0,21.5
2018-11-20,6898.0,23.7
2018-11-21,6899.0,23.7
2018-11-22,6900.0,25.3
2018-11-23,6901.0,24.7
2018-11-24,6902.0,22.4
2018-11-25,6903.0,23.5
2018-11-26,6904.0,24.7
2018-11-27,6905.0,25.8
2018-11-28,6906.0,25.0
2018-11-29,6907.0,24.5
2018-11-30,6908.0,24.1
2018-12-01,6909.0,23.8
2018-12-02,6910.0,21.1
2018-12-03,6911.0,20.7
2018-12-04,6912.0,21.6
2018-12-05,6913.0,23.4
2018-12-06,6914.0,25.3
2018-12-07,6915.0,22.5
2018-12-08,6916.0,21.1
2018-12-09,6917.0,23.2
2018-12-10,6918.0,25.1
2018-12-11,6919.0,27.8
2018-12-12,6920.0,25.8
2018-12-13,6921.0,26.6
2018-12-14,6922.0,28.6
2018-12-15,6923.0,25.4
2018-12-16,6924.0,26.9
2018-12-17,6925.0,27.7
2018-12-18,6926.0,27.8
2018-12-19,6927.0,26.0
2018-12-20,6928.0,26.4
2018-12-21,6929.0,24.6
2018-12-22,6930.0,24.0
2018-12-23,6931.0,25.0
2018-12-24,6932.0,26.3
2018-12-25,6933.0,25.7
2018-12-26,6934.0,26.2
2018-12-27,6935.0,25.4
2018-12-28,6936.0,26.9
2018-12-29,6937.0,26.2
2018-12-30,6938.0,26.9
2018-12-31,6939.0,28.5
2019-01-01,6940.0,28.7
2019-01-02,6941.0,27.3
2019-01-03,6942.0,29.3
2019-01-04,6943.0,26.6
2019-01-05,6944.0,26.4
2019-01-06,6945.0,27.3
2019-01-07,6946.0,24.2
2019-01-08,6947.0,25.6
2019-01-09,6948.0,27.9
2019-01-10,6949.0,25.4
2019-01-11,6950.0,25.2
2019-01-12,6951.0,24.8
2019-01-13,6952.0,26.3
2019-01-14,6953.0,26.3
2019-01-15,6954.0,25.6
2019-01-16,6955.0,29.2
2019-01-17,6956.0,27.6
2019-01-18,6957.0,27.3
2019-01-19,6958.0,24.0
2019-01-20,6959.0,23.4
2019-01-21,6960.0,26.8
2019-01-22,6961.0,28.6
2019-01-23,6962.0,28.1
2019-01-24,6963.0,27.0
2019-01-25,6964.0,27.8
2019-01-26,6965.0,28.3
2019-01-27,6966.0,27.6
2019-01-28,6967.0,27.5
2019-01-29,6968.0,28.9
2019-01-30,6969.0,29.2
2019-01-31,6970.0,28.6
2019-02-01,6971.0,28.7
2019-02-02,6972.0,26.4
2019-02-03,6973.0,23.0
2019-02-04,6974.0,24.2
2019-02-05,6975.0,24.4
2019-02-06,6976.0,25.2
2019-02-07,6977.0,25.8
2019-02-08,6978.0,27.3
2019-02-09,6979.0,28.0
2019-02-10,6980.0,23.8
2019-02-11,6981.0,27.4
2019-02-12,6982.0,22.5
2019-02-13,6983.0,24.3
2019-02-14,6984.0,25.4
2019-02-15,6985.0,24.5
2019-02-16,6986.0,21.8
2019-02-17,6987.0,22.2
2019-02-18,6988.0,22.9
2019-02-19,6989.0,23.6
2019-02-20,6990.0,25.5
2019-02-21,6991.0,25.9
2019-02-22,6992.0,27.0
2019-02-23,6993.0,27.1
2019-02-24,6994.0,29.1
2019-02-25,6995.0,24.0
2019-02-26,6996.0,21.2
2019-02-27,6997.0,23.1
2019-02-28,6998.0,22.1
2019-03-01,6999.0,22.4
2019-03-02,7000.0,24.1
2019-03-03,7001.0,25.0
2019-03-04,7002.0,26.1
2019-03-05,7003.0,27.0
2019-03-06,7004.0,25.4
2019-03-07,7005.0,23.4
2019-03-08,7006.0,24.3
2019-03-09,7007.0,23.0
2019-03-10,7008.0,24.3
2019-03-11,7009.0,24.0
2019-03-12,7010.0,22.4
2019-03-13,7011.0,22.8
2019-03-14,7012.0,21.9
2019-03-15,7013.0,23.5
2019-03-16,7014.0,23.3
2019-03-17,7015.0,22.3
2019-03-18,7016.0,22.7
2019-03-19,7017.0,22.5
2019-03-20,7018.0,21.8
2019-03-21,7019.0,20.6
2019-03-22,7020.0,21.3
2019-03-23,7021.0,23.3
2019-03-24,7022.0,24.3
2019-03-25,7023.0,23.4
2019-03-26,7024.0,22.1
2019-03-27,7025.0,21.4
2019-03-28,7026.0,24.0
2019-03-29,7027.0,24.5
2019-03-30,7028.0,24.0
2019-03-31,7029.0,23.9
2019-04-01,7030.0,24.5
2019-04-02,7031.0,21.9
2019-04-03,7032.0,23.1
2019-04-04,7033.0,25.0
2019-04-05,7034.0,20.7
2019-04-06,7035.0,18.7
2019-04-07,7036.0,20.0
2019-04-08,7037.0,20.7
2019-04-09,7038.0,21.4
2019-04-10,7039.0,22.3
2019-04-11,7040.0,22.7
2019-04-12,7041.0,23.0
2019-04-13,7042.0,23.0
2019-04-14,7043.0,24.1
2019-04-15,7044.0,24.5
2019-04-16,7045.0,23.8
2019-04-17,7046.0,19.3
2019-04-18,7047.0,20.4
2019-04-19,7048.0,22.5
2019-04-20,7049.0,23.2
2019-04-21,7050.0,20.5
2019-04-22,7051.0,21.6
2019-04-23,7052.0,23.1
2019-04-24,7053.0,24.2
2019-04-25,7054.0,23.0
2019-04-26,7055.0,22.0
2019-04-27,7056.0,21.6
2019-04-28,7057.0,20.0
2019-04-29,7058.0,18.3
2019-04-30,7059.0,20.0
2019-05-01,7060.0,21.3
2019-05-02,7061.0,23.2
2019-05-03,7062.0,24.4
2019-05-04,7063.0,24.0
2019-05-05,7064.0,24.8
2019-05-06,7065.0,22.7
2019-05-07,7066.0,21.9
2019-05-08,7067.0,23.5
2019-05-09,7068.0,21.2
2019-05-10,7069.0,22.6
2019-05-11,7070.0,21.0
2019-05-12,7071.0,16.2
2019-05-13,7072.0,15.8
2019-05-14,7073.0,12.9
2019-05-15,7074.0,16.5
2019-05-16,7075.0,18.2
2019-05-17,7076.0,20.3
2019-05-18,7077.0,19.9
2019-05-19,7078.0,19.4
2019-05-20,7079.0,21.1
2019-05-21,7080.0,21.1
2019-05-22,7081.0,18.9
2019-05-23,7082.0,16.8
2019-05-24,7083.0,15.3
2019-05-25,7084.0,15.3
2019-05-26,7085.0,20.6
2019-05-27,7086.0,23.9
2019-05-28,7087.0,21.5
2019-05-29,7088.0,22.1
2019-05-30,7089.0,22.6
2019-05-31,7090.0,18.8
2019-06-01,7091.0,17.1
2019-06-02,7092.0,17.6
2019-06-03,7093.0,14.4
2019-06-04,7094.0,15.5
2019-06-05,7095.0,15.3
2019-06-06,7096.0,17.8
2019-06-07,7097.0,18.4
2019-06-08,7098.0,18.6
2019-06-09,7099.0,20.2
2019-06-10,7100.0,19.0
2019-06-11,7101.0,19.1
2019-06-12,7102.0,21.3
2019-06-13,7103.0,21.1
2019-06-14,7104.0,20.4
2019-06-15,7105.0,20.8
2019-06-16,7106.0,21.2
2019-06-17,7107.0,21.1
2019-06-18,7108.0,20.4
2019-06-19,7109.0,18.1
2019-06-20,7110.0,16.5
2019-06-21,7111.0,19.0
2019-06-22,7112.0,20.0
2019-06-23,7113.0,19.0
2019-06-24,7114.0,19.5
2019-06-25,7115.0,20.7
2019-06-26,7116.0,11.4
2019-06-27,7117.0,16.1
2019-06-28,7118.0,22.5
2019-06-29,7119.0,23.4
2019-06-30,7120.0,22.1
2019-07-01,7121.0,16.2
2019-07-02,7122.0,17.3
2019-07-03,7123.0,15.2
2019-07-04,7124.0,11.2
2019-07-05,7125.0,9.1
2019-07-06,7126.0,4.8
2019-07-07,7127.0,6.9
2019-07-08,7128.0,10.2
2019-07-09,7129.0,12.8
2019-07-10,7130.0,14.5
2019-07-11,7131.0,17.2
2019-07-12,7132.0,18.1
2019-07-13,7133.0,18.3
2019-07-14,7134.0,19.2
2019-07-15,7135.0,16.4
2019-07-16,7136.0,11.6
2019-07-17,7137.0,12.3
2019-07-18,7138.0,15.2
2019-07-19,7139.0,16.0
2019-07-20,7140.0,19.1
2019-07-21,7141.0,21.2
2019-07-22,7142.0,22.6
2019-07-23,7143.0,22.0
2019-07-24,7144.0,16.5
2019-07-25,7145.0,13.2
2019-07-26,7146.0,10.6
2019-07-27,7147.0,8.8
2019-07-28,7148.0,12.8
2019-07-29,7149.0,18.2
2019-07-30,7150.0,19.1
2019-07-31,7151.0,18.4
2019-08-01,7152.0,20.3
2019-08-02,7153.0,11.1
2019-08-03,7154.0,8.1
2019-08-04,7155.0,9.3
2019-08-05,7156.0,12.2
2019-08-06,7157.0,18.2
2019-08-07,7158.0,21.2
2019-08-08,7159.0,21.6
2019-08-09,7160.0,21.2
2019-08-10,7161.0,12.2
2019-08-11,7162.0,15.1
2019-08-12,7163.0,22.3
2019-08-13,7164.0,15.1
2019-08-14,7165.0,9.9
2019-08-15,7166.0,14.9
2019-08-16,7167.0,19.2
2019-08-17,7168.0,21.4
2019-08-18,7169.0,22.0
2019-08-19,7170.0,17.4
2019-08-20,7171.0,16.3
2019-08-21,7172.0,15.9
2019-08-22,7173.0,16.9
2019-08-23,7174.0,15.9
2019-08-24,7175.0,16.8
2019-08-25,7176.0,18.3
2019-08-26,7177.0,17.9
2019-08-27,7178.0,19.2
2019-08-28,7179.0,20.2
2019-08-29,7180.0,22.0
2019-08-30,7181.0,23.1
2019-08-31,7182.0,20.8
2019-09-01,7183.0,14.8
2019-09-02,7184.0,15.2
2019-09-03,7185.0,19.2
2019-09-04,7186.0,17.6
2019-09-05,7187.0,17.5
2019-09-06,7188.0,20.4
2019-09-07,7189.0,24.1
2019-09-08,7190.0,26.0
2019-09-09,7191.0,26.3
2019-09-10,7192.0,23.9
2019-09-11,7193.0,24.5
2019-09-12,7194.0,16.2
2019-09-13,7195.0,19.0
2019-09-14,7196.0,21.1
2019-09-15,7197.0,26.3
2019-09-16,7198.0,26.6
2019-09-17,7199.0,22.6
2019-09-18,7200.0,19.0
2019-09-19,7201.0,19.1
2019-09-20,7202.0,19.9
2019-09-21,7203.0,20.0
2019-09-22,7204.0,18.9
2019-09-23,7205.0,19.9
2019-09-24,7206.0,22.0
2019-09-25,7207.0,20.0
2019-09-26,7208.0,20.3
2019-09-27,7209.0,21.1
2019-09-28,7210.0,22.0
2019-09-29,7211.0,22.8
2019-09-30,7212.0,26.6
2019-10-01,7213.0,28.2
2019-10-02,7214.0,27.2
2019-10-03,7215.0,23.6
2019-10-04,7216.0,24.1
2019-10-05,7217.0,19.2
2019-10-06,7218.0,18.1
2019-10-07,7219.0,20.9
2019-10-08,7220.0,23.1
2019-10-09,7221.0,23.2
2019-10-10,7222.0,24.1
2019-10-11,7223.0,27.0
2019-10-12,7224.0,28.5
2019-10-13,7225.0,28.1
2019-10-14,7226.0,25.8
2019-10-15,7227.0,24.0
2019-10-16,7228.0,24.6
2019-10-17,7229.0,25.1
2019-10-18,7230.0,22.4
2019-10-19,7231.0,23.9
2019-10-20,7232.0,23.4
2019-10-21,7233.0,19.5
2019-10-22,7234.0,18.8
2019-10-23,7235.0,20.8
2019-10-24,7236.0,23.3
2019-10-25,7237.0,25.6
2019-10-26,7238.0,25.3
2019-10-27,7239.0,25.7
2019-10-28,7240.0,24.8
2019-10-29,7241.0,27.9
2019-10-30,7242.0,29.6
2019-10-31,7243.0,24.1
2019-11-01,7244.0,24.1
2019-11-02,7245.0,26.9
2019-11-03,7246.0,26.7
2019-11-04,7247.0,27.8
2019-11-05,7248.0,23.1
2019-11-06,7249.0,23.2
2019-11-07,7250.0,23.6
2019-11-08,7251.0,25.6
2019-11-09,7252.0,26.4
2019-11-10,7253.0,23.4
2019-11-11,7254.0,26.0
2019-11-12,7255.0,26.7
2019-11-13,7256.0,23.2
2019-11-14,7257.0,23.2
2019-11-15,7258.0,23.9
2019-11-16,7259.0,23.0
2019-11-17,7260.0,24.3
2019-11-18,7261.0,26.1
2019-11-19,7262.0,26.2
2019-11-20,7263.0,27.0
2019-11-21,7264.0,27.7
2019-11-22,7265.0,25.3
2019-11-23,7266.0,26.4
2019-11-24,7267.0,25.4
2019-11-25,7268.0,26.1
2019-11-26,7269.0,24.8
2019-11-27,7270.0,22.0
2019-11-28,7271.0,24.3
2019-11-29,7272.0,25.3
2019-11-30,7273.0,25.8
2019-12-01,7274.0,24.4
2019-12-02,7275.0,24.3
2019-12-03,7276.0,22.4
2019-12-04,7277.0,24.1
2019-12-05,7278.0,21.6
2019-12-06,7279.0,20.8
2019-12-07,7280.0,22.2
2019-12-08,7281.0,21.6
2019-12-09,7282.0,20.5
2019-12-10,7283.0,24.8
2019-12-11,7284.0,25.0
2019-12-12,7285.0,22.9
2019-12-13,7286.0,24.4
2019-12-14,7287.0,26.3
2019-12-15,7288.0,25.0
2019-12-16,7289.0,21.0
2019-12-17,7290.0,21.9
2019-12-18,7291.0,24.0
2019-12-19,7292.0,24.2
2019-12-20,7293.0,24.9
2019-12-21,7294.0,22.3
2019-12-22,7295.0,21.6
2019-12-23,7296.0,22.0
2019-12-24,7297.0,22.7
2019-12-25,7298.0,26.5
2019-12-26,7299.0,27.6
2019-12-27,7300.0,27.5
2019-12-28,7301.0,27.5
2019-12-29,7302.0,27.4
2019-12-30,7303.0,28.0
2019-12-31,7304.0,27.1
2020-01-01,7305.0,26.0
2020-01-02,7306.0,26.4
2020-01-03,7307.0,25.3
2020-01-04,7308.0,25.4
2020-01-05,7309.0,26.0
2020-01-06,7310.0,26.0
2020-01-07,7311.0,25.5
2020-01-08,7312.0,27.1
2020-01-09,7313.0,28.0
2020-01-10,7314.0,28.3
2020-01-11,7315.0,26.1
2020-01-12,7316.0,26.5
2020-01-13,7317.0,26.2
2020-01-14,7318.0,25.4
2020-01-15,7319.0,27.1
2020-01-16,7320.0,25.0
2020-01-17,7321.0,25.4
2020-01-18,7322.0,26.3
2020-01-19,7323.0,27.1
2020-01-20,7324.0,27.0
2020-01-21,7325.0,26.8
2020-01-22,7326.0,22.4
2020-01-23,7327.0,20.1
2020-01-24,7328.0,23.5
2020-01-25,7329.0,24.5
2020-01-26,7330.0,26.0
2020-01-27,7331.0,27.4
2020-01-28,7332.0,26.9
2020-01-29,7333.0,25.8
2020-01-30,7334.0,22.5
2020-01-31,7335.0,25.6
2020-02-01,7336.0,26.3
2020-02-02,7337.0,24.5
2020-02-03,7338.0,24.8
2020-02-04,7339.0,26.4
2020-02-05,7340.0,26.8
2020-02-06,7341.0,27.5
2020-02-07,7342.0,27.6
2020-02-08,7343.0,27.7
2020-02-09,7344.0,27.7
2020-02-10,7345.0,26.9
2020-02-11,7346.0,26.0
2020-02-12,7347.0,26.2
2020-02-13,7348.0,26.6
2020-02-14,7349.0,26.3
2020-02-15,7350.0,27.0
2020-02-16,7351.0,24.8
2020-02-17,7352.0,25.7
2020-02-18,7353.0,27.0
2020-02-19,7354.0,27.0
2020-02-20,7355.0,28.1
2020-02-21,7356.0,24.0
2020-02-22,7357.0,20.1
2020-02-23,7358.0,21.7
2020-02-24,7359.0,25.8
2020-02-25,7360.0,25.3
2020-02-26,7361.0,22.9
2020-02-27,7362.0,21.8
2020-02-28,7363.0,22.6
2020-02-29,7364.0,24.5
2020-03-01,7365.0,24.7
2020-03-02,7366.0,24.4
2020-03-03,7367.0,23.4
2020-03-04,7368.0,23.9
2020-03-05,7369.0,24.4
2020-03-06,7370.0,24.0
2020-03-07,7371.0,24.0
2020-03-08,7372.0,24.9
2020-03-09,7373.0,25.2
2020-03-10,7374.0,26.0
2020-03-11,7375.0,25.9
2020-03-12,7376.0,27.4
2020-03-13,7377.0,28.1
2020-03-14,7378.0,26.9
2020-03-15,7379.0,26.8
2020-03-16,7380.0,27.0
2020-03-17,7381.0,27.8
2020-03-18,7382.0,24.1
2020-03-19,7383.0,22.8
2020-03-20,7384.0,21.9
2020-03-21,7385.0,21.3
2020-03-22,7386.0,23.1
2020-03-23,7387.0,24.3
2020-03-24,7388.0,23.2
2020-03-25,7389.0,23.6
2020-03-26,7390.0,23.6
2020-03-27,7391.0,23.5
2020-03-28,7392.0,23.6
2020-03-29,7393.0,25.5
2020-03-30,7394.0,26.7
2020-03-31,7395.0,27.0
2020-04-01,7396.0,26.7
2020-04-02,7397.0,24.5
2020-04-03,7398.0,18.0
2020-04-04,7399.0,18.3
2020-04-05,7400.0,21.8
2020-04-06,7401.0,21.9
2020-04-07,7402.0,19.5
2020-04-08,7403.0,16.8
2020-04-09,7404.0,16.7
2020-04-10,7405.0,16.7
2020-04-11,7406.0,17.1
2020-04-12,7407.0,18.2
2020-04-13,7408.0,20.6
2020-04-14,7409.0,17.2
2020-04-15,7410.0,13.8
2020-04-16,7411.0,14.5
2020-04-17,7412.0,15.8
2020-04-18,7413.0,17.6
2020-04-19,7414.0,19.6
2020-04-20,7415.0,19.3
2020-04-21,7416.0,20.0
2020-04-22,7417.0,20.2
2020-04-23,7418.0,20.0
2020-04-24,7419.0,20.7
2020-04-25,7420.0,22.5
2020-04-26,7421.0,23.9
2020-04-27,7422.0,23.1
2020-04-28,7423.0,22.9
2020-04-29,7424.0,21.9
2020-04-30,7425.0,22.5
2020-05-01,7426.0,19.8
2020-05-02,7427.0,19.3
2020-05-03,7428.0,16.2
2020-05-04,7429.0,19.8
2020-05-05,7430.0,21.0
2020-05-06,7431.0,15.0
2020-05-07,7432.0,10.9
2020-05-08,7433.0,12.6
2020-05-09,7434.0,15.3
2020-05-10,7435.0,19.1
2020-05-11,7436.0,22.3
2020-05-12,7437.0,19.6
2020-05-13,7438.0,19.9
2020-05-14,7439.0,16.8
2020-05-15,7440.0,12.9
2020-05-16,7441.0,12.7
2020-05-17,7442.0,14.5
2020-05-18,7443.0,16.7
2020-05-19,7444.0,17.9
2020-05-20,7445.0,21.3
2020-05-21,7446.0,24.3
2020-05-22,7447.0,17.6
2020-05-23,7448.0,11.6
2020-05-24,7449.0,11.8
2020-05-25,7450.0,12.5
2020-05-26,7451.0,11.7
2020-05-27,7452.0,12.6
2020-05-28,7453.0,14.6
2020-05-29,7454.0,14.5
2020-05-30,7455.0,15.0
2020-05-31,7456.0,16.6
2020-06-01,7457.0,13.4
2020-06-02,7458.0,11.6
2020-06-03,7459.0,13.5
2020-06-04,7460.0,17.2
2020-06-05,7461.0,15.7
2020-06-06,7462.0,13.3
2020-06-07,7463.0,14.2
2020-06-08,7464.0,18.5
2020-06-09,7465.0,22.4
2020-06-10,7466.0,22.9
2020-06-11,7467.0,24.4
2020-06-12,7468.0,22.9
2020-06-13,7469.0,18.3
2020-06-14,7470.0,13.9
2020-06-15,7471.0,18.5
2020-06-16,7472.0,20.3
2020-06-17,7473.0,21.1
2020-06-18,7474.0,21.4
2020-06-19,7475.0,21.7
2020-06-20,7476.0,21.5
2020-06-21,7477.0,20.7
2020-06-22,7478.0,20.1
2020-06-23,7479.0,21.3
2020-06-24,7480.0,21.7
2020-06-25,7481.0,18.9
2020-06-26,7482.0,11.2
2020-06-27,7483.0,11.8
2020-06-28,7484.0,14.3
2020-06-29,7485.0,17.3
2020-06-30,7486.0,17.1
2020-07-01,7487.0,10.2
2020-07-02,7488.0,8.9
2020-07-03,7489.0,8.7
2020-07-04,7490.0,14.3
2020-07-05,7491.0,19.6
2020-07-06,7492.0,20.0
2020-07-07,7493.0,19.3
2020-07-08,7494.0,11.4
2020-07-09,7495.0,11.2
2020-07-10,7496.0,13.4
2020-07-11,7497.0,20.3
2020-07-12,7498.0,21.5
2020-07-13,7499.0,19.0
2020-07-14,7500.0,13.3
2020-07-15,7501.0,14.8
2020-07-16,7502.0,19.1
2020-07-17,7503.0,19.6
2020-07-18,7504.0,21.0
2020-07-19,7505.0,20.6
2020-07-20,7506.0,20.3
2020-07-21,7507.0,18.9
2020-07-22,7508.0,18.8
2020-07-23,7509.0,18.9
2020-07-24,7510.0,18.6
2020-07-25,7511.0,10.0
2020-07-26,7512.0,12.0
2020-07-27,7513.0,19.0
2020-07-28,7514.0,15.1
2020-07-29,7515.0,9.5
2020-07-30,7516.0,12.1
2020-07-31,7517.0,17.6
2020-08-01,7518.0,18.6
2020-08-02,7519.0,19.1
2020-08-03,7520.0,18.4
2020-08-04,7521.0,18.2
2020-08-05,7522.0,18.5
2020-08-06,7523.0,19.0
2020-08-07,7524.0,18.0
2020-08-08,7525.0,18.6
2020-08-09,7526.0,19.0
2020-08-10,7527.0,19.5
2020-08-11,7528.0,21.0
2020-08-12,7529.0,14.8
2020-08-13,7530.0,14.1
2020-08-14,7531.0,18.4
2020-08-15,7532.0,17.0
2020-08-16,7533.0,18.7
2020-08-17,7534.0,19.8
2020-08-18,7535.0,19.1
2020-08-19,7536.0,17.0
2020-08-20,7537.0,10.2
2020-08-21,7538.0,7.0
2020-08-22,7539.0,9.8
2020-08-23,7540.0,15.1
2020-08-24,7541.0,19.4
2020-08-25,7542.0,20.7
2020-08-26,7543.0,20.3
2020-08-27,7544.0,22.4
2020-08-28,7545.0,22.2
2020-08-29,7546.0,23.0
2020-08-30,7547.0,23.4
2020-08-31,7548.0,22.0
2020-09-01,7549.0,22.0
2020-09-02,7550.0,22.4
2020-09-03,7551.0,17.6
2020-09-04,7552.0,19.0
2020-09-05,7553.0,22.7
2020-09-06,7554.0,24.1
2020-09-07,7555.0,18.2
2020-09-08,7556.0,18.3
2020-09-09,7557.0,22.0
2020-09-10,7558.0,24.4
2020-09-11,7559.0,24.9
2020-09-12,7560.0,25.0
2020-09-13,7561.0,25.1
2020-09-14,7562.0,20.6
2020-09-15,7563.0,20.4
2020-09-16,7564.0,22.6
2020-09-17,7565.0,19.6
2020-09-18,7566.0,20.9
2020-09-19,7567.0,22.7
2020-09-20,7568.0,18.4
2020-09-21,7569.0,18.3
2020-09-22,7570.0,18.5
2020-09-23,7571.0,21.8
2020-09-24,7572.0,22.6
2020-09-25,7573.0,24.1
2020-09-26,7574.0,26.3
2020-09-27,7575.0,27.4
2020-09-28,7576.0,20.4
2020-09-29,7577.0,23.0
2020-09-30,7578.0,27.6
2020-10-01,7579.0,27.8
2020-10-02,7580.0,30.3
2020-10-03,7581.0,27.2
2020-10-04,7582.0,24.2
2020-10-05,7583.0,24.4
2020-10-06,7584.0,24.0
2020-10-07,7585.0,27.2
2020-10-08,7586.0,24.7
2020-10-09,7587.0,21.6
2020-10-10,7588.0,20.6
2020-10-11,7589.0,22.0
2020-10-12,7590.0,23.7
2020-10-13,7591.0,25.5
2020-10-14,7592.0,22.0
2020-10-15,7593.0,22.0
2020-10-16,7594.0,24.2
2020-10-17,7595.0,23.0
2020-10-18,7596.0,23.4
2020-10-19,7597.0,25.9
2020-10-20,7598.0,26.8
2020-10-21,7599.0,27.2
2020-10-22,7600.0,26.7
2020-10-23,7601.0,27.3
2020-10-24,7602.0,26.3
2020-10-25,7603.0,28.0
2020-10-26,7604.0,23.9
2020-10-27,7605.0,21.7
2020-10-28,7606.0,23.0
2020-10-29,7607.0,21.2
2020-10-30,7608.0,22.6
2020-10-31,7609.0,23.4
2020-11-01,7610.0,22.8
2020-11-02,7611.0,22.2
2020-11-03,7612.0,22.4
2020-11-04,7613.0,22.6
2020-11-05,7614.0,20.7
2020-11-06,7615.0,22.2
2020-11-07,7616.0,24.7
2020-11-08,7617.0,24.8
2020-11-09,7618.0,20.8
2020-11-10,7619.0,22.0
2020-11-11,7620.0,24.4
2020-11-12,7621.0,24.1
2020-11-13,7622.0,25.2
2020-11-14,7623.0,25.8
2020-11-15,7624.0,21.9
2020-11-16,7625.0,24.5
2020-11-17,7626.0,24.3
2020-11-18,7627.0,18.2
2020-11-19,7628.0,21.2
2020-11-20,7629.0,22.1
2020-11-21,7630.0,23.5
2020-11-22,7631.0,24.1
2020-11-23,7632.0,25.2
2020-11-24,7633.0,27.3
2020-11-25,7634.0,28.6
2020-11-26,7635.0,24.6
2020-11-27,7636.0,27.3
2020-11-28,7637.0,28.5
2020-11-29,7638.0,25.3
2020-11-30,7639.0,23.3
2020-12-01,7640.0,26.1
2020-12-02,7641.0,28.2
2020-12-03,7642.0,22.2
2020-12-04,7643.0,21.7
2020-12-05,7644.0,21.2
2020-12-06,7645.0,22.6
2020-12-07,7646.0,24.2
2020-12-08,7647.0,24.3
2020-12-09,7648.0,25.0
2020-12-10,7649.0,25.5
2020-12-11,7650.0,27.7
2020-12-12,7651.0,27.9
2020-12-13,7652.0,26.5
2020-12-14,7653.0,24.1
2020-12-15,7654.0,22.0
2020-12-16,7655.0,20.2
2020-12-17,7656.0,23.5
2020-12-18,7657.0,25.8
2020-12-19,7658.0,28.1
2020-12-20,7659.0,23.6
2020-12-21,7660.0,24.0
2020-12-22,7661.0,23.3
2020-12-23,7662.0,24.1
2020-12-24,7663.0,26.5
2020-12-25,7664.0,26.2
2020-12-26,7665.0,26.0
2020-12-27,7666.0,26.4
2020-12-28,7667.0,25.0
2020-12-29,7668.0,23.9
2020-12-30,7669.0,26.7
2020-12-31,7670.0,25.2
2021-01-01,7671.0,25.7
2021-01-02,7672.0,25.6
2021-01-03,7673.0,25.5
2021-01-04,7674.0,25.0
2021-01-05,7675.0,21.9
2021-01-06,7676.0,25.4
2021-01-07,7677.0,23.3
2021-01-08,7678.0,25.1
2021-01-09,7679.0,24.7
2021-01-10,7680.0,24.8
2021-01-11,7681.0,27.3
2021-01-12,7682.0,25.2
2021-01-13,7683.0,24.4
2021-01-14,7684.0,26.5
2021-01-15,7685.0,26.6
2021-01-16,7686.0,26.2
2021-01-17,7687.0,24.0
2021-01-18,7688.0,23.2
2021-01-19,7689.0,22.6
2021-01-20,7690.0,22.7
2021-01-21,7691.0,22.5
2021-01-22,7692.0,23.7
2021-01-23,7693.0,24.6
2021-01-24,7694.0,24.4
2021-01-25,7695.0,23.1
2021-01-26,7696.0,25.0
2021-01-27,7697.0,25.0
2021-01-28,7698.0,24.9
2021-01-29,7699.0,24.4
2021-01-30,7700.0,23.0
2021-01-31,7701.0,20.9
2021-02-01,7702.0,21.2
2021-02-02,7703.0,20.5
2021-02-03,7704.0,24.5
2021-02-04,7705.0,23.5
2021-02-05,7706.0,21.5
2021-02-06,7707.0,20.8
2021-02-07,7708.0,22.1
2021-02-08,7709.0,23.2
2021-02-09,7710.0,23.0
2021-02-10,7711.0,23.4
2021-02-11,7712.0,21.6
2021-02-12,7713.0,22.4
2021-02-13,7714.0,23.9
2021-02-14,7715.0,25.3
2021-02-15,7716.0,25.2
2021-02-16,7717.0,24.4
2021-02-17,7718.0,23.5
2021-02-18,7719.0,22.1
2021-02-19,7720.0,22.8
2021-02-20,7721.0,24.3
2021-02-21,7722.0,25.5
2021-02-22,7723.0,26.8
2021-02-23,7724.0,27.6
2021-02-24,7725.0,25.4
2021-02-25,7726.0,27.3
2021-02-26,7727.0,26.4
2021-02-27,7728.0,27.7
2021-02-28,7729.0,26.7
2021-03-01,7730.0,26.7
2021-03-02,7731.0,25.4
2021-03-03,7732.0,26.0
2021-03-04,7733.0,22.6
2021-03-05,7734.0,23.9
2021-03-06,7735.0,24.7
2021-03-07,7736.0,23.9
2021-03-08,7737.0,24.7
2021-03-09,7738.0,23.8
2021-03-10,7739.0,23.7
2021-03-11,7740.0,23.1
2021-03-12,7741.0,23.5
2021-03-13,7742.0,24.1
2021-03-14,7743.0,25.5
2021-03-15,7744.0,25.6
2021-03-16,7745.0,28.4
2021-03-17,7746.0,22.8
2021-03-18,7747.0,23.4
2021-03-19,7748.0,24.6
2021-03-20,7749.0,26.2
2021-03-21,7750.0,24.0
2021-03-22,7751.0,25.8
2021-03-23,7752.0,24.0
2021-03-24,7753.0,25.2
2021-03-25,7754.0,26.1
2021-03-26,7755.0,26.7
2021-03-27,7756.0,25.9
2021-03-28,7757.0,22.7
2021-03-29,7758.0,21.4
2021-03-30,7759.0,20.0
2021-03-31,7760.0,20.1
2021-04-01,7761.0,19.6
2021-04-02,7762.0,20.5
2021-04-03,7763.0,22.1
2021-04-04,7764.0,23.2
2021-04-05,7765.0,24.2
2021-04-06,7766.0,22.9
2021-04-07,7767.0,23.7
2021-04-08,7768.0,24.6
2021-04-09,7769.0,25.4
2021-04-10,7770.0,24.7
2021-04-11,7771.0,23.1
2021-04-12,7772.0,18.7
2021-04-13,7773.0,21.5
2021-04-14,7774.0,22.7
2021-04-15,7775.0,23.4
2021-04-16,7776.0,20.8
2021-04-17,7777.0,21.4
2021-04-18,7778.0,21.7
2021-04-19,7779.0,21.3
2021-04-20,7780.0,21.0
2021-04-21,7781.0,20.9
2021-04-22,7782.0,20.7
2021-04-23,7783.0,21.8
2021-04-24,7784.0,18.9
2021-04-25,7785.0,18.9
2021-04-26,7786.0,16.8
2021-04-27,7787.0,15.2
2021-04-28,7788.0,15.6
2021-04-29,7789.0,16.0
2021-04-30,7790.0,17.8
2021-05-01,7791.0,18.9
2021-05-02,7792.0,21.2
2021-05-03,7793.0,22.9
2021-05-04,7794.0,22.5
2021-05-05,7795.0,21.4
2021-05-06,7796.0,13.7
2021-05-07,7797.0,12.7
2021-05-08,7798.0,15.3
2021-05-09,7799.0,18.2
2021-05-10,7800.0,19.4
2021-05-11,7801.0,17.3
2021-05-12,7802.0,14.2
2021-05-13,7803.0,14.8
2021-05-14,7804.0,16.7
2021-05-15,7805.0,16.5
2021-05-16,7806.0,18.1
2021-05-17,7807.0,17.7
2021-05-18,7808.0,16.0
2021-05-19,7809.0,15.7
2021-05-20,7810.0,17.8
2021-05-21,7811.0,22.3
2021-05-22,7812.0,17.8
2021-05-23,7813.0,13.0
2021-05-24,7814.0,10.7
2021-05-25,7815.0,11.6
2021-05-26,7816.0,15.6
2021-05-27,7817.0,18.2
2021-05-28,7818.0,22.3
2021-05-29,7819.0,21.8
2021-05-30,7820.0,16.1
2021-05-31,7821.0,14.1
2021-06-01,7822.0,16.8
2021-06-02,7823.0,19.4
2021-06-03,7824.0,20.5
2021-06-04,7825.0,21.4
2021-06-05,7826.0,21.8
2021-06-06,7827.0,17.4
2021-06-07,7828.0,18.0
2021-06-08,7829.0,19.4
2021-06-09,7830.0,19.5
2021-06-10,7831.0,20.0
2021-06-11,7832.0,17.3
2021-06-12,7833.0,13.3
2021-06-13,7834.0,14.3
2021-06-14,7835.0,15.0
2021-06-15,7836.0,14.5
2021-06-16,7837.0,13.4
2021-06-17,7838.0,10.8
2021-06-18,7839.0,12.2
2021-06-19,7840.0,12.6
2021-06-20,7841.0,12.9
2021-06-21,7842.0,13.6
2021-06-22,7843.0,16.2
2021-06-23,7844.0,20.0
2021-06-24,7845.0,18.7
2021-06-25,7846.0,17.4
2021-06-26,7847.0,22.6
2021-06-27,7848.0,10.8
2021-06-28,7849.0,6.6
2021-06-29,7850.0,5.1
2021-06-30,7851.0,6.3
2021-07-01,7852.0,9.9
2021-07-02,7853.0,12.6
2021-07-03,7854.0,12.1
2021-07-04,7855.0,12.8
2021-07-05,7856.0,14.9
2021-07-06,7857.0,16.1
2021-07-07,7858.0,15.5
2021-07-08,7859.0,15.0
2021-07-09,7860.0,14.8
2021-07-10,7861.0,15.7
2021-07-11,7862.0,17.3
2021-07-12,7863.0,15.6
2021-07-13,7864.0,16.5
2021-07-14,7865.0,17.9
2021-07-15,7866.0,16.7
2021-07-16,7867.0,13.1
2021-07-17,7868.0,14.3
2021-07-18,7869.0,8.3
2021-07-19,7870.0,6.2
2021-07-20,7871.0,8.1
2021-07-21,7872.0,14.4
2021-07-22,7873.0,15.0
2021-07-23,7874.0,15.6
2021-07-24,7875.0,18.8
2021-07-25,7876.0,21.2
2021-07-26,7877.0,21.4
2021-07-27,7878.0,12.2
2021-07-28,7879.0,6.7
2021-07-29,7880.0,4.9
2021-07-30,7881.0,7.0
2021-07-31,7882.0,10.0
2021-08-01,7883.0,13.8
2021-08-02,7884.0,12.4
2021-08-03,7885.0,12.0
2021-08-04,7886.0,13.9
2021-08-05,7887.0,17.0
2021-08-06,7888.0,19.5
2021-08-07,7889.0,19.9
2021-08-08,7890.0,18.4
2021-08-09,7891.0,19.9
2021-08-10,7892.0,14.1
2021-08-11,7893.0,13.8
2021-08-12,7894.0,12.6
2021-08-13,7895.0,14.0
2021-08-14,7896.0,16.5
2021-08-15,7897.0,18.1
2021-08-16,7898.0,20.1
2021-08-17,7899.0,21.4
2021-08-18,7900.0,22.1
2021-08-19,7901.0,23.8
2021-08-20,7902.0,21.8
2021-08-21,7903.0,22.1
2021-08-22,7904.0,22.6
2021-08-23,7905.0,22.6
2021-08-24,7906.0,23.0
2021-08-25,7907.0,18.7
2021-08-26,7908.0,13.9
2021-08-27,7909.0,15.1
2021-08-28,7910.0,18.4
2021-08-29,7911.0,21.6
2021-08-30,7912.0,20.9
2021-08-31,7913.0,20.8
2021-09-01,7914.0,21.3
2021-09-02,7915.0,23.2
2021-09-03,7916.0,22.9
2021-09-04,7917.0,22.0
2021-09-05,7918.0,21.6
2021-09-06,7919.0,23.4
2021-09-07,7920.0,26.7
2021-09-08,7921.0,22.2
2021-09-09,7922.0,16.5
2021-09-10,7923.0,15.3
2021-09-11,7924.0,18.7
2021-09-12,7925.0,23.8
2021-09-13,7926.0,28.2
2021-09-14,7927.0,19.4
2021-09-15,7928.0,17.9
2021-09-16,7929.0,17.8
2021-09-17,7930.0,22.0
2021-09-18,7931.0,24.5
2021-09-19,7932.0,26.7
2021-09-20,7933.0,27.7
2021-09-21,7934.0,22.9
2021-09-22,7935.0,21.9
2021-09-23,7936.0,21.1
2021-09-24,7937.0,22.2
2021-09-25,7938.0,20.0
2021-09-26,7939.0,22.8
2021-09-27,7940.0,24.9
2021-09-28,7941.0,24.8
2021-09-29,7942.0,20.1
2021-09-30,7943.0,23.7
2021-10-01,7944.0,21.2
2021-10-02,7945.0,19.1
2021-10-03,7946.0,18.6
2021-10-04,7947.0,19.0
2021-10-05,7948.0,19.9
2021-10-06,7949.0,22.4
2021-10-07,7950.0,20.9
2021-10-08,7951.0,23.3
2021-10-09,7952.0,20.0
2021-10-10,7953.0,20.6
2021-10-11,7954.0,23.1
2021-10-12,7955.0,22.8
2021-10-13,7956.0,24.4
2021-10-14,7957.0,22.8
2021-10-15,7958.0,20.0
2021-10-16,7959.0,18.9
2021-10-17,7960.0,20.0
2021-10-18,7961.0,20.7
2021-10-19,7962.0,21.5
2021-10-20,7963.0,20.5
2021-10-21,7964.0,20.3
2021-10-22,7965.0,22.6
2021-10-23,7966.0,19.4
2021-10-24,7967.0,18.5
2021-10-25,7968.0,19.4
2021-10-26,7969.0,23.2
2021-10-27,7970.0,24.4
2021-10-28,7971.0,25.6
2021-10-29,7972.0,25.8
2021-10-30,7973.0,24.0
2021-10-31,7974.0,23.8
2021-11-01,7975.0,24.2
2021-11-02,7976.0,25.0
2021-11-03,7977.0,25.3
2021-11-04,7978.0,26.4
2021-11-05,7979.0,24.1
2021-11-06,7980.0,24.2
2021-11-07,7981.0,24.8
2021-11-08,7982.0,23.0
2021-11-09,7983.0,25.7
2021-11-10,7984.0,22.5
2021-11-11,7985.0,24.3
2021-11-12,7986.0,24.7
2021-11-13,7987.0,23.6
2021-11-14,7988.0,24.3
2021-11-15,7989.0,25.3
2021-11-16,7990.0,26.0
2021-11-17,7991.0,24.4
2021-11-18,7992.0,21.5
2021-11-19,7993.0,21.8
2021-11-20,7994.0,22.8
2021-11-21,7995.0,24.9
2021-11-22,7996.0,25.7
2021-11-23,7997.0,25.3
2021-11-24,7998.0,27.5
2021-11-25,7999.0,25.7
2021-11-26,8000.0,23.4
2021-11-27,8001.0,23.2
2021-11-28,8002.0,22.0
2021-11-29,8003.0,22.0
2021-11-30,8004.0,22.0
2021-12-01,8005.0,23.7
2021-12-02,8006.0,25.6
2021-12-03,8007.0,24.4
2021-12-04,8008.0,25.6
2021-12-05,8009.0,28.1
2021-12-06,8010.0,26.5
2021-12-07,8011.0,24.9
2021-12-08,8012.0,24.1
2021-12-09,8013.0,23.4
2021-12-10,8014.0,25.2
2021-12-11,8015.0,26.8
2021-12-12,8016.0,27.2
2021-12-13,8017.0,26.6
2021-12-14,8018.0,27.4
2021-12-15,8019.0,29.2
2021-12-16,8020.0,29.7
2021-12-17,8021.0,30.1
2021-12-18,8022.0,29.5
2021-12-19,8023.0,29.3
2021-12-20,8024.0,28.3
2021-12-21,8025.0,29.0
2021-12-22,8026.0,29.9
2021-12-23,8027.0,28.8
2021-12-24,8028.0,25.7
2021-12-25,8029.0,27.0
2021-12-26,8030.0,29.5
2021-12-27,8031.0,28.4
2021-12-28,8032.0,27.8
2021-12-29,8033.0,27.8
2021-12-30,8034.0,26.2
2021-12-31,8035.0,25.8
2022-01-01,8036.0,28.2
2022-01-02,8037.0,28.4
2022-01-03,8038.0,23.3
2022-01-04,8039.0,26.9
2022-01-05,8040.0,27.8
2022-01-06,8041.0,27.3
2022-01-07,8042.0,26.6
2022-01-08,8043.0,25.1
2022-01-09,8044.0,24.0
2022-01-10,8045.0,24.7
2022-01-11,8046.0,26.4
2022-01-12,8047.0,28.6
2022-01-13,8048.0,26.8
2022-01-14,8049.0,27.0
2022-01-15,8050.0,29.3
2022-01-16,8051.0,30.2
2022-01-17,8052.0,29.8
2022-01-18,8053.0,30.8
2022-01-19,8054.0,29.6
2022-01-20,8055.0,29.0
2022-01-21,8056.0,29.9
2022-01-22,8057.0,30.9
2022-01-23,8058.0,32.1
2022-01-24,8059.0,29.9
2022-01-25,8060.0,29.1
2022-01-26,8061.0,28.4
2022-01-27,8062.0,26.0
2022-01-28,8063.0,24.5
2022-01-29,8064.0,24.3
2022-01-30,8065.0,26.3
2022-01-31,8066.0,26.2
2022-02-01,8067.0,28.2
2022-02-02,8068.0,28.5
2022-02-03,8069.0,26.9
2022-02-04,8070.0,26.0
2022-02-05,8071.0,22.7
2022-02-06,8072.0,24.8
2022-02-07,8073.0,21.9
2022-02-08,8074.0,22.0
2022-02-09,8075.0,23.6
2022-02-10,8076.0,25.7
2022-02-11,8077.0,27.2
2022-02-12,8078.0,28.0
2022-02-13,8079.0,27.6
2022-02-14,8080.0,27.0
2022-02-15,8081.0,26.2
2022-02-16,8082.0,26.4
2022-02-17,8083.0,26.4
2022-02-18,8084.0,25.6
2022-02-19,8085.0,26.0
2022-02-20,8086.0,25.4
2022-02-21,8087.0,23.5
2022-02-22,8088.0,26.3
2022-02-23,8089.0,27.3
2022-02-24,8090.0,29.1
2022-02-25,8091.0,26.5
2022-02-26,8092.0,26.7
2022-02-27,8093.0,29.3
2022-02-28,8094.0,29.3
2022-03-01,8095.0,26.6
2022-03-02,8096.0,25.6
2022-03-03,8097.0,24.4
2022-03-04,8098.0,24.8
2022-03-05,8099.0,26.9
2022-03-06,8100.0,27.2
2022-03-07,8101.0,28.7
2022-03-08,8102.0,25.8
2022-03-09,8103.0,27.0
2022-03-10,8104.0,24.4
2022-03-11,8105.0,21.3
2022-03-12,8106.0,21.7
2022-03-13,8107.0,22.9
2022-03-14,8108.0,20.4
2022-03-15,8109.0,22.1
2022-03-16,8110.0,24.4
2022-03-17,8111.0,25.7
2022-03-18,8112.0,24.9
2022-03-19,8113.0,22.0
2022-03-20,8114.0,22.7
2022-03-21,8115.0,23.7
2022-03-22,8116.0,24.6
2022-03-23,8117.0,20.2
2022-03-24,8118.0,22.4
2022-03-25,8119.0,18.7
2022-03-26,8120.0,19.0
2022-03-27,8121.0,20.4
2022-03-28,8122.0,22.1
2022-03-29,8123.0,24.9
2022-03-30,8124.0,21.4
2022-03-31,8125.0,15.7
2022-04-01,8126.0,17.4
2022-04-02,8127.0,21.1
2022-04-03,8128.0,24.3
2022-04-04,8129.0,21.7
2022-04-05,8130.0,20.7
2022-04-06,8131.0,23.6
2022-04-07,8132.0,21.9
2022-04-08,8133.0,21.0
2022-04-09,8134.0,21.6
2022-04-10,8135.0,22.7
2022-04-11,8136.0,20.9
2022-04-12,8137.0,20.6
2022-04-13,8138.0,22.0
2022-04-14,8139.0,18.6
2022-04-15,8140.0,15.6
2022-04-16,8141.0,15.9
2022-04-17,8142.0,17.4
2022-04-18,8143.0,18.3
2022-04-19,8144.0,18.6
2022-04-20,8145.0,20.0
2022-04-21,8146.0,19.0
2022-04-22,8147.0,18.8
2022-04-23,8148.0,19.1
2022-04-24,8149.0,22.5
2022-04-25,8150.0,25.0
2022-04-26,8151.0,25.4
2022-04-27,8152.0,25.8
2022-04-28,8153.0,26.0
2022-04-29,8154.0,21.7
2022-04-30,8155.0,22.3
2022-05-01,8156.0,22.6
2022-05-02,8157.0,22.0
2022-05-03,8158.0,16.2
2022-05-04,8159.0,14.5
2022-05-05,8160.0,18.4
2022-05-06,8161.0,17.7
2022-05-07,8162.0,17.0
2022-05-08,8163.0,17.1
2022-05-09,8164.0,17.7
2022-05-10,8165.0,18.5
2022-05-11,8166.0,15.6
2022-05-12,8167.0,15.1
2022-05-13,8168.0,16.4
2022-05-14,8169.0,15.9
2022-05-15,8170.0,16.8
2022-05-16,8171.0,12.2
2022-05-17,8172.0,10.3
2022-05-18,8173.0,10.3
2022-05-19,8174.0,11.0
2022-05-20,8175.0,10.7
2022-05-21,8176.0,12.1
2022-05-22,8177.0,14.1
2022-05-23,8178.0,16.2
2022-05-24,8179.0,17.7
2022-05-25,8180.0,19.0
2022-05-26,8181.0,20.1
2022-05-27,8182.0,18.3
2022-05-28,8183.0,18.3
2022-05-29,8184.0,20.0
2022-05-30,8185.0,15.1
2022-05-31,8186.0,10.5
2022-06-01,8187.0,9.7
2022-06-02,8188.0,11.0
2022-06-03,8189.0,11.5
2022-06-04,8190.0,15.5
2022-06-05,8191.0,18.5
2022-06-06,8192.0,18.5
2022-06-07,8193.0,16.3
2022-06-08,8194.0,14.1
2022-06-09,8195.0,15.7
2022-06-10,8196.0,14.8
2022-06-11,8197.0,8.1
2022-06-12,8198.0,6.9
2022-06-13,8199.0,8.6
2022-06-14,8200.0,11.6
2022-06-15,8201.0,14.3
2022-06-16,8202.0,17.4
2022-06-17,8203.0,18.6
2022-06-18,8204.0,9.9
2022-06-19,8205.0,11.1
2022-06-20,8206.0,17.0
2022-06-21,8207.0,20.1
2022-06-22,8208.0,22.4
2022-06-23,8209.0,19.0
2022-06-24,8210.0,19.7
2022-06-25,8211.0,18.7
2022-06-26,8212.0,16.5
2022-06-27,8213.0,17.5
2022-06-28,8214.0,18.2
2022-06-29,8215.0,12.8
2022-06-30,8216.0,12.9
2022-07-01,8217.0,16.0
2022-07-02,8218.0,19.1
2022-07-03,8219.0,21.9
2022-07-04,8220.0,20.2
2022-07-05,8221.0,19.3
2022-07-06,8222.0,19.4
2022-07-07,8223.0,18.7
2022-07-08,8224.0,18.9
2022-07-09,8225.0,21.0
2022-07-10,8226.0,20.6
2022-07-11,8227.0,22.7
2022-07-12,8228.0,13.3
2022-07-13,8229.0,13.2
2022-07-14,8230.0,20.7
2022-07-15,8231.0,21.7
2022-07-16,8232.0,17.7
2022-07-17,8233.0,10.5
2022-07-18,8234.0,11.2
2022-07-19,8235.0,17.7
2022-07-20,8236.0,19.5
2022-07-21,8237.0,20.0
2022-07-22,8238.0,19.7
2022-07-23,8239.0,19.7
2022-07-24,8240.0,19.4
2022-07-25,8241.0,20.1
2022-07-26,8242.0,19.9
2022-07-27,8243.0,19.3
2022-07-28,8244.0,20.7
2022-07-29,8245.0,12.2
2022-07-30,8246.0,11.3
2022-07-31,8247.0,13.6
2022-08-01,8248.0,17.8
2022-08-02,8249.0,20.6
2022-08-03,8250.0,21.0
2022-08-04,8251.0,17.9
2022-08-05,8252.0,12.5
2022-08-06,8253.0,11.4
2022-08-07,8254.0,14.2
2022-08-08,8255.0,16.9
2022-08-09,8256.0,13.8
2022-08-10,8257.0,11.7
2022-08-11,8258.0,12.7
2022-08-12,8259.0,16.4
2022-08-13,8260.0,17.2
2022-08-14,8261.0,20.4
2022-08-15,8262.0,23.4
2022-08-16,8263.0,18.1
2022-08-17,8264.0,18.5
2022-08-18,8265.0,14.5
2022-08-19,8266.0,8.3
2022-08-20,8267.0,9.5
2022-08-21,8268.0,14.0
2022-08-22,8269.0,16.5
2022-08-23,8270.0,17.9
2022-08-24,8271.0,19.1
2022-08-25,8272.0,19.4
2022-08-26,8273.0,19.8
2022-08-27,8274.0,20.2
2022-08-28,8275.0,16.9
2022-08-29,8276.0,13.1
2022-08-30,8277.0,15.1
2022-08-31,8278.0,17.5
2022-09-01,8279.0,21.6
2022-09-02,8280.0,19.1
2022-09-03,8281.0,15.8
2022-09-04,8282.0,13.1
2022-09-05,8283.0,13.0
2022-09-06,8284.0,15.3
2022-09-07,8285.0,18.1
2022-09-08,8286.0,22.3
2022-09-09,8287.0,23.8
2022-09-10,8288.0,15.4
2022-09-11,8289.0,15.5
2022-09-12,8290.0,16.7
2022-09-13,8291.0,16.9
2022-09-14,8292.0,17.0
2022-09-15,8293.0,16.2
2022-09-16,8294.0,17.5
2022-09-17,8295.0,19.5
2022-09-18,8296.0,19.8
2022-09-19,8297.0,16.1
2022-09-20,8298.0,18.4
2022-09-21,8299.0,16.4
2022-09-22,8300.0,16.0
2022-09-23,8301.0,12.5
2022-09-24,8302.0,15.5
2022-09-25,8303.0,15.3
2022-09-26,8304.0,16.2
2022-09-27,8305.0,17.6
2022-09-28,8306.0,17.1
2022-09-29,8307.0,17.0
2022-09-30,8308.0,18.6
2022-10-01,8309.0,19.0
2022-10-02,8310.0,19.6
2022-10-03,8311.0,19.0
2022-10-04,8312.0,18.7
2022-10-05,8313.0,18.5
2022-10-06,8314.0,18.6
2022-10-07,8315.0,16.7
2022-10-08,8316.0,18.0
2022-10-09,8317.0,16.6
2022-10-10,8318.0,13.9
2022-10-11,8319.0,14.5
2022-10-12,8320.0,15.3
2022-10-13,8321.0,18.4
2022-10-14,8322.0,21.5
2022-10-15,8323.0,20.9
2022-10-16,8324.0,22.5
2022-10-17,8325.0,23.2
2022-10-18,8326.0,21.7
2022-10-19,8327.0,22.2
2022-10-20,8328.0,18.0
2022-10-21,8329.0,20.6
2022-10-22,8330.0,20.0
2022-10-23,8331.0,22.7
2022-10-24,8332.0,22.3
2022-10-25,8333.0,23.9
2022-10-26,8334.0,25.7
2022-10-27,8335.0,23.3
2022-10-28,8336.0,24.4
2022-10-29,8337.0,22.5
2022-10-30,8338.0,20.6
2022-10-31,8339.0,14.9
2022-11-01,8340.0,13.2
2022-11-02,8341.0,14.8
2022-11-03,8342.0,17.2
2022-11-04,8343.0,18.5
2022-11-05,8344.0,19.5
2022-11-06,8345.0,20.3
2022-11-07,8346.0,21.1
2022-11-08,8347.0,20.1
2022-11-09,8348.0,20.7
2022-11-10,8349.0,22.2
2022-11-11,8350.0,23.1
2022-11-12,8351.0,23.1
2022-11-13,8352.0,20.5
2022-11-14,8353.0,21.5
2022-11-15,8354.0,20.4
2022-11-16,8355.0,21.5
2022-11-17,8356.0,21.9
2022-11-18,8357.0,22.7
2022-11-19,8358.0,23.5
2022-11-20,8359.0,25.6
2022-11-21,8360.0,21.1
2022-11-22,8361.0,21.5
2022-11-23,8362.0,21.0
2022-11-24,8363.0,22.6
2022-11-25,8364.0,23.4
2022-11-26,8365.0,24.2
2022-11-27,8366.0,26.2
2022-11-28,8367.0,25.4
2022-11-29,8368.0,25.9
2022-11-30,8369.0,25.7
2022-12-01,8370.0,25.8
2022-12-02,8371.0,24.3
2022-12-03,8372.0,24.5
2022-12-04,8373.0,25.2
2022-12-05,8374.0,26.1
2022-12-06,8375.0,26.7
2022-12-07,8376.0,28.3
2022-12-08,8377.0,28.1
2022-12-09,8378.0,27.9
2022-12-10,8379.0,28.0
2022-12-11,8380.0,27.1
2022-12-12,8381.0,26.4
2022-12-13,8382.0,25.4
2022-12-14,8383.0,23.1
2022-12-15,8384.0,25.5
2022-12-16,8385.0,26.7
2022-12-17,8386.0,24.4
2022-12-18,8387.0,23.2
2022-12-19,8388.0,23.9
2022-12-20,8389.0,23.8
2022-12-21,8390.0,25.1
2022-12-22,8391.0,25.2
2022-12-23,8392.0,25.5
2022-12-24,8393.0,25.0
2022-12-25,8394.0,24.9
2022-12-26,8395.0,26.1
2022-12-27,8396.0,26.1
2022-12-28,8397.0,24.0
2022-12-29,8398.0,24.6
2022-12-30,8399.0,25.9
2022-12-31,8400.0,27.6
2023-01-01,8401.0,29.7
2023-01-02,8402.0,24.5
2023-01-03,8403.0,22.8
2023-01-04,8404.0,23.4
2023-01-05,8405.0,24.0
2023-01-06,8406.0,24.1
2023-01-07,8407.0,23.8
2023-01-08,8408.0,24.5
2023-01-09,8409.0,24.2
2023-01-10,8410.0,22.7
2023-01-11,8411.0,25.4
2023-01-12,8412.0,26.6
2023-01-13,8413.0,25.2
2023-01-14,8414.0,23.5
2023-01-15,8415.0,23.9
2023-01-16,8416.0,26.4
2023-01-17,8417.0,25.7
2023-01-18,8418.0,24.8
2023-01-19,8419.0,26.0
2023-01-20,8420.0,26.1
2023-01-21,8421.0,25.6
2023-01-22,8422.0,23.0
2023-01-23,8423.0,25.9
2023-01-24,8424.0,27.1
2023-01-25,8425.0,27.7
2023-01-26,8426.0,27.6
2023-01-27,8427.0,27.3
2023-01-28,8428.0,27.3
2023-01-29,8429.0,25.2
2023-01-30,8430.0,25.0
2023-01-31,8431.0,23.9
2023-02-01,8432.0,26.6
2023-02-02,8433.0,27.0
2023-02-03,8434.0,23.1
2023-02-04,8435.0,23.9
2023-02-05,8436.0,24.6
2023-02-06,8437.0,25.2
2023-02-07,8438.0,26.3
2023-02-08,8439.0,26.2
2023-02-09,8440.0,26.5
2023-02-10,8441.0,25.2
2023-02-11,8442.0,25.2
2023-02-12,8443.0,27.9
2023-02-13,8444.0,25.6
2023-02-14,8445.0,24.7
2023-02-15,8446.0,23.6
2023-02-16,8447.0,24.1
2023-02-17,8448.0,22.1
2023-02-18,8449.0,17.2
2023-02-19,8450.0,20.2
2023-02-20,8451.0,19.4
2023-02-21,8452.0,21.9
2023-02-22,8453.0,24.4
2023-02-23,8454.0,22.5
2023-02-24,8455.0,22.9
2023-02-25,8456.0,25.0
2023-02-26,8457.0,24.2
2023-02-27,8458.0,22.7
2023-02-28,8459.0,23.0
2023-03-01,8460.0,23.7
2023-03-02,8461.0,23.2
2023-03-03,8462.0,22.4
2023-03-04,8463.0,25.6
2023-03-05,8464.0,23.8
2023-03-06,8465.0,24.3
2023-03-07,8466.0,24.9
2023-03-08,8467.0,23.9
2023-03-09,8468.0,21.9
2023-03-10,8469.0,24.4
2023-03-11,8470.0,25.7
2023-03-12,8471.0,25.7
2023-03-13,8472.0,24.5
2023-03-14,8473.0,24.3
2023-03-15,8474.0,24.9
2023-03-16,8475.0,25.6
2023-03-17,8476.0,26.0
2023-03-18,8477.0,25.6
2023-03-19,8478.0,25.6
2023-03-20,8479.0,25.6
2023-03-21,8480.0,25.8
2023-03-22,8481.0,26.4
2023-03-23,8482.0,26.3
2023-03-24,8483.0,26.6
2023-03-25,8484.0,24.9
2023-03-26,8485.0,23.8
2023-03-27,8486.0,22.2
2023-03-28,8487.0,24.1
2023-03-29,8488.0,27.0
2023-03-30,8489.0,21.6
2023-03-31,8490.0,23.6
2023-04-01,8491.0,23.8
2023-04-02,8492.0,20.0
2023-04-03,8493.0,22.2
2023-04-04,8494.0,23.6
2023-04-05,8495.0,21.4
2023-04-06,8496.0,19.6
2023-04-07,8497.0,21.2
2023-04-08,8498.0,21.9
2023-04-09,8499.0,22.1
2023-04-10,8500.0,23.3
2023-04-11,8501.0,23.4
2023-04-12,8502.0,22.8
2023-04-13,8503.0,20.6
2023-04-14,8504.0,21.0
2023-04-15,8505.0,21.0
2023-04-16,8506.0,21.6
2023-04-17,8507.0,20.6
2023-04-18,8508.0,19.8
2023-04-19,8509.0,16.4
2023-04-20,8510.0,15.5
2023-04-21,8511.0,16.9
2023-04-22,8512.0,17.6
2023-04-23,8513.0,19.3
2023-04-24,8514.0,22.0
2023-04-25,8515.0,19.7
2023-04-26,8516.0,19.6
2023-04-27,8517.0,18.1
2023-04-28,8518.0,18.2
2023-04-29,8519.0,20.0
2023-04-30,8520.0,21.8
